Sat, 05 May 2018 16:16:24 DEBUG    A debug message
Sat, 05 May 2018 16:16:24 INFO     Some information
Sat, 05 May 2018 16:16:24 WARNING  A shot across the bows
Sat, 05 May 2018 16:16:24 DEBUG    https://api.telegram.org:443 "POST /bot597935817:AAGAbCwCGnHD7yqsGLbPKXj1pNn-NaD8bCs/sendMessage?chat_id=562036772&text=What%27s+your+name HTTP/1.1" 200 279
Sat, 05 May 2018 16:16:24 DEBUG    https://api.telegram.org:443 "POST /bot597935817:AAGAbCwCGnHD7yqsGLbPKXj1pNn-NaD8bCs/sendMessage?chat_id=562036772&text=Write+your+addres+and+city HTTP/1.1" 200 289
Sat, 05 May 2018 16:16:24 DEBUG    https://api.telegram.org:443 "POST /bot597935817:AAGAbCwCGnHD7yqsGLbPKXj1pNn-NaD8bCs/sendMessage?chat_id=562036772&text=How+old+are+you%3F HTTP/1.1" 200 279
Sat, 05 May 2018 16:16:25 DEBUG    https://api.telegram.org:443 "POST /bot597935817:AAGAbCwCGnHD7yqsGLbPKXj1pNn-NaD8bCs/sendMessage?chat_id=562036772&text=Write+essence+of+complaint HTTP/1.1" 200 289
Sat, 05 May 2018 16:16:43 DEBUG    https://api.telegram.org:443 "GET /bot597935817:AAGAbCwCGnHD7yqsGLbPKXj1pNn-NaD8bCs/getUpdates?offset=461431211&timeout=20 HTTP/1.1" 200 23
Sat, 05 May 2018 16:17:03 DEBUG    https://api.telegram.org:443 "GET /bot597935817:AAGAbCwCGnHD7yqsGLbPKXj1pNn-NaD8bCs/getUpdates?offset=461431211&timeout=20 HTTP/1.1" 200 23
Sat, 05 May 2018 16:17:24 DEBUG    https://api.telegram.org:443 "GET /bot597935817:AAGAbCwCGnHD7yqsGLbPKXj1pNn-NaD8bCs/getUpdates?offset=461431211&timeout=20 HTTP/1.1" 200 23
Sat, 05 May 2018 16:17:47 DEBUG    https://api.telegram.org:443 "GET /bot597935817:AAGAbCwCGnHD7yqsGLbPKXj1pNn-NaD8bCs/getUpdates?offset=461431211&timeout=20 HTTP/1.1" 200 23
Sat, 05 May 2018 16:18:08 DEBUG    https://api.telegram.org:443 "GET /bot597935817:AAGAbCwCGnHD7yqsGLbPKXj1pNn-NaD8bCs/getUpdates?offset=461431211&timeout=20 HTTP/1.1" 200 23
Sat, 05 May 2018 16:18:29 DEBUG    https://api.telegram.org:443 "GET /bot597935817:AAGAbCwCGnHD7yqsGLbPKXj1pNn-NaD8bCs/getUpdates?offset=461431211&timeout=20 HTTP/1.1" 200 23
Sat, 05 May 2018 16:18:50 DEBUG    https://api.telegram.org:443 "GET /bot597935817:AAGAbCwCGnHD7yqsGLbPKXj1pNn-NaD8bCs/getUpdates?offset=461431211&timeout=20 HTTP/1.1" 200 23
Sat, 05 May 2018 16:19:10 DEBUG    https://api.telegram.org:443 "GET /bot597935817:AAGAbCwCGnHD7yqsGLbPKXj1pNn-NaD8bCs/getUpdates?offset=461431211&timeout=20 HTTP/1.1" 200 23
Sat, 05 May 2018 16:19:30 DEBUG    https://api.telegram.org:443 "GET /bot597935817:AAGAbCwCGnHD7yqsGLbPKXj1pNn-NaD8bCs/getUpdates?offset=461431211&timeout=20 HTTP/1.1" 200 23
Sat, 05 May 2018 16:19:50 DEBUG    https://api.telegram.org:443 "GET /bot597935817:AAGAbCwCGnHD7yqsGLbPKXj1pNn-NaD8bCs/getUpdates?offset=461431211&timeout=20 HTTP/1.1" 200 23
Sat, 05 May 2018 16:20:10 DEBUG    https://api.telegram.org:443 "GET /bot597935817:AAGAbCwCGnHD7yqsGLbPKXj1pNn-NaD8bCs/getUpdates?offset=461431211&timeout=20 HTTP/1.1" 200 23
Sat, 05 May 2018 16:20:30 DEBUG    https://api.telegram.org:443 "GET /bot597935817:AAGAbCwCGnHD7yqsGLbPKXj1pNn-NaD8bCs/getUpdates?offset=461431211&timeout=20 HTTP/1.1" 200 23
Sat, 05 May 2018 16:20:51 DEBUG    https://api.telegram.org:443 "GET /bot597935817:AAGAbCwCGnHD7yqsGLbPKXj1pNn-NaD8bCs/getUpdates?offset=461431211&timeout=20 HTTP/1.1" 200 23
Sat, 05 May 2018 16:21:11 DEBUG    https://api.telegram.org:443 "GET /bot597935817:AAGAbCwCGnHD7yqsGLbPKXj1pNn-NaD8bCs/getUpdates?offset=461431211&timeout=20 HTTP/1.1" 200 23
Sat, 05 May 2018 16:21:31 DEBUG    https://api.telegram.org:443 "GET /bot597935817:AAGAbCwCGnHD7yqsGLbPKXj1pNn-NaD8bCs/getUpdates?offset=461431211&timeout=20 HTTP/1.1" 200 23
Sat, 05 May 2018 16:21:51 DEBUG    https://api.telegram.org:443 "GET /bot597935817:AAGAbCwCGnHD7yqsGLbPKXj1pNn-NaD8bCs/getUpdates?offset=461431211&timeout=20 HTTP/1.1" 200 23
Sat, 05 May 2018 16:22:11 DEBUG    https://api.telegram.org:443 "GET /bot597935817:AAGAbCwCGnHD7yqsGLbPKXj1pNn-NaD8bCs/getUpdates?offset=461431211&timeout=20 HTTP/1.1" 200 23
Sat, 05 May 2018 16:22:31 DEBUG    https://api.telegram.org:443 "GET /bot597935817:AAGAbCwCGnHD7yqsGLbPKXj1pNn-NaD8bCs/getUpdates?offset=461431211&timeout=20 HTTP/1.1" 200 23
Sat, 05 May 2018 16:22:51 DEBUG    https://api.telegram.org:443 "GET /bot597935817:AAGAbCwCGnHD7yqsGLbPKXj1pNn-NaD8bCs/getUpdates?offset=461431211&timeout=20 HTTP/1.1" 200 23
Sat, 05 May 2018 16:23:11 DEBUG    https://api.telegram.org:443 "GET /bot597935817:AAGAbCwCGnHD7yqsGLbPKXj1pNn-NaD8bCs/getUpdates?offset=461431211&timeout=20 HTTP/1.1" 200 23
Sat, 05 May 2018 16:23:32 DEBUG    https://api.telegram.org:443 "GET /bot597935817:AAGAbCwCGnHD7yqsGLbPKXj1pNn-NaD8bCs/getUpdates?offset=461431211&timeout=20 HTTP/1.1" 200 23
Sat, 05 May 2018 16:23:52 DEBUG    https://api.telegram.org:443 "GET /bot597935817:AAGAbCwCGnHD7yqsGLbPKXj1pNn-NaD8bCs/getUpdates?offset=461431211&timeout=20 HTTP/1.1" 200 23
Sat, 05 May 2018 16:24:12 DEBUG    https://api.telegram.org:443 "GET /bot597935817:AAGAbCwCGnHD7yqsGLbPKXj1pNn-NaD8bCs/getUpdates?offset=461431211&timeout=20 HTTP/1.1" 200 23
Sat, 05 May 2018 16:24:32 DEBUG    https://api.telegram.org:443 "GET /bot597935817:AAGAbCwCGnHD7yqsGLbPKXj1pNn-NaD8bCs/getUpdates?offset=461431211&timeout=20 HTTP/1.1" 200 23
Sat, 05 May 2018 16:24:52 DEBUG    https://api.telegram.org:443 "GET /bot597935817:AAGAbCwCGnHD7yqsGLbPKXj1pNn-NaD8bCs/getUpdates?offset=461431211&timeout=20 HTTP/1.1" 200 23
Sat, 05 May 2018 16:25:16 DEBUG    https://api.telegram.org:443 "GET /bot597935817:AAGAbCwCGnHD7yqsGLbPKXj1pNn-NaD8bCs/getUpdates?offset=461431211&timeout=20 HTTP/1.1" 200 23
Sat, 05 May 2018 16:25:36 DEBUG    https://api.telegram.org:443 "GET /bot597935817:AAGAbCwCGnHD7yqsGLbPKXj1pNn-NaD8bCs/getUpdates?offset=461431211&timeout=20 HTTP/1.1" 200 23
Sat, 05 May 2018 16:25:56 DEBUG    https://api.telegram.org:443 "GET /bot597935817:AAGAbCwCGnHD7yqsGLbPKXj1pNn-NaD8bCs/getUpdates?offset=461431211&timeout=20 HTTP/1.1" 200 23
Sat, 05 May 2018 16:26:17 DEBUG    https://api.telegram.org:443 "GET /bot597935817:AAGAbCwCGnHD7yqsGLbPKXj1pNn-NaD8bCs/getUpdates?offset=461431211&timeout=20 HTTP/1.1" 200 23
Sat, 05 May 2018 16:26:37 DEBUG    https://api.telegram.org:443 "GET /bot597935817:AAGAbCwCGnHD7yqsGLbPKXj1pNn-NaD8bCs/getUpdates?offset=461431211&timeout=20 HTTP/1.1" 200 23
Sat, 05 May 2018 16:26:58 DEBUG    https://api.telegram.org:443 "GET /bot597935817:AAGAbCwCGnHD7yqsGLbPKXj1pNn-NaD8bCs/getUpdates?offset=461431211&timeout=20 HTTP/1.1" 200 23
Sat, 05 May 2018 16:27:18 DEBUG    https://api.telegram.org:443 "GET /bot597935817:AAGAbCwCGnHD7yqsGLbPKXj1pNn-NaD8bCs/getUpdates?offset=461431211&timeout=20 HTTP/1.1" 200 23
Sat, 05 May 2018 16:27:38 DEBUG    https://api.telegram.org:443 "GET /bot597935817:AAGAbCwCGnHD7yqsGLbPKXj1pNn-NaD8bCs/getUpdates?offset=461431211&timeout=20 HTTP/1.1" 200 23
Sat, 05 May 2018 16:27:58 DEBUG    https://api.telegram.org:443 "GET /bot597935817:AAGAbCwCGnHD7yqsGLbPKXj1pNn-NaD8bCs/getUpdates?offset=461431211&timeout=20 HTTP/1.1" 200 23
Sat, 05 May 2018 16:28:18 DEBUG    https://api.telegram.org:443 "GET /bot597935817:AAGAbCwCGnHD7yqsGLbPKXj1pNn-NaD8bCs/getUpdates?offset=461431211&timeout=20 HTTP/1.1" 200 23
Sat, 05 May 2018 16:28:38 DEBUG    https://api.telegram.org:443 "GET /bot597935817:AAGAbCwCGnHD7yqsGLbPKXj1pNn-NaD8bCs/getUpdates?offset=461431211&timeout=20 HTTP/1.1" 200 23
Sat, 05 May 2018 16:28:58 DEBUG    https://api.telegram.org:443 "GET /bot597935817:AAGAbCwCGnHD7yqsGLbPKXj1pNn-NaD8bCs/getUpdates?offset=461431211&timeout=20 HTTP/1.1" 200 23
Sat, 05 May 2018 16:29:18 DEBUG    https://api.telegram.org:443 "GET /bot597935817:AAGAbCwCGnHD7yqsGLbPKXj1pNn-NaD8bCs/getUpdates?offset=461431211&timeout=20 HTTP/1.1" 200 23
Sat, 05 May 2018 16:29:39 DEBUG    https://api.telegram.org:443 "GET /bot597935817:AAGAbCwCGnHD7yqsGLbPKXj1pNn-NaD8bCs/getUpdates?offset=461431211&timeout=20 HTTP/1.1" 200 23
Sat, 05 May 2018 16:29:59 DEBUG    https://api.telegram.org:443 "GET /bot597935817:AAGAbCwCGnHD7yqsGLbPKXj1pNn-NaD8bCs/getUpdates?offset=461431211&timeout=20 HTTP/1.1" 200 23
Sat, 05 May 2018 16:30:19 DEBUG    https://api.telegram.org:443 "GET /bot597935817:AAGAbCwCGnHD7yqsGLbPKXj1pNn-NaD8bCs/getUpdates?offset=461431211&timeout=20 HTTP/1.1" 200 23
Sat, 05 May 2018 16:30:40 DEBUG    https://api.telegram.org:443 "GET /bot597935817:AAGAbCwCGnHD7yqsGLbPKXj1pNn-NaD8bCs/getUpdates?offset=461431211&timeout=20 HTTP/1.1" 200 23
Sat, 05 May 2018 16:31:00 DEBUG    https://api.telegram.org:443 "GET /bot597935817:AAGAbCwCGnHD7yqsGLbPKXj1pNn-NaD8bCs/getUpdates?offset=461431211&timeout=20 HTTP/1.1" 200 23
Sat, 05 May 2018 16:31:21 DEBUG    https://api.telegram.org:443 "GET /bot597935817:AAGAbCwCGnHD7yqsGLbPKXj1pNn-NaD8bCs/getUpdates?offset=461431211&timeout=20 HTTP/1.1" 200 23
Sat, 05 May 2018 16:31:41 DEBUG    https://api.telegram.org:443 "GET /bot597935817:AAGAbCwCGnHD7yqsGLbPKXj1pNn-NaD8bCs/getUpdates?offset=461431211&timeout=20 HTTP/1.1" 200 23
Sat, 05 May 2018 16:32:01 DEBUG    https://api.telegram.org:443 "GET /bot597935817:AAGAbCwCGnHD7yqsGLbPKXj1pNn-NaD8bCs/getUpdates?offset=461431211&timeout=20 HTTP/1.1" 200 23
Sat, 05 May 2018 16:32:21 DEBUG    https://api.telegram.org:443 "GET /bot597935817:AAGAbCwCGnHD7yqsGLbPKXj1pNn-NaD8bCs/getUpdates?offset=461431211&timeout=20 HTTP/1.1" 200 23
Sat, 05 May 2018 16:32:41 DEBUG    https://api.telegram.org:443 "GET /bot597935817:AAGAbCwCGnHD7yqsGLbPKXj1pNn-NaD8bCs/getUpdates?offset=461431211&timeout=20 HTTP/1.1" 200 23
Sat, 05 May 2018 16:33:01 DEBUG    https://api.telegram.org:443 "GET /bot597935817:AAGAbCwCGnHD7yqsGLbPKXj1pNn-NaD8bCs/getUpdates?offset=461431211&timeout=20 HTTP/1.1" 200 23
Sat, 05 May 2018 16:33:21 DEBUG    https://api.telegram.org:443 "GET /bot597935817:AAGAbCwCGnHD7yqsGLbPKXj1pNn-NaD8bCs/getUpdates?offset=461431211&timeout=20 HTTP/1.1" 200 23
Sat, 05 May 2018 16:33:41 DEBUG    https://api.telegram.org:443 "GET /bot597935817:AAGAbCwCGnHD7yqsGLbPKXj1pNn-NaD8bCs/getUpdates?offset=461431211&timeout=20 HTTP/1.1" 200 23
Sat, 05 May 2018 16:34:02 DEBUG    https://api.telegram.org:443 "GET /bot597935817:AAGAbCwCGnHD7yqsGLbPKXj1pNn-NaD8bCs/getUpdates?offset=461431211&timeout=20 HTTP/1.1" 200 23
Sat, 05 May 2018 16:34:22 DEBUG    https://api.telegram.org:443 "GET /bot597935817:AAGAbCwCGnHD7yqsGLbPKXj1pNn-NaD8bCs/getUpdates?offset=461431211&timeout=20 HTTP/1.1" 200 23
Sat, 05 May 2018 16:34:42 DEBUG    https://api.telegram.org:443 "GET /bot597935817:AAGAbCwCGnHD7yqsGLbPKXj1pNn-NaD8bCs/getUpdates?offset=461431211&timeout=20 HTTP/1.1" 200 23
Sat, 05 May 2018 16:35:02 DEBUG    https://api.telegram.org:443 "GET /bot597935817:AAGAbCwCGnHD7yqsGLbPKXj1pNn-NaD8bCs/getUpdates?offset=461431211&timeout=20 HTTP/1.1" 200 23
Sat, 05 May 2018 16:35:23 DEBUG    https://api.telegram.org:443 "GET /bot597935817:AAGAbCwCGnHD7yqsGLbPKXj1pNn-NaD8bCs/getUpdates?offset=461431211&timeout=20 HTTP/1.1" 200 23
Sat, 05 May 2018 16:35:44 DEBUG    https://api.telegram.org:443 "GET /bot597935817:AAGAbCwCGnHD7yqsGLbPKXj1pNn-NaD8bCs/getUpdates?offset=461431211&timeout=20 HTTP/1.1" 200 23
Sat, 05 May 2018 16:36:08 DEBUG    https://api.telegram.org:443 "GET /bot597935817:AAGAbCwCGnHD7yqsGLbPKXj1pNn-NaD8bCs/getUpdates?offset=461431211&timeout=20 HTTP/1.1" 200 23
Sat, 05 May 2018 16:36:38 ERROR    ReadTimeout occurred, args=(ReadTimeoutError("SOCKSHTTPSConnectionPool(host='api.telegram.org', port=443): Read timed out. (read timeout=30)",),)
Traceback (most recent call last):
  File "C:\Program Files\Python36\lib\site-packages\urllib3\connectionpool.py", line 387, in _make_request
    six.raise_from(e, None)
  File "<string>", line 2, in raise_from
  File "C:\Program Files\Python36\lib\site-packages\urllib3\connectionpool.py", line 383, in _make_request
    httplib_response = conn.getresponse()
  File "C:\Program Files\Python36\lib\http\client.py", line 1331, in getresponse
    response.begin()
  File "C:\Program Files\Python36\lib\http\client.py", line 297, in begin
    version, status, reason = self._read_status()
  File "C:\Program Files\Python36\lib\http\client.py", line 258, in _read_status
    line = str(self.fp.readline(_MAXLINE + 1), "iso-8859-1")
  File "C:\Program Files\Python36\lib\socket.py", line 586, in readinto
    return self._sock.recv_into(b)
  File "C:\Program Files\Python36\lib\ssl.py", line 1009, in recv_into
    return self.read(nbytes, buffer)
  File "C:\Program Files\Python36\lib\ssl.py", line 871, in read
    return self._sslobj.read(len, buffer)
  File "C:\Program Files\Python36\lib\ssl.py", line 631, in read
    v = self._sslobj.read(len, buffer)
socket.timeout: The read operation timed out

During handling of the above exception, another exception occurred:

Traceback (most recent call last):
  File "C:\Program Files\Python36\lib\site-packages\requests\adapters.py", line 440, in send
    timeout=timeout
  File "C:\Program Files\Python36\lib\site-packages\urllib3\connectionpool.py", line 639, in urlopen
    _stacktrace=sys.exc_info()[2])
  File "C:\Program Files\Python36\lib\site-packages\urllib3\util\retry.py", line 357, in increment
    raise six.reraise(type(error), error, _stacktrace)
  File "C:\Program Files\Python36\lib\site-packages\urllib3\packages\six.py", line 686, in reraise
    raise value
  File "C:\Program Files\Python36\lib\site-packages\urllib3\connectionpool.py", line 601, in urlopen
    chunked=chunked)
  File "C:\Program Files\Python36\lib\site-packages\urllib3\connectionpool.py", line 389, in _make_request
    self._raise_timeout(err=e, url=url, timeout_value=read_timeout)
  File "C:\Program Files\Python36\lib\site-packages\urllib3\connectionpool.py", line 309, in _raise_timeout
    raise ReadTimeoutError(self, url, "Read timed out. (read timeout=%s)" % timeout_value)
urllib3.exceptions.ReadTimeoutError: SOCKSHTTPSConnectionPool(host='api.telegram.org', port=443): Read timed out. (read timeout=30)

During handling of the above exception, another exception occurred:

Traceback (most recent call last):
  File "C:\Program Files\Python36\lib\site-packages\telebot\util.py", line 59, in run
    task(*args, **kwargs)
  File "C:\Program Files\Python36\lib\site-packages\telebot\__init__.py", line 159, in __retrieve_updates
    updates = self.get_updates(offset=(self.last_update_id + 1), timeout=timeout)
  File "C:\Program Files\Python36\lib\site-packages\telebot\__init__.py", line 129, in get_updates
    json_updates = apihelper.get_updates(self.token, offset, limit, timeout, allowed_updates)
  File "C:\Program Files\Python36\lib\site-packages\telebot\apihelper.py", line 175, in get_updates
    return _make_request(token, method_url, params=payload)
  File "C:\Program Files\Python36\lib\site-packages\telebot\apihelper.py", line 54, in _make_request
    timeout=(connect_timeout, read_timeout), proxies=proxy)
  File "C:\Program Files\Python36\lib\site-packages\requests\sessions.py", line 508, in request
    resp = self.send(prep, **send_kwargs)
  File "C:\Program Files\Python36\lib\site-packages\requests\sessions.py", line 618, in send
    r = adapter.send(request, **kwargs)
  File "C:\Program Files\Python36\lib\site-packages\requests\adapters.py", line 521, in send
    raise ReadTimeout(e, request=request)
requests.exceptions.ReadTimeout: SOCKSHTTPSConnectionPool(host='api.telegram.org', port=443): Read timed out. (read timeout=30)

Sat, 05 May 2018 17:09:19 DEBUG    A debug message
Sat, 05 May 2018 17:09:19 INFO     Some information
Sat, 05 May 2018 17:09:19 WARNING  A shot across the bows
Sat, 05 May 2018 17:09:38 DEBUG    https://api.telegram.org:443 "GET /bot597935817:AAGAbCwCGnHD7yqsGLbPKXj1pNn-NaD8bCs/getUpdates?offset=461431214&timeout=20 HTTP/1.1" 200 23
Sat, 05 May 2018 17:09:58 DEBUG    https://api.telegram.org:443 "GET /bot597935817:AAGAbCwCGnHD7yqsGLbPKXj1pNn-NaD8bCs/getUpdates?offset=461431214&timeout=20 HTTP/1.1" 200 23
Sat, 05 May 2018 17:10:18 DEBUG    https://api.telegram.org:443 "GET /bot597935817:AAGAbCwCGnHD7yqsGLbPKXj1pNn-NaD8bCs/getUpdates?offset=461431214&timeout=20 HTTP/1.1" 200 23
Sat, 05 May 2018 17:10:35 DEBUG    A debug message
Sat, 05 May 2018 17:10:35 INFO     Some information
Sat, 05 May 2018 17:10:35 WARNING  A shot across the bows
Sat, 05 May 2018 17:10:55 DEBUG    https://api.telegram.org:443 "GET /bot597935817:AAGAbCwCGnHD7yqsGLbPKXj1pNn-NaD8bCs/getUpdates?offset=461431215&timeout=20 HTTP/1.1" 200 23
Sat, 05 May 2018 17:11:23 DEBUG    A debug message
Sat, 05 May 2018 17:11:23 INFO     Some information
Sat, 05 May 2018 17:11:23 WARNING  A shot across the bows
Sat, 05 May 2018 17:11:42 DEBUG    https://api.telegram.org:443 "GET /bot597935817:AAGAbCwCGnHD7yqsGLbPKXj1pNn-NaD8bCs/getUpdates?offset=461431216&timeout=20 HTTP/1.1" 200 23
Sat, 05 May 2018 17:12:06 DEBUG    https://api.telegram.org:443 "GET /bot597935817:AAGAbCwCGnHD7yqsGLbPKXj1pNn-NaD8bCs/getUpdates?offset=461431216&timeout=20 HTTP/1.1" 200 23
Sat, 05 May 2018 17:12:26 DEBUG    https://api.telegram.org:443 "GET /bot597935817:AAGAbCwCGnHD7yqsGLbPKXj1pNn-NaD8bCs/getUpdates?offset=461431216&timeout=20 HTTP/1.1" 200 23
Sat, 05 May 2018 17:12:46 DEBUG    https://api.telegram.org:443 "GET /bot597935817:AAGAbCwCGnHD7yqsGLbPKXj1pNn-NaD8bCs/getUpdates?offset=461431216&timeout=20 HTTP/1.1" 200 23
Sat, 05 May 2018 17:13:06 DEBUG    https://api.telegram.org:443 "GET /bot597935817:AAGAbCwCGnHD7yqsGLbPKXj1pNn-NaD8bCs/getUpdates?offset=461431216&timeout=20 HTTP/1.1" 200 23
Sat, 05 May 2018 17:13:26 DEBUG    https://api.telegram.org:443 "GET /bot597935817:AAGAbCwCGnHD7yqsGLbPKXj1pNn-NaD8bCs/getUpdates?offset=461431216&timeout=20 HTTP/1.1" 200 23
Sat, 05 May 2018 17:13:46 DEBUG    https://api.telegram.org:443 "GET /bot597935817:AAGAbCwCGnHD7yqsGLbPKXj1pNn-NaD8bCs/getUpdates?offset=461431216&timeout=20 HTTP/1.1" 200 23
Sat, 05 May 2018 17:14:07 DEBUG    https://api.telegram.org:443 "GET /bot597935817:AAGAbCwCGnHD7yqsGLbPKXj1pNn-NaD8bCs/getUpdates?offset=461431216&timeout=20 HTTP/1.1" 200 23
Sat, 05 May 2018 17:14:27 DEBUG    https://api.telegram.org:443 "GET /bot597935817:AAGAbCwCGnHD7yqsGLbPKXj1pNn-NaD8bCs/getUpdates?offset=461431216&timeout=20 HTTP/1.1" 200 23
Sat, 05 May 2018 17:15:01 DEBUG    A debug message
Sat, 05 May 2018 17:15:01 INFO     Some information
Sat, 05 May 2018 17:15:01 WARNING  A shot across the bows
Sat, 05 May 2018 17:15:02 DEBUG    https://api.telegram.org:443 "POST /bot597935817:AAGAbCwCGnHD7yqsGLbPKXj1pNn-NaD8bCs/sendMessage?chat_id=562036772&text=What%27s+your+name HTTP/1.1" 200 279
Sat, 05 May 2018 17:15:02 DEBUG    https://api.telegram.org:443 "POST /bot597935817:AAGAbCwCGnHD7yqsGLbPKXj1pNn-NaD8bCs/sendMessage?chat_id=562036772&text=Write+your+addres+and+city HTTP/1.1" 200 289
Sat, 05 May 2018 17:15:02 DEBUG    https://api.telegram.org:443 "POST /bot597935817:AAGAbCwCGnHD7yqsGLbPKXj1pNn-NaD8bCs/sendMessage?chat_id=562036772&text=How+old+are+you%3F HTTP/1.1" 200 279
Sat, 05 May 2018 17:15:02 DEBUG    https://api.telegram.org:443 "POST /bot597935817:AAGAbCwCGnHD7yqsGLbPKXj1pNn-NaD8bCs/sendMessage?chat_id=562036772&text=Write+essence+of+complaint HTTP/1.1" 200 289
Sat, 05 May 2018 17:15:21 DEBUG    https://api.telegram.org:443 "GET /bot597935817:AAGAbCwCGnHD7yqsGLbPKXj1pNn-NaD8bCs/getUpdates?offset=461431218&timeout=20 HTTP/1.1" 200 23
Sat, 05 May 2018 17:15:41 DEBUG    https://api.telegram.org:443 "GET /bot597935817:AAGAbCwCGnHD7yqsGLbPKXj1pNn-NaD8bCs/getUpdates?offset=461431218&timeout=20 HTTP/1.1" 200 23
Sat, 05 May 2018 17:16:01 DEBUG    https://api.telegram.org:443 "GET /bot597935817:AAGAbCwCGnHD7yqsGLbPKXj1pNn-NaD8bCs/getUpdates?offset=461431218&timeout=20 HTTP/1.1" 200 23
Sat, 05 May 2018 17:16:21 DEBUG    https://api.telegram.org:443 "GET /bot597935817:AAGAbCwCGnHD7yqsGLbPKXj1pNn-NaD8bCs/getUpdates?offset=461431218&timeout=20 HTTP/1.1" 200 23
Sat, 05 May 2018 17:16:41 DEBUG    https://api.telegram.org:443 "GET /bot597935817:AAGAbCwCGnHD7yqsGLbPKXj1pNn-NaD8bCs/getUpdates?offset=461431218&timeout=20 HTTP/1.1" 200 23
Sat, 05 May 2018 17:26:10 DEBUG    A debug message
Sat, 05 May 2018 17:26:10 INFO     Some information
Sat, 05 May 2018 17:26:10 WARNING  A shot across the bows
Sat, 05 May 2018 17:26:10 ERROR    OperationalError occurred, args=('no such column: id',)
Traceback (most recent call last):
  File "C:\Program Files\Python36\lib\site-packages\telebot\util.py", line 59, in run
    task(*args, **kwargs)
  File "C:\Users\БорсовН\Documents\GitHub\python\Дз по python\Дз8\ТЗ\TZ_code.py", line 39, in start
    testing(i)
  File "C:\Users\БорсовН\Documents\GitHub\python\Дз по python\Дз8\ТЗ\TZ_code.py", line 44, in testing
    cursorConnection("SELECT questionTEXT FROM First_4_questions WHERE id=1")
  File "C:\Users\БорсовН\Documents\GitHub\python\Дз по python\Дз8\ТЗ\TZ_code.py", line 52, in cursorConnection
    cursor.execute(sql)
sqlite3.OperationalError: no such column: id

Sat, 05 May 2018 17:27:27 DEBUG    A debug message
Sat, 05 May 2018 17:27:27 INFO     Some information
Sat, 05 May 2018 17:27:27 WARNING  A shot across the bows
Sat, 05 May 2018 17:27:28 DEBUG    https://api.telegram.org:443 "POST /bot597935817:AAGAbCwCGnHD7yqsGLbPKXj1pNn-NaD8bCs/sendMessage?chat_id=562036772&text=What%27s+your+name HTTP/1.1" 200 279
Sat, 05 May 2018 17:27:28 DEBUG    https://api.telegram.org:443 "POST /bot597935817:AAGAbCwCGnHD7yqsGLbPKXj1pNn-NaD8bCs/sendMessage?chat_id=562036772&text=Write+your+addres+and+city HTTP/1.1" 200 289
Sat, 05 May 2018 17:27:28 DEBUG    https://api.telegram.org:443 "POST /bot597935817:AAGAbCwCGnHD7yqsGLbPKXj1pNn-NaD8bCs/sendMessage?chat_id=562036772&text=How+old+are+you%3F HTTP/1.1" 200 279
Sat, 05 May 2018 17:27:28 DEBUG    https://api.telegram.org:443 "POST /bot597935817:AAGAbCwCGnHD7yqsGLbPKXj1pNn-NaD8bCs/sendMessage?chat_id=562036772&text=Write+essence+of+complaint HTTP/1.1" 200 289
Sat, 05 May 2018 17:27:47 DEBUG    https://api.telegram.org:443 "GET /bot597935817:AAGAbCwCGnHD7yqsGLbPKXj1pNn-NaD8bCs/getUpdates?offset=461431220&timeout=20 HTTP/1.1" 200 23
Sat, 05 May 2018 17:28:07 DEBUG    https://api.telegram.org:443 "GET /bot597935817:AAGAbCwCGnHD7yqsGLbPKXj1pNn-NaD8bCs/getUpdates?offset=461431220&timeout=20 HTTP/1.1" 200 23
Sat, 05 May 2018 17:28:27 DEBUG    https://api.telegram.org:443 "GET /bot597935817:AAGAbCwCGnHD7yqsGLbPKXj1pNn-NaD8bCs/getUpdates?offset=461431220&timeout=20 HTTP/1.1" 200 23
Sat, 05 May 2018 17:28:47 DEBUG    https://api.telegram.org:443 "GET /bot597935817:AAGAbCwCGnHD7yqsGLbPKXj1pNn-NaD8bCs/getUpdates?offset=461431220&timeout=20 HTTP/1.1" 200 23
Sat, 05 May 2018 17:29:07 DEBUG    https://api.telegram.org:443 "GET /bot597935817:AAGAbCwCGnHD7yqsGLbPKXj1pNn-NaD8bCs/getUpdates?offset=461431220&timeout=20 HTTP/1.1" 200 23
Sat, 05 May 2018 17:29:27 DEBUG    https://api.telegram.org:443 "GET /bot597935817:AAGAbCwCGnHD7yqsGLbPKXj1pNn-NaD8bCs/getUpdates?offset=461431220&timeout=20 HTTP/1.1" 200 23
Sat, 05 May 2018 17:29:48 DEBUG    https://api.telegram.org:443 "GET /bot597935817:AAGAbCwCGnHD7yqsGLbPKXj1pNn-NaD8bCs/getUpdates?offset=461431220&timeout=20 HTTP/1.1" 200 23
Sat, 05 May 2018 17:30:04 DEBUG    A debug message
Sat, 05 May 2018 17:30:04 INFO     Some information
Sat, 05 May 2018 17:30:04 WARNING  A shot across the bows
Sat, 05 May 2018 17:30:04 ERROR    NameError occurred, args=("name 'message' is not defined",)
Traceback (most recent call last):
  File "C:\Program Files\Python36\lib\site-packages\telebot\util.py", line 59, in run
    task(*args, **kwargs)
  File "C:\Users\БорсовН\Documents\GitHub\python\Дз по python\Дз8\ТЗ\TZ_code.py", line 39, in start
    testing(i)
  File "C:\Users\БорсовН\Documents\GitHub\python\Дз по python\Дз8\ТЗ\TZ_code.py", line 45, in testing
    bot.send_message(message.chat.id,test_result)
NameError: name 'message' is not defined

Sat, 05 May 2018 17:30:23 DEBUG    https://api.telegram.org:443 "GET /bot597935817:AAGAbCwCGnHD7yqsGLbPKXj1pNn-NaD8bCs/getUpdates?offset=461431221&timeout=20 HTTP/1.1" 200 23
Sat, 05 May 2018 17:31:36 DEBUG    A debug message
Sat, 05 May 2018 17:31:36 INFO     Some information
Sat, 05 May 2018 17:31:36 WARNING  A shot across the bows
Sat, 05 May 2018 17:31:36 DEBUG    https://api.telegram.org:443 "POST /bot597935817:AAGAbCwCGnHD7yqsGLbPKXj1pNn-NaD8bCs/sendMessage?chat_id=562036772 HTTP/1.1" 400 80
Sat, 05 May 2018 17:31:36 ERROR    ApiException occurred, args=('A request to the Telegram API was unsuccessful. The server returned HTTP 400 Bad Request. Response body:\n[b\'{"ok":false,"error_code":400,"description":"Bad Request: message text is empty"}\']',)
Traceback (most recent call last):
  File "C:\Program Files\Python36\lib\site-packages\telebot\util.py", line 59, in run
    task(*args, **kwargs)
  File "C:\Users\БорсовН\Documents\GitHub\python\Дз по python\Дз8\ТЗ\TZ_code.py", line 39, in start
    bot.send_message(message.chat.id,testing(i))
  File "C:\Program Files\Python36\lib\site-packages\telebot\__init__.py", line 465, in send_message
    reply_markup, parse_mode, disable_notification))
  File "C:\Program Files\Python36\lib\site-packages\telebot\apihelper.py", line 135, in send_message
    return _make_request(token, method_url, params=payload, method='post')
  File "C:\Program Files\Python36\lib\site-packages\telebot\apihelper.py", line 56, in _make_request
    return _check_result(method_name, result)['result']
  File "C:\Program Files\Python36\lib\site-packages\telebot\apihelper.py", line 75, in _check_result
    raise ApiException(msg, method_name, result)
telebot.apihelper.ApiException: A request to the Telegram API was unsuccessful. The server returned HTTP 400 Bad Request. Response body:
[b'{"ok":false,"error_code":400,"description":"Bad Request: message text is empty"}']

Sat, 05 May 2018 17:31:36 ERROR    A request to the Telegram API was unsuccessful. The server returned HTTP 400 Bad Request. Response body:
[b'{"ok":false,"error_code":400,"description":"Bad Request: message text is empty"}']
Sat, 05 May 2018 17:31:55 DEBUG    https://api.telegram.org:443 "GET /bot597935817:AAGAbCwCGnHD7yqsGLbPKXj1pNn-NaD8bCs/getUpdates?offset=461431222&timeout=20 HTTP/1.1" 200 23
Sat, 05 May 2018 17:32:16 DEBUG    https://api.telegram.org:443 "GET /bot597935817:AAGAbCwCGnHD7yqsGLbPKXj1pNn-NaD8bCs/getUpdates?offset=461431222&timeout=20 HTTP/1.1" 200 23
Sat, 05 May 2018 17:32:36 DEBUG    https://api.telegram.org:443 "GET /bot597935817:AAGAbCwCGnHD7yqsGLbPKXj1pNn-NaD8bCs/getUpdates?offset=461431222&timeout=20 HTTP/1.1" 200 23
Sat, 05 May 2018 17:32:56 DEBUG    https://api.telegram.org:443 "GET /bot597935817:AAGAbCwCGnHD7yqsGLbPKXj1pNn-NaD8bCs/getUpdates?offset=461431222&timeout=20 HTTP/1.1" 200 23
Sat, 05 May 2018 17:33:17 DEBUG    https://api.telegram.org:443 "GET /bot597935817:AAGAbCwCGnHD7yqsGLbPKXj1pNn-NaD8bCs/getUpdates?offset=461431222&timeout=20 HTTP/1.1" 200 23
Sat, 05 May 2018 17:33:44 DEBUG    A debug message
Sat, 05 May 2018 17:33:44 INFO     Some information
Sat, 05 May 2018 17:33:44 WARNING  A shot across the bows
Sat, 05 May 2018 17:33:44 DEBUG    https://api.telegram.org:443 "POST /bot597935817:AAGAbCwCGnHD7yqsGLbPKXj1pNn-NaD8bCs/sendMessage?chat_id=562036772 HTTP/1.1" 400 80
Sat, 05 May 2018 17:33:44 ERROR    ApiException occurred, args=('A request to the Telegram API was unsuccessful. The server returned HTTP 400 Bad Request. Response body:\n[b\'{"ok":false,"error_code":400,"description":"Bad Request: message text is empty"}\']',)
Traceback (most recent call last):
  File "C:\Program Files\Python36\lib\site-packages\telebot\util.py", line 59, in run
    task(*args, **kwargs)
  File "C:\Users\БорсовН\Documents\GitHub\python\Дз по python\Дз8\ТЗ\TZ_code.py", line 39, in start
    bot.send_message(message.chat.id,testing(i))
  File "C:\Program Files\Python36\lib\site-packages\telebot\__init__.py", line 465, in send_message
    reply_markup, parse_mode, disable_notification))
  File "C:\Program Files\Python36\lib\site-packages\telebot\apihelper.py", line 135, in send_message
    return _make_request(token, method_url, params=payload, method='post')
  File "C:\Program Files\Python36\lib\site-packages\telebot\apihelper.py", line 56, in _make_request
    return _check_result(method_name, result)['result']
  File "C:\Program Files\Python36\lib\site-packages\telebot\apihelper.py", line 75, in _check_result
    raise ApiException(msg, method_name, result)
telebot.apihelper.ApiException: A request to the Telegram API was unsuccessful. The server returned HTTP 400 Bad Request. Response body:
[b'{"ok":false,"error_code":400,"description":"Bad Request: message text is empty"}']

Sat, 05 May 2018 17:33:44 ERROR    A request to the Telegram API was unsuccessful. The server returned HTTP 400 Bad Request. Response body:
[b'{"ok":false,"error_code":400,"description":"Bad Request: message text is empty"}']
Sat, 05 May 2018 17:34:02 DEBUG    https://api.telegram.org:443 "GET /bot597935817:AAGAbCwCGnHD7yqsGLbPKXj1pNn-NaD8bCs/getUpdates?offset=461431223&timeout=20 HTTP/1.1" 200 23
Sat, 05 May 2018 17:34:23 DEBUG    https://api.telegram.org:443 "GET /bot597935817:AAGAbCwCGnHD7yqsGLbPKXj1pNn-NaD8bCs/getUpdates?offset=461431223&timeout=20 HTTP/1.1" 200 23
Sat, 05 May 2018 17:34:43 DEBUG    https://api.telegram.org:443 "GET /bot597935817:AAGAbCwCGnHD7yqsGLbPKXj1pNn-NaD8bCs/getUpdates?offset=461431223&timeout=20 HTTP/1.1" 200 23
Sat, 05 May 2018 17:35:03 DEBUG    https://api.telegram.org:443 "GET /bot597935817:AAGAbCwCGnHD7yqsGLbPKXj1pNn-NaD8bCs/getUpdates?offset=461431223&timeout=20 HTTP/1.1" 200 23
Sat, 05 May 2018 17:35:23 DEBUG    https://api.telegram.org:443 "GET /bot597935817:AAGAbCwCGnHD7yqsGLbPKXj1pNn-NaD8bCs/getUpdates?offset=461431223&timeout=20 HTTP/1.1" 200 23
Sat, 05 May 2018 17:35:48 DEBUG    https://api.telegram.org:443 "GET /bot597935817:AAGAbCwCGnHD7yqsGLbPKXj1pNn-NaD8bCs/getUpdates?offset=461431223&timeout=20 HTTP/1.1" 200 23
Sat, 05 May 2018 17:36:07 DEBUG    A debug message
Sat, 05 May 2018 17:36:07 INFO     Some information
Sat, 05 May 2018 17:36:07 WARNING  A shot across the bows
Sat, 05 May 2018 17:36:07 DEBUG    https://api.telegram.org:443 "POST /bot597935817:AAGAbCwCGnHD7yqsGLbPKXj1pNn-NaD8bCs/sendMessage?chat_id=562036772 HTTP/1.1" 400 80
Sat, 05 May 2018 17:36:07 ERROR    ApiException occurred, args=('A request to the Telegram API was unsuccessful. The server returned HTTP 400 Bad Request. Response body:\n[b\'{"ok":false,"error_code":400,"description":"Bad Request: message text is empty"}\']',)
Traceback (most recent call last):
  File "C:\Program Files\Python36\lib\site-packages\telebot\util.py", line 59, in run
    task(*args, **kwargs)
  File "C:\Users\БорсовН\Documents\GitHub\python\Дз по python\Дз8\ТЗ\TZ_code.py", line 41, in start
    bot.send_message(message.chat.id,testing(i))
  File "C:\Program Files\Python36\lib\site-packages\telebot\__init__.py", line 465, in send_message
    reply_markup, parse_mode, disable_notification))
  File "C:\Program Files\Python36\lib\site-packages\telebot\apihelper.py", line 135, in send_message
    return _make_request(token, method_url, params=payload, method='post')
  File "C:\Program Files\Python36\lib\site-packages\telebot\apihelper.py", line 56, in _make_request
    return _check_result(method_name, result)['result']
  File "C:\Program Files\Python36\lib\site-packages\telebot\apihelper.py", line 75, in _check_result
    raise ApiException(msg, method_name, result)
telebot.apihelper.ApiException: A request to the Telegram API was unsuccessful. The server returned HTTP 400 Bad Request. Response body:
[b'{"ok":false,"error_code":400,"description":"Bad Request: message text is empty"}']

Sat, 05 May 2018 17:36:07 ERROR    A request to the Telegram API was unsuccessful. The server returned HTTP 400 Bad Request. Response body:
[b'{"ok":false,"error_code":400,"description":"Bad Request: message text is empty"}']
Sat, 05 May 2018 17:38:57 DEBUG    A debug message
Sat, 05 May 2018 17:38:57 INFO     Some information
Sat, 05 May 2018 17:38:57 WARNING  A shot across the bows
Sat, 05 May 2018 17:38:57 DEBUG    https://api.telegram.org:443 "POST /bot597935817:AAGAbCwCGnHD7yqsGLbPKXj1pNn-NaD8bCs/sendMessage?chat_id=562036772 HTTP/1.1" 400 80
Sat, 05 May 2018 17:38:57 ERROR    ApiException occurred, args=('A request to the Telegram API was unsuccessful. The server returned HTTP 400 Bad Request. Response body:\n[b\'{"ok":false,"error_code":400,"description":"Bad Request: message text is empty"}\']',)
Traceback (most recent call last):
  File "C:\Program Files\Python36\lib\site-packages\telebot\util.py", line 59, in run
    task(*args, **kwargs)
  File "C:\Users\БорсовН\Documents\GitHub\python\Дз по python\Дз8\ТЗ\TZ_code.py", line 42, in start
    bot.send_message(message.chat.id,testing(results))
  File "C:\Program Files\Python36\lib\site-packages\telebot\__init__.py", line 465, in send_message
    reply_markup, parse_mode, disable_notification))
  File "C:\Program Files\Python36\lib\site-packages\telebot\apihelper.py", line 135, in send_message
    return _make_request(token, method_url, params=payload, method='post')
  File "C:\Program Files\Python36\lib\site-packages\telebot\apihelper.py", line 56, in _make_request
    return _check_result(method_name, result)['result']
  File "C:\Program Files\Python36\lib\site-packages\telebot\apihelper.py", line 75, in _check_result
    raise ApiException(msg, method_name, result)
telebot.apihelper.ApiException: A request to the Telegram API was unsuccessful. The server returned HTTP 400 Bad Request. Response body:
[b'{"ok":false,"error_code":400,"description":"Bad Request: message text is empty"}']

Sat, 05 May 2018 17:38:58 ERROR    A request to the Telegram API was unsuccessful. The server returned HTTP 400 Bad Request. Response body:
[b'{"ok":false,"error_code":400,"description":"Bad Request: message text is empty"}']
Sat, 05 May 2018 17:39:17 DEBUG    https://api.telegram.org:443 "GET /bot597935817:AAGAbCwCGnHD7yqsGLbPKXj1pNn-NaD8bCs/getUpdates?offset=461431225&timeout=20 HTTP/1.1" 200 23
Sat, 05 May 2018 17:39:37 DEBUG    https://api.telegram.org:443 "GET /bot597935817:AAGAbCwCGnHD7yqsGLbPKXj1pNn-NaD8bCs/getUpdates?offset=461431225&timeout=20 HTTP/1.1" 200 23
Sat, 05 May 2018 17:39:57 DEBUG    https://api.telegram.org:443 "GET /bot597935817:AAGAbCwCGnHD7yqsGLbPKXj1pNn-NaD8bCs/getUpdates?offset=461431225&timeout=20 HTTP/1.1" 200 23
Sat, 05 May 2018 17:43:04 DEBUG    A debug message
Sat, 05 May 2018 17:43:04 INFO     Some information
Sat, 05 May 2018 17:43:04 WARNING  A shot across the bows
Sat, 05 May 2018 17:43:04 DEBUG    https://api.telegram.org:443 "POST /bot597935817:AAGAbCwCGnHD7yqsGLbPKXj1pNn-NaD8bCs/sendMessage?chat_id=562036772&text=What%27s+your+name&text=Write+your+addres+and+city&text=How+old+are+you%3F&text=Write+essence+of+complaint HTTP/1.1" 200 279
Sat, 05 May 2018 17:43:31 DEBUG    https://api.telegram.org:443 "GET /bot597935817:AAGAbCwCGnHD7yqsGLbPKXj1pNn-NaD8bCs/getUpdates?offset=461431226&timeout=20 HTTP/1.1" 200 23
Sat, 05 May 2018 17:43:55 DEBUG    https://api.telegram.org:443 "GET /bot597935817:AAGAbCwCGnHD7yqsGLbPKXj1pNn-NaD8bCs/getUpdates?offset=461431226&timeout=20 HTTP/1.1" 200 23
Sat, 05 May 2018 17:44:16 DEBUG    https://api.telegram.org:443 "GET /bot597935817:AAGAbCwCGnHD7yqsGLbPKXj1pNn-NaD8bCs/getUpdates?offset=461431226&timeout=20 HTTP/1.1" 200 23
Sat, 05 May 2018 17:44:36 DEBUG    https://api.telegram.org:443 "GET /bot597935817:AAGAbCwCGnHD7yqsGLbPKXj1pNn-NaD8bCs/getUpdates?offset=461431226&timeout=20 HTTP/1.1" 200 23
Sat, 05 May 2018 17:44:56 DEBUG    https://api.telegram.org:443 "GET /bot597935817:AAGAbCwCGnHD7yqsGLbPKXj1pNn-NaD8bCs/getUpdates?offset=461431226&timeout=20 HTTP/1.1" 200 23
Sat, 05 May 2018 17:45:16 DEBUG    https://api.telegram.org:443 "GET /bot597935817:AAGAbCwCGnHD7yqsGLbPKXj1pNn-NaD8bCs/getUpdates?offset=461431226&timeout=20 HTTP/1.1" 200 23
Sat, 05 May 2018 17:45:36 DEBUG    https://api.telegram.org:443 "GET /bot597935817:AAGAbCwCGnHD7yqsGLbPKXj1pNn-NaD8bCs/getUpdates?offset=461431226&timeout=20 HTTP/1.1" 200 23
Sat, 05 May 2018 17:45:56 DEBUG    https://api.telegram.org:443 "GET /bot597935817:AAGAbCwCGnHD7yqsGLbPKXj1pNn-NaD8bCs/getUpdates?offset=461431226&timeout=20 HTTP/1.1" 200 23
Sat, 05 May 2018 17:46:17 DEBUG    https://api.telegram.org:443 "GET /bot597935817:AAGAbCwCGnHD7yqsGLbPKXj1pNn-NaD8bCs/getUpdates?offset=461431226&timeout=20 HTTP/1.1" 200 23
Sat, 05 May 2018 17:46:38 DEBUG    https://api.telegram.org:443 "GET /bot597935817:AAGAbCwCGnHD7yqsGLbPKXj1pNn-NaD8bCs/getUpdates?offset=461431226&timeout=20 HTTP/1.1" 200 23
Sat, 05 May 2018 17:46:58 DEBUG    https://api.telegram.org:443 "GET /bot597935817:AAGAbCwCGnHD7yqsGLbPKXj1pNn-NaD8bCs/getUpdates?offset=461431226&timeout=20 HTTP/1.1" 200 23
Sat, 05 May 2018 17:47:18 DEBUG    https://api.telegram.org:443 "GET /bot597935817:AAGAbCwCGnHD7yqsGLbPKXj1pNn-NaD8bCs/getUpdates?offset=461431226&timeout=20 HTTP/1.1" 200 23
Sat, 05 May 2018 17:47:38 DEBUG    https://api.telegram.org:443 "GET /bot597935817:AAGAbCwCGnHD7yqsGLbPKXj1pNn-NaD8bCs/getUpdates?offset=461431226&timeout=20 HTTP/1.1" 200 23
Sat, 05 May 2018 17:47:58 DEBUG    https://api.telegram.org:443 "GET /bot597935817:AAGAbCwCGnHD7yqsGLbPKXj1pNn-NaD8bCs/getUpdates?offset=461431226&timeout=20 HTTP/1.1" 200 23
Sat, 05 May 2018 17:48:18 DEBUG    https://api.telegram.org:443 "GET /bot597935817:AAGAbCwCGnHD7yqsGLbPKXj1pNn-NaD8bCs/getUpdates?offset=461431226&timeout=20 HTTP/1.1" 200 23
Sat, 05 May 2018 17:48:38 DEBUG    https://api.telegram.org:443 "GET /bot597935817:AAGAbCwCGnHD7yqsGLbPKXj1pNn-NaD8bCs/getUpdates?offset=461431226&timeout=20 HTTP/1.1" 200 23
Sat, 05 May 2018 17:48:58 DEBUG    https://api.telegram.org:443 "GET /bot597935817:AAGAbCwCGnHD7yqsGLbPKXj1pNn-NaD8bCs/getUpdates?offset=461431226&timeout=20 HTTP/1.1" 200 23
Sat, 05 May 2018 17:49:19 DEBUG    https://api.telegram.org:443 "GET /bot597935817:AAGAbCwCGnHD7yqsGLbPKXj1pNn-NaD8bCs/getUpdates?offset=461431226&timeout=20 HTTP/1.1" 200 23
Sat, 05 May 2018 17:49:39 DEBUG    https://api.telegram.org:443 "GET /bot597935817:AAGAbCwCGnHD7yqsGLbPKXj1pNn-NaD8bCs/getUpdates?offset=461431226&timeout=20 HTTP/1.1" 200 23
Sat, 05 May 2018 17:49:59 DEBUG    https://api.telegram.org:443 "GET /bot597935817:AAGAbCwCGnHD7yqsGLbPKXj1pNn-NaD8bCs/getUpdates?offset=461431226&timeout=20 HTTP/1.1" 200 23
Sat, 05 May 2018 17:50:19 DEBUG    https://api.telegram.org:443 "GET /bot597935817:AAGAbCwCGnHD7yqsGLbPKXj1pNn-NaD8bCs/getUpdates?offset=461431226&timeout=20 HTTP/1.1" 200 23
Sat, 05 May 2018 17:50:39 DEBUG    https://api.telegram.org:443 "GET /bot597935817:AAGAbCwCGnHD7yqsGLbPKXj1pNn-NaD8bCs/getUpdates?offset=461431226&timeout=20 HTTP/1.1" 200 23
Sat, 05 May 2018 17:50:59 DEBUG    https://api.telegram.org:443 "GET /bot597935817:AAGAbCwCGnHD7yqsGLbPKXj1pNn-NaD8bCs/getUpdates?offset=461431226&timeout=20 HTTP/1.1" 200 23
Sat, 05 May 2018 17:51:19 DEBUG    https://api.telegram.org:443 "GET /bot597935817:AAGAbCwCGnHD7yqsGLbPKXj1pNn-NaD8bCs/getUpdates?offset=461431226&timeout=20 HTTP/1.1" 200 23
Sat, 05 May 2018 17:51:39 DEBUG    https://api.telegram.org:443 "GET /bot597935817:AAGAbCwCGnHD7yqsGLbPKXj1pNn-NaD8bCs/getUpdates?offset=461431226&timeout=20 HTTP/1.1" 200 23
Sat, 05 May 2018 17:52:00 DEBUG    https://api.telegram.org:443 "GET /bot597935817:AAGAbCwCGnHD7yqsGLbPKXj1pNn-NaD8bCs/getUpdates?offset=461431226&timeout=20 HTTP/1.1" 200 23
Sat, 05 May 2018 17:52:20 DEBUG    https://api.telegram.org:443 "GET /bot597935817:AAGAbCwCGnHD7yqsGLbPKXj1pNn-NaD8bCs/getUpdates?offset=461431226&timeout=20 HTTP/1.1" 200 23
Sat, 05 May 2018 17:52:40 DEBUG    https://api.telegram.org:443 "GET /bot597935817:AAGAbCwCGnHD7yqsGLbPKXj1pNn-NaD8bCs/getUpdates?offset=461431226&timeout=20 HTTP/1.1" 200 23
Sat, 05 May 2018 17:53:00 DEBUG    https://api.telegram.org:443 "GET /bot597935817:AAGAbCwCGnHD7yqsGLbPKXj1pNn-NaD8bCs/getUpdates?offset=461431226&timeout=20 HTTP/1.1" 200 23
Sat, 05 May 2018 17:53:09 DEBUG    A debug message
Sat, 05 May 2018 17:53:09 INFO     Some information
Sat, 05 May 2018 17:53:09 WARNING  A shot across the bows
Sat, 05 May 2018 17:53:09 DEBUG    https://api.telegram.org:443 "POST /bot597935817:AAGAbCwCGnHD7yqsGLbPKXj1pNn-NaD8bCs/sendMessage?chat_id=562036772&text=What%27s+your+name&text=Write+your+addres+and+city&text=How+old+are+you%3F&text=Write+essence+of+complaint HTTP/1.1" 200 279
Sat, 05 May 2018 17:53:09 DEBUG    https://api.telegram.org:443 "POST /bot597935817:AAGAbCwCGnHD7yqsGLbPKXj1pNn-NaD8bCs/sendMessage?chat_id=562036772&text=What%27s+your+name&text=Write+your+addres+and+city&text=How+old+are+you%3F&text=Write+essence+of+complaint HTTP/1.1" 200 279
Sat, 05 May 2018 17:53:09 DEBUG    https://api.telegram.org:443 "POST /bot597935817:AAGAbCwCGnHD7yqsGLbPKXj1pNn-NaD8bCs/sendMessage?chat_id=562036772&text=What%27s+your+name&text=Write+your+addres+and+city&text=How+old+are+you%3F&text=Write+essence+of+complaint HTTP/1.1" 200 279
Sat, 05 May 2018 17:53:09 DEBUG    https://api.telegram.org:443 "POST /bot597935817:AAGAbCwCGnHD7yqsGLbPKXj1pNn-NaD8bCs/sendMessage?chat_id=562036772&text=What%27s+your+name&text=Write+your+addres+and+city&text=How+old+are+you%3F&text=Write+essence+of+complaint HTTP/1.1" 200 279
Sat, 05 May 2018 17:53:28 DEBUG    https://api.telegram.org:443 "GET /bot597935817:AAGAbCwCGnHD7yqsGLbPKXj1pNn-NaD8bCs/getUpdates?offset=461431227&timeout=20 HTTP/1.1" 200 23
Sat, 05 May 2018 17:53:48 DEBUG    https://api.telegram.org:443 "GET /bot597935817:AAGAbCwCGnHD7yqsGLbPKXj1pNn-NaD8bCs/getUpdates?offset=461431227&timeout=20 HTTP/1.1" 200 23
Sat, 05 May 2018 17:54:01 DEBUG    A debug message
Sat, 05 May 2018 17:54:01 INFO     Some information
Sat, 05 May 2018 17:54:01 WARNING  A shot across the bows
Sat, 05 May 2018 17:54:01 DEBUG    https://api.telegram.org:443 "POST /bot597935817:AAGAbCwCGnHD7yqsGLbPKXj1pNn-NaD8bCs/sendMessage?chat_id=562036772&text=What%27s+your+name&text=Write+your+addres+and+city&text=How+old+are+you%3F&text=Write+essence+of+complaint HTTP/1.1" 200 279
Sat, 05 May 2018 17:54:02 DEBUG    https://api.telegram.org:443 "POST /bot597935817:AAGAbCwCGnHD7yqsGLbPKXj1pNn-NaD8bCs/sendMessage?chat_id=562036772&text=What%27s+your+name&text=Write+your+addres+and+city&text=How+old+are+you%3F&text=Write+essence+of+complaint HTTP/1.1" 200 279
Sat, 05 May 2018 17:54:02 DEBUG    https://api.telegram.org:443 "POST /bot597935817:AAGAbCwCGnHD7yqsGLbPKXj1pNn-NaD8bCs/sendMessage?chat_id=562036772&text=What%27s+your+name&text=Write+your+addres+and+city&text=How+old+are+you%3F&text=Write+essence+of+complaint HTTP/1.1" 200 279
Sat, 05 May 2018 17:54:02 DEBUG    https://api.telegram.org:443 "POST /bot597935817:AAGAbCwCGnHD7yqsGLbPKXj1pNn-NaD8bCs/sendMessage?chat_id=562036772&text=What%27s+your+name&text=Write+your+addres+and+city&text=How+old+are+you%3F&text=Write+essence+of+complaint HTTP/1.1" 200 279
Sat, 05 May 2018 17:54:21 DEBUG    https://api.telegram.org:443 "GET /bot597935817:AAGAbCwCGnHD7yqsGLbPKXj1pNn-NaD8bCs/getUpdates?offset=461431228&timeout=20 HTTP/1.1" 200 23
Sat, 05 May 2018 17:54:41 DEBUG    https://api.telegram.org:443 "GET /bot597935817:AAGAbCwCGnHD7yqsGLbPKXj1pNn-NaD8bCs/getUpdates?offset=461431228&timeout=20 HTTP/1.1" 200 23
Sat, 05 May 2018 17:55:01 DEBUG    https://api.telegram.org:443 "GET /bot597935817:AAGAbCwCGnHD7yqsGLbPKXj1pNn-NaD8bCs/getUpdates?offset=461431228&timeout=20 HTTP/1.1" 200 23
Sat, 05 May 2018 17:55:21 DEBUG    https://api.telegram.org:443 "GET /bot597935817:AAGAbCwCGnHD7yqsGLbPKXj1pNn-NaD8bCs/getUpdates?offset=461431228&timeout=20 HTTP/1.1" 200 23
Sat, 05 May 2018 17:55:41 DEBUG    https://api.telegram.org:443 "GET /bot597935817:AAGAbCwCGnHD7yqsGLbPKXj1pNn-NaD8bCs/getUpdates?offset=461431228&timeout=20 HTTP/1.1" 200 23
Sat, 05 May 2018 17:55:47 DEBUG    A debug message
Sat, 05 May 2018 17:55:47 INFO     Some information
Sat, 05 May 2018 17:55:47 WARNING  A shot across the bows
Sat, 05 May 2018 17:55:47 ERROR    OperationalError occurred, args=('near "%": syntax error',)
Traceback (most recent call last):
  File "C:\Program Files\Python36\lib\site-packages\telebot\util.py", line 59, in run
    task(*args, **kwargs)
  File "C:\Users\БорсовН\Documents\GitHub\python\Дз по python\Дз8\ТЗ\TZ_code.py", line 39, in start
    print(testing(i))
  File "C:\Users\БорсовН\Documents\GitHub\python\Дз по python\Дз8\ТЗ\TZ_code.py", line 45, in testing
    test_result = cursorConnection("SELECT questionTEXT FROM First_4_questions WHERE id=%s") % number
  File "C:\Users\БорсовН\Documents\GitHub\python\Дз по python\Дз8\ТЗ\TZ_code.py", line 53, in cursorConnection
    cursor.execute(sql)
sqlite3.OperationalError: near "%": syntax error

Sat, 05 May 2018 17:56:26 DEBUG    A debug message
Sat, 05 May 2018 17:56:26 INFO     Some information
Sat, 05 May 2018 17:56:26 WARNING  A shot across the bows
Sat, 05 May 2018 17:56:26 ERROR    OperationalError occurred, args=('unrecognized token: "\'s your name"',)
Traceback (most recent call last):
  File "C:\Program Files\Python36\lib\site-packages\telebot\util.py", line 59, in run
    task(*args, **kwargs)
  File "C:\Users\БорсовН\Documents\GitHub\python\Дз по python\Дз8\ТЗ\TZ_code.py", line 39, in start
    print(testing(i))
  File "C:\Users\БорсовН\Documents\GitHub\python\Дз по python\Дз8\ТЗ\TZ_code.py", line 45, in testing
    test_result = cursorConnection("SELECT questionTEXT FROM First_4_questions WHERE id=%s"% number)
  File "C:\Users\БорсовН\Documents\GitHub\python\Дз по python\Дз8\ТЗ\TZ_code.py", line 53, in cursorConnection
    cursor.execute(sql)
sqlite3.OperationalError: unrecognized token: "'s your name"

Sat, 05 May 2018 17:56:45 DEBUG    https://api.telegram.org:443 "GET /bot597935817:AAGAbCwCGnHD7yqsGLbPKXj1pNn-NaD8bCs/getUpdates?offset=461431230&timeout=20 HTTP/1.1" 200 23
Sat, 05 May 2018 17:59:41 DEBUG    A debug message
Sat, 05 May 2018 17:59:41 INFO     Some information
Sat, 05 May 2018 17:59:41 WARNING  A shot across the bows
Sat, 05 May 2018 17:59:41 ERROR    TypeError occurred, args=('%i format: a number is required, not str',)
Traceback (most recent call last):
  File "C:\Program Files\Python36\lib\site-packages\telebot\util.py", line 59, in run
    task(*args, **kwargs)
  File "C:\Users\БорсовН\Documents\GitHub\python\Дз по python\Дз8\ТЗ\TZ_code.py", line 40, in start
    print(testing(i))
  File "C:\Users\БорсовН\Documents\GitHub\python\Дз по python\Дз8\ТЗ\TZ_code.py", line 47, in testing
    test_result = cursorConnection("SELECT questionTEXT FROM First_4_questions WHERE id=%i" % number)
TypeError: %i format: a number is required, not str

Sat, 05 May 2018 18:00:00 DEBUG    https://api.telegram.org:443 "GET /bot597935817:AAGAbCwCGnHD7yqsGLbPKXj1pNn-NaD8bCs/getUpdates?offset=461431231&timeout=20 HTTP/1.1" 200 23
Sat, 05 May 2018 18:02:49 DEBUG    A debug message
Sat, 05 May 2018 18:02:49 INFO     Some information
Sat, 05 May 2018 18:02:49 WARNING  A shot across the bows
Sat, 05 May 2018 18:02:49 ERROR    TypeError occurred, args=("int() argument must be a string, a bytes-like object or a number, not 'tuple'",)
Traceback (most recent call last):
  File "C:\Program Files\Python36\lib\site-packages\telebot\util.py", line 59, in run
    task(*args, **kwargs)
  File "C:\Users\БорсовН\Documents\GitHub\python\Дз по python\Дз8\ТЗ\TZ_code.py", line 40, in start
    print(testing(i))
  File "C:\Users\БорсовН\Documents\GitHub\python\Дз по python\Дз8\ТЗ\TZ_code.py", line 47, in testing
    test_result = cursorConnection("SELECT questionTEXT FROM First_4_questions WHERE id=%i" % int(number))
TypeError: int() argument must be a string, a bytes-like object or a number, not 'tuple'

Sat, 05 May 2018 18:03:09 DEBUG    https://api.telegram.org:443 "GET /bot597935817:AAGAbCwCGnHD7yqsGLbPKXj1pNn-NaD8bCs/getUpdates?offset=461431232&timeout=20 HTTP/1.1" 200 23
Sat, 05 May 2018 18:03:29 DEBUG    A debug message
Sat, 05 May 2018 18:03:29 INFO     Some information
Sat, 05 May 2018 18:03:29 WARNING  A shot across the bows
Sat, 05 May 2018 18:03:29 ERROR    OperationalError occurred, args=('unrecognized token: "\'s your name"',)
Traceback (most recent call last):
  File "C:\Program Files\Python36\lib\site-packages\telebot\util.py", line 59, in run
    task(*args, **kwargs)
  File "C:\Users\БорсовН\Documents\GitHub\python\Дз по python\Дз8\ТЗ\TZ_code.py", line 40, in start
    print(testing(i))
  File "C:\Users\БорсовН\Documents\GitHub\python\Дз по python\Дз8\ТЗ\TZ_code.py", line 47, in testing
    test_result = cursorConnection("SELECT questionTEXT FROM First_4_questions WHERE id=%s" % number)
  File "C:\Users\БорсовН\Documents\GitHub\python\Дз по python\Дз8\ТЗ\TZ_code.py", line 55, in cursorConnection
    cursor.execute(sql)
sqlite3.OperationalError: unrecognized token: "'s your name"

Sat, 05 May 2018 18:03:48 DEBUG    https://api.telegram.org:443 "GET /bot597935817:AAGAbCwCGnHD7yqsGLbPKXj1pNn-NaD8bCs/getUpdates?offset=461431233&timeout=20 HTTP/1.1" 200 23
Sat, 05 May 2018 18:04:20 DEBUG    A debug message
Sat, 05 May 2018 18:04:20 INFO     Some information
Sat, 05 May 2018 18:04:20 WARNING  A shot across the bows
Sat, 05 May 2018 18:04:20 ERROR    OperationalError occurred, args=('near "your": syntax error',)
Traceback (most recent call last):
  File "C:\Program Files\Python36\lib\site-packages\telebot\util.py", line 59, in run
    task(*args, **kwargs)
  File "C:\Users\БорсовН\Documents\GitHub\python\Дз по python\Дз8\ТЗ\TZ_code.py", line 40, in start
    print(testing(i))
  File "C:\Users\БорсовН\Documents\GitHub\python\Дз по python\Дз8\ТЗ\TZ_code.py", line 47, in testing
    test_result = cursorConnection("SELECT questionTEXT FROM First_4_questions WHERE id=%s" % number)
  File "C:\Users\БорсовН\Documents\GitHub\python\Дз по python\Дз8\ТЗ\TZ_code.py", line 55, in cursorConnection
    cursor.execute(sql)
sqlite3.OperationalError: near "your": syntax error

Sat, 05 May 2018 18:04:39 DEBUG    https://api.telegram.org:443 "GET /bot597935817:AAGAbCwCGnHD7yqsGLbPKXj1pNn-NaD8bCs/getUpdates?offset=461431234&timeout=20 HTTP/1.1" 200 23
Sat, 05 May 2018 18:06:57 DEBUG    A debug message
Sat, 05 May 2018 18:06:57 INFO     Some information
Sat, 05 May 2018 18:06:57 WARNING  A shot across the bows
Sat, 05 May 2018 18:06:57 ERROR    OperationalError occurred, args=('near "your": syntax error',)
Traceback (most recent call last):
  File "C:\Program Files\Python36\lib\site-packages\telebot\util.py", line 59, in run
    task(*args, **kwargs)
  File "C:\Users\БорсовН\Documents\GitHub\python\Дз по python\Дз8\ТЗ\TZ_code.py", line 40, in start
    print(testing(i))
  File "C:\Users\БорсовН\Documents\GitHub\python\Дз по python\Дз8\ТЗ\TZ_code.py", line 47, in testing
    test_result = cursorConnection("SELECT questionTEXT FROM First_4_questions WHERE id=%s" % number)
  File "C:\Users\БорсовН\Documents\GitHub\python\Дз по python\Дз8\ТЗ\TZ_code.py", line 56, in cursorConnection
    cursor.execute(sql)
sqlite3.OperationalError: near "your": syntax error

Sat, 05 May 2018 18:07:17 DEBUG    https://api.telegram.org:443 "GET /bot597935817:AAGAbCwCGnHD7yqsGLbPKXj1pNn-NaD8bCs/getUpdates?offset=461431235&timeout=20 HTTP/1.1" 200 23
Sat, 05 May 2018 18:07:30 DEBUG    A debug message
Sat, 05 May 2018 18:07:30 INFO     Some information
Sat, 05 May 2018 18:07:30 WARNING  A shot across the bows
Sat, 05 May 2018 18:07:30 ERROR    OperationalError occurred, args=('near "your": syntax error',)
Traceback (most recent call last):
  File "C:\Program Files\Python36\lib\site-packages\telebot\util.py", line 59, in run
    task(*args, **kwargs)
  File "C:\Users\БорсовН\Documents\GitHub\python\Дз по python\Дз8\ТЗ\TZ_code.py", line 40, in start
    print(testing(i))
  File "C:\Users\БорсовН\Documents\GitHub\python\Дз по python\Дз8\ТЗ\TZ_code.py", line 47, in testing
    test_result = cursorConnection("SELECT questionTEXT FROM First_4_questions WHERE id=%s" % number)
  File "C:\Users\БорсовН\Documents\GitHub\python\Дз по python\Дз8\ТЗ\TZ_code.py", line 56, in cursorConnection
    cursor.execute(sql)
sqlite3.OperationalError: near "your": syntax error

Sat, 05 May 2018 18:07:49 DEBUG    https://api.telegram.org:443 "GET /bot597935817:AAGAbCwCGnHD7yqsGLbPKXj1pNn-NaD8bCs/getUpdates?offset=461431236&timeout=20 HTTP/1.1" 200 23
Sat, 05 May 2018 18:08:21 DEBUG    A debug message
Sat, 05 May 2018 18:08:21 INFO     Some information
Sat, 05 May 2018 18:08:21 WARNING  A shot across the bows
Sat, 05 May 2018 18:08:21 ERROR    OperationalError occurred, args=('no such column: id',)
Traceback (most recent call last):
  File "C:\Program Files\Python36\lib\site-packages\telebot\util.py", line 59, in run
    task(*args, **kwargs)
  File "C:\Users\БорсовН\Documents\GitHub\python\Дз по python\Дз8\ТЗ\TZ_code.py", line 41, in start
    bot.send_message(message.chat.id,testing(ziklNum))
  File "C:\Users\БорсовН\Documents\GitHub\python\Дз по python\Дз8\ТЗ\TZ_code.py", line 46, in testing
    test_result = cursorConnection("SELECT questionTEXT FROM First_4_questions WHERE id=%s" % number)
  File "C:\Users\БорсовН\Documents\GitHub\python\Дз по python\Дз8\ТЗ\TZ_code.py", line 55, in cursorConnection
    cursor.execute(sql)
sqlite3.OperationalError: no such column: id

Sat, 05 May 2018 18:08:40 DEBUG    https://api.telegram.org:443 "GET /bot597935817:AAGAbCwCGnHD7yqsGLbPKXj1pNn-NaD8bCs/getUpdates?offset=461431237&timeout=20 HTTP/1.1" 200 23
Sat, 05 May 2018 18:11:17 DEBUG    A debug message
Sat, 05 May 2018 18:11:17 INFO     Some information
Sat, 05 May 2018 18:11:17 WARNING  A shot across the bows
Sat, 05 May 2018 18:11:17 DEBUG    https://api.telegram.org:443 "POST /bot597935817:AAGAbCwCGnHD7yqsGLbPKXj1pNn-NaD8bCs/sendMessage?chat_id=562036772&text=Whats+your+name HTTP/1.1" 200 278
Sat, 05 May 2018 18:11:17 DEBUG    https://api.telegram.org:443 "POST /bot597935817:AAGAbCwCGnHD7yqsGLbPKXj1pNn-NaD8bCs/sendMessage?chat_id=562036772&text=Write+your+addres+and+city HTTP/1.1" 200 289
Sat, 05 May 2018 18:11:18 DEBUG    https://api.telegram.org:443 "POST /bot597935817:AAGAbCwCGnHD7yqsGLbPKXj1pNn-NaD8bCs/sendMessage?chat_id=562036772&text=How+old+are+you%3F HTTP/1.1" 200 279
Sat, 05 May 2018 18:11:18 DEBUG    https://api.telegram.org:443 "POST /bot597935817:AAGAbCwCGnHD7yqsGLbPKXj1pNn-NaD8bCs/sendMessage?chat_id=562036772&text=Write+essence+of+complaint HTTP/1.1" 200 289
Sat, 05 May 2018 18:11:36 DEBUG    https://api.telegram.org:443 "GET /bot597935817:AAGAbCwCGnHD7yqsGLbPKXj1pNn-NaD8bCs/getUpdates?offset=461431238&timeout=20 HTTP/1.1" 200 23
Sat, 05 May 2018 18:11:57 DEBUG    https://api.telegram.org:443 "GET /bot597935817:AAGAbCwCGnHD7yqsGLbPKXj1pNn-NaD8bCs/getUpdates?offset=461431238&timeout=20 HTTP/1.1" 200 23
Sat, 05 May 2018 18:12:17 DEBUG    https://api.telegram.org:443 "GET /bot597935817:AAGAbCwCGnHD7yqsGLbPKXj1pNn-NaD8bCs/getUpdates?offset=461431238&timeout=20 HTTP/1.1" 200 23
Sat, 05 May 2018 18:12:38 DEBUG    https://api.telegram.org:443 "GET /bot597935817:AAGAbCwCGnHD7yqsGLbPKXj1pNn-NaD8bCs/getUpdates?offset=461431238&timeout=20 HTTP/1.1" 200 23
Sat, 05 May 2018 18:12:58 DEBUG    https://api.telegram.org:443 "GET /bot597935817:AAGAbCwCGnHD7yqsGLbPKXj1pNn-NaD8bCs/getUpdates?offset=461431238&timeout=20 HTTP/1.1" 200 23
Sat, 05 May 2018 18:13:18 DEBUG    https://api.telegram.org:443 "GET /bot597935817:AAGAbCwCGnHD7yqsGLbPKXj1pNn-NaD8bCs/getUpdates?offset=461431238&timeout=20 HTTP/1.1" 200 23
Sat, 05 May 2018 18:13:39 DEBUG    https://api.telegram.org:443 "GET /bot597935817:AAGAbCwCGnHD7yqsGLbPKXj1pNn-NaD8bCs/getUpdates?offset=461431238&timeout=20 HTTP/1.1" 200 23
Sat, 05 May 2018 18:13:59 DEBUG    https://api.telegram.org:443 "GET /bot597935817:AAGAbCwCGnHD7yqsGLbPKXj1pNn-NaD8bCs/getUpdates?offset=461431238&timeout=20 HTTP/1.1" 200 23
Sat, 05 May 2018 18:14:19 DEBUG    https://api.telegram.org:443 "GET /bot597935817:AAGAbCwCGnHD7yqsGLbPKXj1pNn-NaD8bCs/getUpdates?offset=461431238&timeout=20 HTTP/1.1" 200 23
Sat, 05 May 2018 18:14:40 DEBUG    https://api.telegram.org:443 "GET /bot597935817:AAGAbCwCGnHD7yqsGLbPKXj1pNn-NaD8bCs/getUpdates?offset=461431238&timeout=20 HTTP/1.1" 200 23
Sat, 05 May 2018 18:15:00 DEBUG    https://api.telegram.org:443 "GET /bot597935817:AAGAbCwCGnHD7yqsGLbPKXj1pNn-NaD8bCs/getUpdates?offset=461431238&timeout=20 HTTP/1.1" 200 23
Sat, 05 May 2018 18:15:29 DEBUG    https://api.telegram.org:443 "GET /bot597935817:AAGAbCwCGnHD7yqsGLbPKXj1pNn-NaD8bCs/getUpdates?offset=461431238&timeout=20 HTTP/1.1" 200 23
Sat, 05 May 2018 18:15:49 DEBUG    https://api.telegram.org:443 "GET /bot597935817:AAGAbCwCGnHD7yqsGLbPKXj1pNn-NaD8bCs/getUpdates?offset=461431238&timeout=20 HTTP/1.1" 200 23
Sat, 05 May 2018 18:16:09 DEBUG    https://api.telegram.org:443 "GET /bot597935817:AAGAbCwCGnHD7yqsGLbPKXj1pNn-NaD8bCs/getUpdates?offset=461431238&timeout=20 HTTP/1.1" 200 23
Sat, 05 May 2018 18:16:29 DEBUG    https://api.telegram.org:443 "GET /bot597935817:AAGAbCwCGnHD7yqsGLbPKXj1pNn-NaD8bCs/getUpdates?offset=461431238&timeout=20 HTTP/1.1" 200 23
Sat, 05 May 2018 18:16:49 DEBUG    https://api.telegram.org:443 "GET /bot597935817:AAGAbCwCGnHD7yqsGLbPKXj1pNn-NaD8bCs/getUpdates?offset=461431238&timeout=20 HTTP/1.1" 200 23
Mon, 07 May 2018 20:43:35 DEBUG    A debug message
Mon, 07 May 2018 20:43:35 INFO     Some information
Mon, 07 May 2018 20:43:35 WARNING  A shot across the bows
Mon, 07 May 2018 20:43:35 DEBUG    https://api.telegram.org:443 "POST /bot597935817:AAGAbCwCGnHD7yqsGLbPKXj1pNn-NaD8bCs/sendMessage?chat_id=562036772&text=Whats+your+name%3F HTTP/1.1" 200 279
Mon, 07 May 2018 20:43:35 DEBUG    https://api.telegram.org:443 "POST /bot597935817:AAGAbCwCGnHD7yqsGLbPKXj1pNn-NaD8bCs/sendMessage?chat_id=562036772&text=Write+your+addres+and+city HTTP/1.1" 200 289
Mon, 07 May 2018 20:43:35 DEBUG    https://api.telegram.org:443 "POST /bot597935817:AAGAbCwCGnHD7yqsGLbPKXj1pNn-NaD8bCs/sendMessage?chat_id=562036772&text=How+old+are+you%3F HTTP/1.1" 200 279
Mon, 07 May 2018 20:43:35 DEBUG    https://api.telegram.org:443 "POST /bot597935817:AAGAbCwCGnHD7yqsGLbPKXj1pNn-NaD8bCs/sendMessage?chat_id=562036772&text=Write+essence+of+complaint HTTP/1.1" 200 289
Mon, 07 May 2018 20:44:07 DEBUG    A debug message
Mon, 07 May 2018 20:44:07 INFO     Some information
Mon, 07 May 2018 20:44:07 WARNING  A shot across the bows
Mon, 07 May 2018 20:44:07 DEBUG    https://api.telegram.org:443 "POST /bot597935817:AAGAbCwCGnHD7yqsGLbPKXj1pNn-NaD8bCs/sendMessage?chat_id=562036772&text=Whats+your+name%3F HTTP/1.1" 200 279
Mon, 07 May 2018 20:44:07 DEBUG    https://api.telegram.org:443 "POST /bot597935817:AAGAbCwCGnHD7yqsGLbPKXj1pNn-NaD8bCs/sendMessage?chat_id=562036772&text=Write+your+addres+and+city HTTP/1.1" 200 289
Mon, 07 May 2018 20:44:07 DEBUG    https://api.telegram.org:443 "POST /bot597935817:AAGAbCwCGnHD7yqsGLbPKXj1pNn-NaD8bCs/sendMessage?chat_id=562036772&text=How+old+are+you%3F HTTP/1.1" 200 279
Mon, 07 May 2018 20:44:07 DEBUG    https://api.telegram.org:443 "POST /bot597935817:AAGAbCwCGnHD7yqsGLbPKXj1pNn-NaD8bCs/sendMessage?chat_id=562036772&text=Write+essence+of+complaint HTTP/1.1" 200 289
Mon, 07 May 2018 20:44:33 DEBUG    https://api.telegram.org:443 "GET /bot597935817:AAGAbCwCGnHD7yqsGLbPKXj1pNn-NaD8bCs/getUpdates?offset=461431262&timeout=20 HTTP/1.1" 200 23
Mon, 07 May 2018 20:45:00 DEBUG    A debug message
Mon, 07 May 2018 20:45:00 INFO     Some information
Mon, 07 May 2018 20:45:00 WARNING  A shot across the bows
Mon, 07 May 2018 20:45:01 DEBUG    https://api.telegram.org:443 "POST /bot597935817:AAGAbCwCGnHD7yqsGLbPKXj1pNn-NaD8bCs/sendMessage?chat_id=562036772&text=Whats+your+name%3F HTTP/1.1" 200 279
Mon, 07 May 2018 20:45:01 DEBUG    https://api.telegram.org:443 "POST /bot597935817:AAGAbCwCGnHD7yqsGLbPKXj1pNn-NaD8bCs/sendMessage?chat_id=562036772&text=Write+your+addres+and+city HTTP/1.1" 200 289
Mon, 07 May 2018 20:45:01 DEBUG    https://api.telegram.org:443 "POST /bot597935817:AAGAbCwCGnHD7yqsGLbPKXj1pNn-NaD8bCs/sendMessage?chat_id=562036772&text=How+old+are+you%3F HTTP/1.1" 200 279
Mon, 07 May 2018 20:45:01 DEBUG    https://api.telegram.org:443 "POST /bot597935817:AAGAbCwCGnHD7yqsGLbPKXj1pNn-NaD8bCs/sendMessage?chat_id=562036772&text=Write+essence+of+complaint HTTP/1.1" 200 289
Mon, 07 May 2018 20:45:28 ERROR    ReadTimeout occurred, args=(ReadTimeoutError("HTTPSConnectionPool(host='api.telegram.org', port=443): Read timed out. (read timeout=30)",),)
Traceback (most recent call last):
  File "C:\Users\Пользователь\AppData\Local\Programs\Python\Python36-32\lib\site-packages\urllib3\connectionpool.py", line 387, in _make_request
    six.raise_from(e, None)
  File "<string>", line 2, in raise_from
  File "C:\Users\Пользователь\AppData\Local\Programs\Python\Python36-32\lib\site-packages\urllib3\connectionpool.py", line 383, in _make_request
    httplib_response = conn.getresponse()
  File "C:\Users\Пользователь\AppData\Local\Programs\Python\Python36-32\lib\http\client.py", line 1331, in getresponse
    response.begin()
  File "C:\Users\Пользователь\AppData\Local\Programs\Python\Python36-32\lib\http\client.py", line 297, in begin
    version, status, reason = self._read_status()
  File "C:\Users\Пользователь\AppData\Local\Programs\Python\Python36-32\lib\http\client.py", line 258, in _read_status
    line = str(self.fp.readline(_MAXLINE + 1), "iso-8859-1")
  File "C:\Users\Пользователь\AppData\Local\Programs\Python\Python36-32\lib\socket.py", line 586, in readinto
    return self._sock.recv_into(b)
  File "C:\Users\Пользователь\AppData\Local\Programs\Python\Python36-32\lib\ssl.py", line 1009, in recv_into
    return self.read(nbytes, buffer)
  File "C:\Users\Пользователь\AppData\Local\Programs\Python\Python36-32\lib\ssl.py", line 871, in read
    return self._sslobj.read(len, buffer)
  File "C:\Users\Пользователь\AppData\Local\Programs\Python\Python36-32\lib\ssl.py", line 631, in read
    v = self._sslobj.read(len, buffer)
socket.timeout: The read operation timed out

During handling of the above exception, another exception occurred:

Traceback (most recent call last):
  File "C:\Users\Пользователь\AppData\Local\Programs\Python\Python36-32\lib\site-packages\requests\adapters.py", line 440, in send
    timeout=timeout
  File "C:\Users\Пользователь\AppData\Local\Programs\Python\Python36-32\lib\site-packages\urllib3\connectionpool.py", line 639, in urlopen
    _stacktrace=sys.exc_info()[2])
  File "C:\Users\Пользователь\AppData\Local\Programs\Python\Python36-32\lib\site-packages\urllib3\util\retry.py", line 357, in increment
    raise six.reraise(type(error), error, _stacktrace)
  File "C:\Users\Пользователь\AppData\Local\Programs\Python\Python36-32\lib\site-packages\urllib3\packages\six.py", line 686, in reraise
    raise value
  File "C:\Users\Пользователь\AppData\Local\Programs\Python\Python36-32\lib\site-packages\urllib3\connectionpool.py", line 601, in urlopen
    chunked=chunked)
  File "C:\Users\Пользователь\AppData\Local\Programs\Python\Python36-32\lib\site-packages\urllib3\connectionpool.py", line 389, in _make_request
    self._raise_timeout(err=e, url=url, timeout_value=read_timeout)
  File "C:\Users\Пользователь\AppData\Local\Programs\Python\Python36-32\lib\site-packages\urllib3\connectionpool.py", line 309, in _raise_timeout
    raise ReadTimeoutError(self, url, "Read timed out. (read timeout=%s)" % timeout_value)
urllib3.exceptions.ReadTimeoutError: HTTPSConnectionPool(host='api.telegram.org', port=443): Read timed out. (read timeout=30)

During handling of the above exception, another exception occurred:

Traceback (most recent call last):
  File "C:\Users\Пользователь\AppData\Local\Programs\Python\Python36-32\lib\site-packages\telebot\util.py", line 59, in run
    task(*args, **kwargs)
  File "C:\Users\Пользователь\AppData\Local\Programs\Python\Python36-32\lib\site-packages\telebot\__init__.py", line 159, in __retrieve_updates
    updates = self.get_updates(offset=(self.last_update_id + 1), timeout=timeout)
  File "C:\Users\Пользователь\AppData\Local\Programs\Python\Python36-32\lib\site-packages\telebot\__init__.py", line 129, in get_updates
    json_updates = apihelper.get_updates(self.token, offset, limit, timeout, allowed_updates)
  File "C:\Users\Пользователь\AppData\Local\Programs\Python\Python36-32\lib\site-packages\telebot\apihelper.py", line 175, in get_updates
    return _make_request(token, method_url, params=payload)
  File "C:\Users\Пользователь\AppData\Local\Programs\Python\Python36-32\lib\site-packages\telebot\apihelper.py", line 54, in _make_request
    timeout=(connect_timeout, read_timeout), proxies=proxy)
  File "C:\Users\Пользователь\AppData\Local\Programs\Python\Python36-32\lib\site-packages\requests\sessions.py", line 508, in request
    resp = self.send(prep, **send_kwargs)
  File "C:\Users\Пользователь\AppData\Local\Programs\Python\Python36-32\lib\site-packages\requests\sessions.py", line 618, in send
    r = adapter.send(request, **kwargs)
  File "C:\Users\Пользователь\AppData\Local\Programs\Python\Python36-32\lib\site-packages\requests\adapters.py", line 521, in send
    raise ReadTimeout(e, request=request)
requests.exceptions.ReadTimeout: HTTPSConnectionPool(host='api.telegram.org', port=443): Read timed out. (read timeout=30)

Mon, 07 May 2018 20:59:46 DEBUG    A debug message
Mon, 07 May 2018 20:59:46 INFO     Some information
Mon, 07 May 2018 20:59:46 WARNING  A shot across the bows
Mon, 07 May 2018 20:59:46 DEBUG    https://api.telegram.org:443 "POST /bot597935817:AAGAbCwCGnHD7yqsGLbPKXj1pNn-NaD8bCs/sendMessage?chat_id=562036772&text=Whats+your+name%3F HTTP/1.1" 200 279
Mon, 07 May 2018 20:59:48 DEBUG    https://api.telegram.org:443 "POST /bot597935817:AAGAbCwCGnHD7yqsGLbPKXj1pNn-NaD8bCs/sendMessage?chat_id=562036772&text=Write+your+addres+and+city HTTP/1.1" 200 289
Mon, 07 May 2018 20:59:48 DEBUG    https://api.telegram.org:443 "POST /bot597935817:AAGAbCwCGnHD7yqsGLbPKXj1pNn-NaD8bCs/sendMessage?chat_id=562036772&text=How+old+are+you%3F HTTP/1.1" 200 279
Mon, 07 May 2018 20:59:48 DEBUG    https://api.telegram.org:443 "POST /bot597935817:AAGAbCwCGnHD7yqsGLbPKXj1pNn-NaD8bCs/sendMessage?chat_id=562036772&text=Write+essence+of+complaint HTTP/1.1" 200 289
Tue, 08 May 2018 12:00:18 DEBUG    A debug message
Tue, 08 May 2018 12:00:18 INFO     Some information
Tue, 08 May 2018 12:00:18 WARNING  A shot across the bows
Tue, 08 May 2018 12:00:18 DEBUG    https://api.telegram.org:443 "POST /bot597935817:AAGAbCwCGnHD7yqsGLbPKXj1pNn-NaD8bCs/sendMessage?chat_id=562036772&text=Whats+your+name%3F HTTP/1.1" 200 279
Tue, 08 May 2018 12:00:34 DEBUG    https://api.telegram.org:443 "GET /bot597935817:AAGAbCwCGnHD7yqsGLbPKXj1pNn-NaD8bCs/getUpdates?offset=461431265&timeout=20 HTTP/1.1" 200 337
Tue, 08 May 2018 12:00:34 DEBUG    Starting new HTTPS connection (1): api.telegram.org
Tue, 08 May 2018 12:00:35 DEBUG    https://api.telegram.org:443 "POST /bot597935817:AAGAbCwCGnHD7yqsGLbPKXj1pNn-NaD8bCs/sendMessage?chat_id=562036772&text=%D0%AF+%D0%B3%D0%BE%D1%82%D0%BE%D0%B2 HTTP/1.1" 200 300
Tue, 08 May 2018 12:00:40 ERROR    OperationalError occurred, args=('database is locked',)
Traceback (most recent call last):
  File "C:\Users\Пользователь\AppData\Local\Programs\Python\Python36-32\lib\site-packages\telebot\util.py", line 59, in run
    task(*args, **kwargs)
  File "C:\Users\Пользователь\Documents\GitHub\python\Дз по python\Дз8\ТЗ\TZ_code.py", line 65, in path
    cursor.execute("insert into First_4_answers values (1, %s,'Good','Good','Good') "%ziklNum)
sqlite3.OperationalError: database is locked

Thu, 10 May 2018 22:34:34 DEBUG    A debug message
Thu, 10 May 2018 22:34:34 INFO     Some information
Thu, 10 May 2018 22:34:34 WARNING  A shot across the bows
Thu, 10 May 2018 22:34:34 DEBUG    https://api.telegram.org:443 "POST /bot597935817:AAGAbCwCGnHD7yqsGLbPKXj1pNn-NaD8bCs/sendMessage?chat_id=562036772&text=Whats+your+name%3F HTTP/1.1" 200 279
Thu, 10 May 2018 22:34:53 DEBUG    https://api.telegram.org:443 "GET /bot597935817:AAGAbCwCGnHD7yqsGLbPKXj1pNn-NaD8bCs/getUpdates?offset=461431272&timeout=20 HTTP/1.1" 200 356
Thu, 10 May 2018 22:34:53 DEBUG    Starting new HTTPS connection (1): api.telegram.org
Thu, 10 May 2018 22:34:53 DEBUG    https://api.telegram.org:443 "POST /bot597935817:AAGAbCwCGnHD7yqsGLbPKXj1pNn-NaD8bCs/sendMessage?chat_id=562036772&text=%D0%AF+%D0%B3%D0%BE%D1%82%D0%BE%D0%B2 HTTP/1.1" 200 300
Thu, 10 May 2018 22:35:13 DEBUG    https://api.telegram.org:443 "GET /bot597935817:AAGAbCwCGnHD7yqsGLbPKXj1pNn-NaD8bCs/getUpdates?offset=461431273&timeout=20 HTTP/1.1" 200 23
Thu, 10 May 2018 22:35:33 DEBUG    https://api.telegram.org:443 "GET /bot597935817:AAGAbCwCGnHD7yqsGLbPKXj1pNn-NaD8bCs/getUpdates?offset=461431273&timeout=20 HTTP/1.1" 200 23
Thu, 10 May 2018 22:35:53 DEBUG    https://api.telegram.org:443 "GET /bot597935817:AAGAbCwCGnHD7yqsGLbPKXj1pNn-NaD8bCs/getUpdates?offset=461431273&timeout=20 HTTP/1.1" 200 23
Thu, 10 May 2018 22:36:14 DEBUG    https://api.telegram.org:443 "GET /bot597935817:AAGAbCwCGnHD7yqsGLbPKXj1pNn-NaD8bCs/getUpdates?offset=461431273&timeout=20 HTTP/1.1" 200 23
Thu, 10 May 2018 22:36:34 DEBUG    https://api.telegram.org:443 "GET /bot597935817:AAGAbCwCGnHD7yqsGLbPKXj1pNn-NaD8bCs/getUpdates?offset=461431273&timeout=20 HTTP/1.1" 200 23
Thu, 10 May 2018 22:36:54 DEBUG    https://api.telegram.org:443 "GET /bot597935817:AAGAbCwCGnHD7yqsGLbPKXj1pNn-NaD8bCs/getUpdates?offset=461431273&timeout=20 HTTP/1.1" 200 23
Thu, 10 May 2018 22:37:14 DEBUG    https://api.telegram.org:443 "GET /bot597935817:AAGAbCwCGnHD7yqsGLbPKXj1pNn-NaD8bCs/getUpdates?offset=461431273&timeout=20 HTTP/1.1" 200 23
Thu, 10 May 2018 22:37:34 DEBUG    https://api.telegram.org:443 "GET /bot597935817:AAGAbCwCGnHD7yqsGLbPKXj1pNn-NaD8bCs/getUpdates?offset=461431273&timeout=20 HTTP/1.1" 200 23
Thu, 10 May 2018 22:37:56 DEBUG    https://api.telegram.org:443 "GET /bot597935817:AAGAbCwCGnHD7yqsGLbPKXj1pNn-NaD8bCs/getUpdates?offset=461431273&timeout=20 HTTP/1.1" 200 23
Thu, 10 May 2018 22:38:16 DEBUG    https://api.telegram.org:443 "GET /bot597935817:AAGAbCwCGnHD7yqsGLbPKXj1pNn-NaD8bCs/getUpdates?offset=461431273&timeout=20 HTTP/1.1" 200 23
Thu, 10 May 2018 22:38:36 DEBUG    https://api.telegram.org:443 "GET /bot597935817:AAGAbCwCGnHD7yqsGLbPKXj1pNn-NaD8bCs/getUpdates?offset=461431273&timeout=20 HTTP/1.1" 200 23
Thu, 10 May 2018 22:38:58 DEBUG    A debug message
Thu, 10 May 2018 22:38:58 INFO     Some information
Thu, 10 May 2018 22:38:58 WARNING  A shot across the bows
Thu, 10 May 2018 22:38:58 DEBUG    https://api.telegram.org:443 "POST /bot597935817:AAGAbCwCGnHD7yqsGLbPKXj1pNn-NaD8bCs/sendMessage?chat_id=562036772&text=Whats+your+name%3F HTTP/1.1" 200 279
Thu, 10 May 2018 22:39:03 DEBUG    https://api.telegram.org:443 "GET /bot597935817:AAGAbCwCGnHD7yqsGLbPKXj1pNn-NaD8bCs/getUpdates?offset=461431274&timeout=20 HTTP/1.1" 200 362
Thu, 10 May 2018 22:39:04 DEBUG    https://api.telegram.org:443 "POST /bot597935817:AAGAbCwCGnHD7yqsGLbPKXj1pNn-NaD8bCs/sendMessage?chat_id=562036772&text=%D0%AF+%D0%B3%D0%BE%D1%82%D0%BE%D0%B2 HTTP/1.1" 200 300
Thu, 10 May 2018 22:39:31 DEBUG    https://api.telegram.org:443 "GET /bot597935817:AAGAbCwCGnHD7yqsGLbPKXj1pNn-NaD8bCs/getUpdates?offset=461431275&timeout=20 HTTP/1.1" 200 23
Thu, 10 May 2018 22:39:52 DEBUG    https://api.telegram.org:443 "GET /bot597935817:AAGAbCwCGnHD7yqsGLbPKXj1pNn-NaD8bCs/getUpdates?offset=461431275&timeout=20 HTTP/1.1" 200 23
Thu, 10 May 2018 22:40:13 DEBUG    https://api.telegram.org:443 "GET /bot597935817:AAGAbCwCGnHD7yqsGLbPKXj1pNn-NaD8bCs/getUpdates?offset=461431275&timeout=20 HTTP/1.1" 200 23
Thu, 10 May 2018 22:40:33 DEBUG    https://api.telegram.org:443 "GET /bot597935817:AAGAbCwCGnHD7yqsGLbPKXj1pNn-NaD8bCs/getUpdates?offset=461431275&timeout=20 HTTP/1.1" 200 23
Thu, 10 May 2018 22:40:59 DEBUG    https://api.telegram.org:443 "GET /bot597935817:AAGAbCwCGnHD7yqsGLbPKXj1pNn-NaD8bCs/getUpdates?offset=461431275&timeout=20 HTTP/1.1" 200 23
Thu, 10 May 2018 22:41:19 DEBUG    https://api.telegram.org:443 "GET /bot597935817:AAGAbCwCGnHD7yqsGLbPKXj1pNn-NaD8bCs/getUpdates?offset=461431275&timeout=20 HTTP/1.1" 200 23
Thu, 10 May 2018 22:41:39 DEBUG    https://api.telegram.org:443 "GET /bot597935817:AAGAbCwCGnHD7yqsGLbPKXj1pNn-NaD8bCs/getUpdates?offset=461431275&timeout=20 HTTP/1.1" 200 23
Thu, 10 May 2018 22:42:00 DEBUG    https://api.telegram.org:443 "GET /bot597935817:AAGAbCwCGnHD7yqsGLbPKXj1pNn-NaD8bCs/getUpdates?offset=461431275&timeout=20 HTTP/1.1" 200 23
Thu, 10 May 2018 22:42:20 DEBUG    https://api.telegram.org:443 "GET /bot597935817:AAGAbCwCGnHD7yqsGLbPKXj1pNn-NaD8bCs/getUpdates?offset=461431275&timeout=20 HTTP/1.1" 200 23
Thu, 10 May 2018 22:42:40 DEBUG    https://api.telegram.org:443 "GET /bot597935817:AAGAbCwCGnHD7yqsGLbPKXj1pNn-NaD8bCs/getUpdates?offset=461431275&timeout=20 HTTP/1.1" 200 23
Thu, 10 May 2018 22:43:05 DEBUG    https://api.telegram.org:443 "GET /bot597935817:AAGAbCwCGnHD7yqsGLbPKXj1pNn-NaD8bCs/getUpdates?offset=461431275&timeout=20 HTTP/1.1" 200 23
Thu, 10 May 2018 22:43:26 DEBUG    https://api.telegram.org:443 "GET /bot597935817:AAGAbCwCGnHD7yqsGLbPKXj1pNn-NaD8bCs/getUpdates?offset=461431275&timeout=20 HTTP/1.1" 200 23
Thu, 10 May 2018 22:43:57 ERROR    ReadTimeout occurred, args=(ReadTimeoutError("HTTPSConnectionPool(host='api.telegram.org', port=443): Read timed out. (read timeout=30)",),)
Traceback (most recent call last):
  File "C:\Users\Пользователь\AppData\Local\Programs\Python\Python36-32\lib\site-packages\urllib3\connectionpool.py", line 387, in _make_request
    six.raise_from(e, None)
  File "<string>", line 2, in raise_from
  File "C:\Users\Пользователь\AppData\Local\Programs\Python\Python36-32\lib\site-packages\urllib3\connectionpool.py", line 383, in _make_request
    httplib_response = conn.getresponse()
  File "C:\Users\Пользователь\AppData\Local\Programs\Python\Python36-32\lib\http\client.py", line 1331, in getresponse
    response.begin()
  File "C:\Users\Пользователь\AppData\Local\Programs\Python\Python36-32\lib\http\client.py", line 297, in begin
    version, status, reason = self._read_status()
  File "C:\Users\Пользователь\AppData\Local\Programs\Python\Python36-32\lib\http\client.py", line 258, in _read_status
    line = str(self.fp.readline(_MAXLINE + 1), "iso-8859-1")
  File "C:\Users\Пользователь\AppData\Local\Programs\Python\Python36-32\lib\socket.py", line 586, in readinto
    return self._sock.recv_into(b)
  File "C:\Users\Пользователь\AppData\Local\Programs\Python\Python36-32\lib\ssl.py", line 1009, in recv_into
    return self.read(nbytes, buffer)
  File "C:\Users\Пользователь\AppData\Local\Programs\Python\Python36-32\lib\ssl.py", line 871, in read
    return self._sslobj.read(len, buffer)
  File "C:\Users\Пользователь\AppData\Local\Programs\Python\Python36-32\lib\ssl.py", line 631, in read
    v = self._sslobj.read(len, buffer)
socket.timeout: The read operation timed out

During handling of the above exception, another exception occurred:

Traceback (most recent call last):
  File "C:\Users\Пользователь\AppData\Local\Programs\Python\Python36-32\lib\site-packages\requests\adapters.py", line 440, in send
    timeout=timeout
  File "C:\Users\Пользователь\AppData\Local\Programs\Python\Python36-32\lib\site-packages\urllib3\connectionpool.py", line 639, in urlopen
    _stacktrace=sys.exc_info()[2])
  File "C:\Users\Пользователь\AppData\Local\Programs\Python\Python36-32\lib\site-packages\urllib3\util\retry.py", line 357, in increment
    raise six.reraise(type(error), error, _stacktrace)
  File "C:\Users\Пользователь\AppData\Local\Programs\Python\Python36-32\lib\site-packages\urllib3\packages\six.py", line 686, in reraise
    raise value
  File "C:\Users\Пользователь\AppData\Local\Programs\Python\Python36-32\lib\site-packages\urllib3\connectionpool.py", line 601, in urlopen
    chunked=chunked)
  File "C:\Users\Пользователь\AppData\Local\Programs\Python\Python36-32\lib\site-packages\urllib3\connectionpool.py", line 389, in _make_request
    self._raise_timeout(err=e, url=url, timeout_value=read_timeout)
  File "C:\Users\Пользователь\AppData\Local\Programs\Python\Python36-32\lib\site-packages\urllib3\connectionpool.py", line 309, in _raise_timeout
    raise ReadTimeoutError(self, url, "Read timed out. (read timeout=%s)" % timeout_value)
urllib3.exceptions.ReadTimeoutError: HTTPSConnectionPool(host='api.telegram.org', port=443): Read timed out. (read timeout=30)

During handling of the above exception, another exception occurred:

Traceback (most recent call last):
  File "C:\Users\Пользователь\AppData\Local\Programs\Python\Python36-32\lib\site-packages\telebot\util.py", line 59, in run
    task(*args, **kwargs)
  File "C:\Users\Пользователь\AppData\Local\Programs\Python\Python36-32\lib\site-packages\telebot\__init__.py", line 159, in __retrieve_updates
    updates = self.get_updates(offset=(self.last_update_id + 1), timeout=timeout)
  File "C:\Users\Пользователь\AppData\Local\Programs\Python\Python36-32\lib\site-packages\telebot\__init__.py", line 129, in get_updates
    json_updates = apihelper.get_updates(self.token, offset, limit, timeout, allowed_updates)
  File "C:\Users\Пользователь\AppData\Local\Programs\Python\Python36-32\lib\site-packages\telebot\apihelper.py", line 175, in get_updates
    return _make_request(token, method_url, params=payload)
  File "C:\Users\Пользователь\AppData\Local\Programs\Python\Python36-32\lib\site-packages\telebot\apihelper.py", line 54, in _make_request
    timeout=(connect_timeout, read_timeout), proxies=proxy)
  File "C:\Users\Пользователь\AppData\Local\Programs\Python\Python36-32\lib\site-packages\requests\sessions.py", line 508, in request
    resp = self.send(prep, **send_kwargs)
  File "C:\Users\Пользователь\AppData\Local\Programs\Python\Python36-32\lib\site-packages\requests\sessions.py", line 618, in send
    r = adapter.send(request, **kwargs)
  File "C:\Users\Пользователь\AppData\Local\Programs\Python\Python36-32\lib\site-packages\requests\adapters.py", line 521, in send
    raise ReadTimeout(e, request=request)
requests.exceptions.ReadTimeout: HTTPSConnectionPool(host='api.telegram.org', port=443): Read timed out. (read timeout=30)

Thu, 10 May 2018 23:09:15 DEBUG    A debug message
Thu, 10 May 2018 23:09:15 INFO     Some information
Thu, 10 May 2018 23:09:15 WARNING  A shot across the bows
Thu, 10 May 2018 23:09:15 DEBUG    https://api.telegram.org:443 "POST /bot597935817:AAGAbCwCGnHD7yqsGLbPKXj1pNn-NaD8bCs/sendMessage?chat_id=562036772&text=%D0%A7%D0%B5%D0%BC+%D1%82%D0%B5%D0%B1%D0%B5+%D0%BF%D0%BE%D0%BC%D0%BE%D1%87%D1%8C%3F+%D0%92%D1%8B%D0%B1%D0%B5%D1%80%D0%B8+%D0%B2%D0%B0%D1%80%D0%B8%D0%B0%D0%BD%D1%82%3A&reply_markup=%7B%22keyboard%22%3A+%5B%5B%7B%22text%22%3A+%22%5Cu041e%5Cu0442%5Cu043f%5Cu0440%5Cu0430%5Cu0432%5Cu0438%5Cu0442%5Cu044c+%5Cu0441%5Cu0432%5Cu043e%5Cu0439+%5Cu043d%5Cu043e%5Cu043c%5Cu0435%5Cu0440%22%7D%5D%5D%2C+%22resize_keyboard%22%3A+true%7D HTTP/1.1" 200 425
Thu, 10 May 2018 23:09:15 ERROR    NameError occurred, args=("name 'write_To_Log' is not defined",)
Traceback (most recent call last):
  File "C:\Users\Пользователь\AppData\Local\Programs\Python\Python36-32\lib\site-packages\telebot\util.py", line 59, in run
    task(*args, **kwargs)
  File "C:\Users\Пользователь\Documents\GitHub\python\Дз по python\Дз8\ТЗ\TZ_code.py", line 47, in start
    write_To_Log(message.from_user.id, "bot send message with buttons")
NameError: name 'write_To_Log' is not defined

Thu, 10 May 2018 23:35:16 DEBUG    A debug message
Thu, 10 May 2018 23:35:16 INFO     Some information
Thu, 10 May 2018 23:35:16 WARNING  A shot across the bows
Thu, 10 May 2018 23:35:17 DEBUG    https://api.telegram.org:443 "POST /bot597935817:AAGAbCwCGnHD7yqsGLbPKXj1pNn-NaD8bCs/sendMessage?chat_id=562036772&text=%D0%A7%D0%B5%D0%BC+%D1%82%D0%B5%D0%B1%D0%B5+%D0%BF%D0%BE%D0%BC%D0%BE%D1%87%D1%8C%3F+%D0%92%D1%8B%D0%B1%D0%B5%D1%80%D0%B8+%D0%B2%D0%B0%D1%80%D0%B8%D0%B0%D0%BD%D1%82%3A&reply_markup=%7B%22keyboard%22%3A+%5B%5B%7B%22text%22%3A+%22%5Cu041e%5Cu0442%5Cu043f%5Cu0440%5Cu0430%5Cu0432%5Cu0438%5Cu0442%5Cu044c+%5Cu0441%5Cu0432%5Cu043e%5Cu0439+%5Cu043d%5Cu043e%5Cu043c%5Cu0435%5Cu0440%22%7D%5D%5D%2C+%22resize_keyboard%22%3A+true%7D HTTP/1.1" 200 425
Thu, 10 May 2018 23:35:17 DEBUG    https://api.telegram.org:443 "POST /bot597935817:AAGAbCwCGnHD7yqsGLbPKXj1pNn-NaD8bCs/sendMessage?chat_id=562036772&text=Whats+your+name%3F HTTP/1.1" 200 279
Thu, 10 May 2018 23:35:52 DEBUG    A debug message
Thu, 10 May 2018 23:35:52 INFO     Some information
Thu, 10 May 2018 23:35:52 WARNING  A shot across the bows
Thu, 10 May 2018 23:35:52 ERROR    TypeError occurred, args=("send_message() missing 1 required positional argument: 'text'",)
Traceback (most recent call last):
  File "C:\Users\Пользователь\AppData\Local\Programs\Python\Python36-32\lib\site-packages\telebot\util.py", line 59, in run
    task(*args, **kwargs)
  File "C:\Users\Пользователь\Documents\GitHub\python\Дз по python\Дз8\ТЗ\TZ_code.py", line 46, in start
    bot.send_message(message.chat.id, reply_markup=keyboard)
TypeError: send_message() missing 1 required positional argument: 'text'

Thu, 10 May 2018 23:36:07 DEBUG    A debug message
Thu, 10 May 2018 23:36:07 INFO     Some information
Thu, 10 May 2018 23:36:07 WARNING  A shot across the bows
Thu, 10 May 2018 23:36:07 DEBUG    https://api.telegram.org:443 "POST /bot597935817:AAGAbCwCGnHD7yqsGLbPKXj1pNn-NaD8bCs/sendMessage?chat_id=562036772&text=Whats+your+name%3F HTTP/1.1" 200 279
Thu, 10 May 2018 23:49:16 DEBUG    A debug message
Thu, 10 May 2018 23:49:16 INFO     Some information
Thu, 10 May 2018 23:49:16 WARNING  A shot across the bows
Thu, 10 May 2018 23:49:16 DEBUG    https://api.telegram.org:443 "POST /bot597935817:AAGAbCwCGnHD7yqsGLbPKXj1pNn-NaD8bCs/sendMessage?chat_id=562036772&text=Whats+your+name%3F HTTP/1.1" 200 279
Thu, 10 May 2018 23:49:35 DEBUG    https://api.telegram.org:443 "GET /bot597935817:AAGAbCwCGnHD7yqsGLbPKXj1pNn-NaD8bCs/getUpdates?offset=461431282&timeout=20 HTTP/1.1" 200 23
Thu, 10 May 2018 23:51:05 DEBUG    A debug message
Thu, 10 May 2018 23:51:05 INFO     Some information
Thu, 10 May 2018 23:51:05 WARNING  A shot across the bows
Thu, 10 May 2018 23:51:05 DEBUG    https://api.telegram.org:443 "POST /bot597935817:AAGAbCwCGnHD7yqsGLbPKXj1pNn-NaD8bCs/sendMessage?chat_id=562036772&text=Whats+your+name%3F HTTP/1.1" 200 279
Thu, 10 May 2018 23:51:07 DEBUG    https://api.telegram.org:443 "GET /bot597935817:AAGAbCwCGnHD7yqsGLbPKXj1pNn-NaD8bCs/getUpdates?offset=461431283&timeout=20 HTTP/1.1" 200 335
Thu, 10 May 2018 23:51:07 ERROR    OperationalError occurred, args=('near "insertingTurpleWithValues": syntax error',)
Traceback (most recent call last):
  File "C:\Users\Пользователь\AppData\Local\Programs\Python\Python36-32\lib\site-packages\telebot\util.py", line 59, in run
    task(*args, **kwargs)
  File "C:\Users\Пользователь\Documents\GitHub\python\Дз по python\Дз8\ТЗ\TZ_code.py", line 69, in path
    cursorConnectionAndWrite("First_4_answers","(Null,'Good','Good','Good','Good')")
  File "C:\Users\Пользователь\Documents\GitHub\python\Дз по python\Дз8\ТЗ\TZ_code.py", line 99, in cursorConnectionAndWrite
    cursor.execute("insert into tableName values insertingTurpleWithValues")
sqlite3.OperationalError: near "insertingTurpleWithValues": syntax error

Thu, 10 May 2018 23:51:27 DEBUG    https://api.telegram.org:443 "GET /bot597935817:AAGAbCwCGnHD7yqsGLbPKXj1pNn-NaD8bCs/getUpdates?offset=461431284&timeout=20 HTTP/1.1" 200 23
Thu, 10 May 2018 23:55:34 DEBUG    A debug message
Thu, 10 May 2018 23:55:34 INFO     Some information
Thu, 10 May 2018 23:55:34 WARNING  A shot across the bows
Thu, 10 May 2018 23:55:34 DEBUG    https://api.telegram.org:443 "POST /bot597935817:AAGAbCwCGnHD7yqsGLbPKXj1pNn-NaD8bCs/sendMessage?chat_id=562036772&text=Whats+your+name%3F HTTP/1.1" 200 279
Thu, 10 May 2018 23:55:36 DEBUG    https://api.telegram.org:443 "GET /bot597935817:AAGAbCwCGnHD7yqsGLbPKXj1pNn-NaD8bCs/getUpdates?offset=461431285&timeout=20 HTTP/1.1" 200 334
Thu, 10 May 2018 23:55:36 ERROR    IntegrityError occurred, args=('NOT NULL constraint failed: First_4_answers.UserTelegrammID',)
Traceback (most recent call last):
  File "C:\Users\Пользователь\AppData\Local\Programs\Python\Python36-32\lib\site-packages\telebot\util.py", line 59, in run
    task(*args, **kwargs)
  File "C:\Users\Пользователь\Documents\GitHub\python\Дз по python\Дз8\ТЗ\TZ_code.py", line 69, in path
    cursorConnectionAndWrite("First_4_answers","(Null,'Good','Good','Good','Good')")
  File "C:\Users\Пользователь\Documents\GitHub\python\Дз по python\Дз8\ТЗ\TZ_code.py", line 99, in cursorConnectionAndWrite
    cursor.execute("insert into %s values %s" %(tableName,insertingTurpleWithValues))
sqlite3.IntegrityError: NOT NULL constraint failed: First_4_answers.UserTelegrammID

Thu, 10 May 2018 23:55:56 DEBUG    https://api.telegram.org:443 "GET /bot597935817:AAGAbCwCGnHD7yqsGLbPKXj1pNn-NaD8bCs/getUpdates?offset=461431286&timeout=20 HTTP/1.1" 200 23
Thu, 10 May 2018 23:56:29 DEBUG    A debug message
Thu, 10 May 2018 23:56:29 INFO     Some information
Thu, 10 May 2018 23:56:29 WARNING  A shot across the bows
Thu, 10 May 2018 23:56:29 DEBUG    https://api.telegram.org:443 "POST /bot597935817:AAGAbCwCGnHD7yqsGLbPKXj1pNn-NaD8bCs/sendMessage?chat_id=562036772&text=Whats+your+name%3F HTTP/1.1" 200 279
Thu, 10 May 2018 23:56:31 DEBUG    https://api.telegram.org:443 "GET /bot597935817:AAGAbCwCGnHD7yqsGLbPKXj1pNn-NaD8bCs/getUpdates?offset=461431287&timeout=20 HTTP/1.1" 200 335
Thu, 10 May 2018 23:56:51 DEBUG    https://api.telegram.org:443 "GET /bot597935817:AAGAbCwCGnHD7yqsGLbPKXj1pNn-NaD8bCs/getUpdates?offset=461431288&timeout=20 HTTP/1.1" 200 23
Thu, 10 May 2018 23:57:12 DEBUG    https://api.telegram.org:443 "GET /bot597935817:AAGAbCwCGnHD7yqsGLbPKXj1pNn-NaD8bCs/getUpdates?offset=461431288&timeout=20 HTTP/1.1" 200 23
Thu, 10 May 2018 23:57:32 DEBUG    https://api.telegram.org:443 "GET /bot597935817:AAGAbCwCGnHD7yqsGLbPKXj1pNn-NaD8bCs/getUpdates?offset=461431288&timeout=20 HTTP/1.1" 200 23
Thu, 10 May 2018 23:57:52 DEBUG    https://api.telegram.org:443 "GET /bot597935817:AAGAbCwCGnHD7yqsGLbPKXj1pNn-NaD8bCs/getUpdates?offset=461431288&timeout=20 HTTP/1.1" 200 23
Thu, 10 May 2018 23:58:12 DEBUG    https://api.telegram.org:443 "GET /bot597935817:AAGAbCwCGnHD7yqsGLbPKXj1pNn-NaD8bCs/getUpdates?offset=461431288&timeout=20 HTTP/1.1" 200 23
Thu, 10 May 2018 23:58:32 DEBUG    https://api.telegram.org:443 "GET /bot597935817:AAGAbCwCGnHD7yqsGLbPKXj1pNn-NaD8bCs/getUpdates?offset=461431288&timeout=20 HTTP/1.1" 200 23
Thu, 10 May 2018 23:58:52 DEBUG    https://api.telegram.org:443 "GET /bot597935817:AAGAbCwCGnHD7yqsGLbPKXj1pNn-NaD8bCs/getUpdates?offset=461431288&timeout=20 HTTP/1.1" 200 23
Thu, 10 May 2018 23:59:12 DEBUG    https://api.telegram.org:443 "GET /bot597935817:AAGAbCwCGnHD7yqsGLbPKXj1pNn-NaD8bCs/getUpdates?offset=461431288&timeout=20 HTTP/1.1" 200 23
Thu, 10 May 2018 23:59:32 DEBUG    https://api.telegram.org:443 "GET /bot597935817:AAGAbCwCGnHD7yqsGLbPKXj1pNn-NaD8bCs/getUpdates?offset=461431288&timeout=20 HTTP/1.1" 200 23
Thu, 10 May 2018 23:59:57 DEBUG    https://api.telegram.org:443 "GET /bot597935817:AAGAbCwCGnHD7yqsGLbPKXj1pNn-NaD8bCs/getUpdates?offset=461431288&timeout=20 HTTP/1.1" 200 23
Fri, 11 May 2018 00:00:18 DEBUG    https://api.telegram.org:443 "GET /bot597935817:AAGAbCwCGnHD7yqsGLbPKXj1pNn-NaD8bCs/getUpdates?offset=461431288&timeout=20 HTTP/1.1" 200 23
Fri, 11 May 2018 00:00:38 DEBUG    https://api.telegram.org:443 "GET /bot597935817:AAGAbCwCGnHD7yqsGLbPKXj1pNn-NaD8bCs/getUpdates?offset=461431288&timeout=20 HTTP/1.1" 200 23
Fri, 11 May 2018 00:00:47 DEBUG    A debug message
Fri, 11 May 2018 00:00:47 INFO     Some information
Fri, 11 May 2018 00:00:47 WARNING  A shot across the bows
Fri, 11 May 2018 00:00:47 DEBUG    https://api.telegram.org:443 "POST /bot597935817:AAGAbCwCGnHD7yqsGLbPKXj1pNn-NaD8bCs/sendMessage?chat_id=562036772&text=Whats+your+name%3F HTTP/1.1" 200 279
Fri, 11 May 2018 00:00:51 DEBUG    https://api.telegram.org:443 "GET /bot597935817:AAGAbCwCGnHD7yqsGLbPKXj1pNn-NaD8bCs/getUpdates?offset=461431289&timeout=20 HTTP/1.1" 200 335
Fri, 11 May 2018 00:00:51 ERROR    IntegrityError occurred, args=('NOT NULL constraint failed: First_4_answers.UserTelegrammID',)
Traceback (most recent call last):
  File "C:\Users\Пользователь\AppData\Local\Programs\Python\Python36-32\lib\site-packages\telebot\util.py", line 59, in run
    task(*args, **kwargs)
  File "C:\Users\Пользователь\Documents\GitHub\python\Дз по python\Дз8\ТЗ\TZ_code.py", line 69, in path
    cursorConnectionAndWrite("First_4_answers","(Null,'Good','Good','Good','Good')")
  File "C:\Users\Пользователь\Documents\GitHub\python\Дз по python\Дз8\ТЗ\TZ_code.py", line 92, in cursorConnectionAndWrite
    cursor.execute("insert into %s values %s" %(tableName,insertingTurpleWithValues))
sqlite3.IntegrityError: NOT NULL constraint failed: First_4_answers.UserTelegrammID

Fri, 11 May 2018 19:02:59 DEBUG    A debug message
Fri, 11 May 2018 19:02:59 INFO     Some information
Fri, 11 May 2018 19:02:59 WARNING  A shot across the bows
Fri, 11 May 2018 19:02:59 DEBUG    https://api.telegram.org:443 "POST /bot597935817:AAGAbCwCGnHD7yqsGLbPKXj1pNn-NaD8bCs/sendMessage?chat_id=562036772&text=Whats+your+name%3F HTTP/1.1" 200 279
Fri, 11 May 2018 19:03:06 DEBUG    https://api.telegram.org:443 "GET /bot597935817:AAGAbCwCGnHD7yqsGLbPKXj1pNn-NaD8bCs/getUpdates?offset=461431291&timeout=20 HTTP/1.1" 200 334
Fri, 11 May 2018 19:03:11 ERROR    OperationalError occurred, args=('database is locked',)
Traceback (most recent call last):
  File "C:\Users\Пользователь\AppData\Local\Programs\Python\Python36-32\lib\site-packages\telebot\util.py", line 59, in run
    task(*args, **kwargs)
  File "C:\Users\Пользователь\Documents\GitHub\python\Дз по python\Дз8\ТЗ\TZ_code.py", line 69, in path
    cursorConnectionAndWrite("First_4_answers","(Null,'Good','Good','Good','Good')")
  File "C:\Users\Пользователь\Documents\GitHub\python\Дз по python\Дз8\ТЗ\TZ_code.py", line 92, in cursorConnectionAndWrite
    cursor.execute("insert into %s values %s" %(tableName,insertingTurpleWithValues))
sqlite3.OperationalError: database is locked

Fri, 11 May 2018 19:03:30 DEBUG    A debug message
Fri, 11 May 2018 19:03:30 INFO     Some information
Fri, 11 May 2018 19:03:30 WARNING  A shot across the bows
Fri, 11 May 2018 19:03:30 DEBUG    https://api.telegram.org:443 "POST /bot597935817:AAGAbCwCGnHD7yqsGLbPKXj1pNn-NaD8bCs/sendMessage?chat_id=562036772&text=Whats+your+name%3F HTTP/1.1" 200 279
Fri, 11 May 2018 19:03:32 DEBUG    https://api.telegram.org:443 "GET /bot597935817:AAGAbCwCGnHD7yqsGLbPKXj1pNn-NaD8bCs/getUpdates?offset=461431293&timeout=20 HTTP/1.1" 200 336
Fri, 11 May 2018 19:03:52 DEBUG    https://api.telegram.org:443 "GET /bot597935817:AAGAbCwCGnHD7yqsGLbPKXj1pNn-NaD8bCs/getUpdates?offset=461431294&timeout=20 HTTP/1.1" 200 23
Fri, 11 May 2018 19:04:16 DEBUG    https://api.telegram.org:443 "GET /bot597935817:AAGAbCwCGnHD7yqsGLbPKXj1pNn-NaD8bCs/getUpdates?offset=461431294&timeout=20 HTTP/1.1" 200 23
Fri, 11 May 2018 19:04:38 DEBUG    https://api.telegram.org:443 "GET /bot597935817:AAGAbCwCGnHD7yqsGLbPKXj1pNn-NaD8bCs/getUpdates?offset=461431294&timeout=20 HTTP/1.1" 200 23
Fri, 11 May 2018 19:04:58 DEBUG    https://api.telegram.org:443 "GET /bot597935817:AAGAbCwCGnHD7yqsGLbPKXj1pNn-NaD8bCs/getUpdates?offset=461431294&timeout=20 HTTP/1.1" 200 23
Fri, 11 May 2018 19:05:19 DEBUG    https://api.telegram.org:443 "GET /bot597935817:AAGAbCwCGnHD7yqsGLbPKXj1pNn-NaD8bCs/getUpdates?offset=461431294&timeout=20 HTTP/1.1" 200 23
Fri, 11 May 2018 19:05:39 DEBUG    https://api.telegram.org:443 "GET /bot597935817:AAGAbCwCGnHD7yqsGLbPKXj1pNn-NaD8bCs/getUpdates?offset=461431294&timeout=20 HTTP/1.1" 200 23
Fri, 11 May 2018 19:06:00 DEBUG    https://api.telegram.org:443 "GET /bot597935817:AAGAbCwCGnHD7yqsGLbPKXj1pNn-NaD8bCs/getUpdates?offset=461431294&timeout=20 HTTP/1.1" 200 23
Fri, 11 May 2018 19:06:22 DEBUG    https://api.telegram.org:443 "GET /bot597935817:AAGAbCwCGnHD7yqsGLbPKXj1pNn-NaD8bCs/getUpdates?offset=461431294&timeout=20 HTTP/1.1" 200 23
Fri, 11 May 2018 19:06:42 DEBUG    https://api.telegram.org:443 "GET /bot597935817:AAGAbCwCGnHD7yqsGLbPKXj1pNn-NaD8bCs/getUpdates?offset=461431294&timeout=20 HTTP/1.1" 200 23
Fri, 11 May 2018 19:07:02 DEBUG    https://api.telegram.org:443 "GET /bot597935817:AAGAbCwCGnHD7yqsGLbPKXj1pNn-NaD8bCs/getUpdates?offset=461431294&timeout=20 HTTP/1.1" 200 23
Fri, 11 May 2018 19:07:23 DEBUG    https://api.telegram.org:443 "GET /bot597935817:AAGAbCwCGnHD7yqsGLbPKXj1pNn-NaD8bCs/getUpdates?offset=461431294&timeout=20 HTTP/1.1" 200 23
Fri, 11 May 2018 19:07:45 DEBUG    https://api.telegram.org:443 "GET /bot597935817:AAGAbCwCGnHD7yqsGLbPKXj1pNn-NaD8bCs/getUpdates?offset=461431294&timeout=20 HTTP/1.1" 200 23
Fri, 11 May 2018 19:08:07 DEBUG    https://api.telegram.org:443 "GET /bot597935817:AAGAbCwCGnHD7yqsGLbPKXj1pNn-NaD8bCs/getUpdates?offset=461431294&timeout=20 HTTP/1.1" 200 23
Fri, 11 May 2018 19:08:27 DEBUG    https://api.telegram.org:443 "GET /bot597935817:AAGAbCwCGnHD7yqsGLbPKXj1pNn-NaD8bCs/getUpdates?offset=461431294&timeout=20 HTTP/1.1" 200 23
Fri, 11 May 2018 19:08:47 DEBUG    https://api.telegram.org:443 "GET /bot597935817:AAGAbCwCGnHD7yqsGLbPKXj1pNn-NaD8bCs/getUpdates?offset=461431294&timeout=20 HTTP/1.1" 200 23
Fri, 11 May 2018 19:09:07 DEBUG    https://api.telegram.org:443 "GET /bot597935817:AAGAbCwCGnHD7yqsGLbPKXj1pNn-NaD8bCs/getUpdates?offset=461431294&timeout=20 HTTP/1.1" 200 23
Fri, 11 May 2018 19:09:28 DEBUG    https://api.telegram.org:443 "GET /bot597935817:AAGAbCwCGnHD7yqsGLbPKXj1pNn-NaD8bCs/getUpdates?offset=461431294&timeout=20 HTTP/1.1" 200 23
Fri, 11 May 2018 19:09:48 DEBUG    https://api.telegram.org:443 "GET /bot597935817:AAGAbCwCGnHD7yqsGLbPKXj1pNn-NaD8bCs/getUpdates?offset=461431294&timeout=20 HTTP/1.1" 200 23
Fri, 11 May 2018 19:10:08 DEBUG    https://api.telegram.org:443 "GET /bot597935817:AAGAbCwCGnHD7yqsGLbPKXj1pNn-NaD8bCs/getUpdates?offset=461431294&timeout=20 HTTP/1.1" 200 23
Fri, 11 May 2018 19:10:28 DEBUG    https://api.telegram.org:443 "GET /bot597935817:AAGAbCwCGnHD7yqsGLbPKXj1pNn-NaD8bCs/getUpdates?offset=461431294&timeout=20 HTTP/1.1" 200 23
Fri, 11 May 2018 19:10:52 DEBUG    https://api.telegram.org:443 "GET /bot597935817:AAGAbCwCGnHD7yqsGLbPKXj1pNn-NaD8bCs/getUpdates?offset=461431294&timeout=20 HTTP/1.1" 200 23
Fri, 11 May 2018 19:11:17 DEBUG    https://api.telegram.org:443 "GET /bot597935817:AAGAbCwCGnHD7yqsGLbPKXj1pNn-NaD8bCs/getUpdates?offset=461431294&timeout=20 HTTP/1.1" 200 23
Fri, 11 May 2018 19:11:38 DEBUG    https://api.telegram.org:443 "GET /bot597935817:AAGAbCwCGnHD7yqsGLbPKXj1pNn-NaD8bCs/getUpdates?offset=461431294&timeout=20 HTTP/1.1" 200 23
Fri, 11 May 2018 19:11:58 DEBUG    https://api.telegram.org:443 "GET /bot597935817:AAGAbCwCGnHD7yqsGLbPKXj1pNn-NaD8bCs/getUpdates?offset=461431294&timeout=20 HTTP/1.1" 200 23
Fri, 11 May 2018 19:12:20 DEBUG    https://api.telegram.org:443 "GET /bot597935817:AAGAbCwCGnHD7yqsGLbPKXj1pNn-NaD8bCs/getUpdates?offset=461431294&timeout=20 HTTP/1.1" 200 23
Fri, 11 May 2018 19:12:40 DEBUG    https://api.telegram.org:443 "GET /bot597935817:AAGAbCwCGnHD7yqsGLbPKXj1pNn-NaD8bCs/getUpdates?offset=461431294&timeout=20 HTTP/1.1" 200 23
Fri, 11 May 2018 19:13:00 DEBUG    https://api.telegram.org:443 "GET /bot597935817:AAGAbCwCGnHD7yqsGLbPKXj1pNn-NaD8bCs/getUpdates?offset=461431294&timeout=20 HTTP/1.1" 200 23
Fri, 11 May 2018 19:13:20 DEBUG    https://api.telegram.org:443 "GET /bot597935817:AAGAbCwCGnHD7yqsGLbPKXj1pNn-NaD8bCs/getUpdates?offset=461431294&timeout=20 HTTP/1.1" 200 23
Fri, 11 May 2018 20:03:20 DEBUG    A debug message
Fri, 11 May 2018 20:03:20 INFO     Some information
Fri, 11 May 2018 20:03:20 WARNING  A shot across the bows
Fri, 11 May 2018 20:03:21 DEBUG    https://api.telegram.org:443 "POST /bot597935817:AAGAbCwCGnHD7yqsGLbPKXj1pNn-NaD8bCs/sendMessage?chat_id=562036772&text=Whats+your+name%3F HTTP/1.1" 200 279
Fri, 11 May 2018 20:03:21 DEBUG    https://api.telegram.org:443 "POST /bot597935817:AAGAbCwCGnHD7yqsGLbPKXj1pNn-NaD8bCs/sendMessage?chat_id=562036772&text=Write+your+addres+and+city HTTP/1.1" 200 289
Fri, 11 May 2018 20:03:21 DEBUG    https://api.telegram.org:443 "POST /bot597935817:AAGAbCwCGnHD7yqsGLbPKXj1pNn-NaD8bCs/sendMessage?chat_id=562036772&text=How+old+are+you%3F HTTP/1.1" 200 279
Fri, 11 May 2018 20:03:21 DEBUG    https://api.telegram.org:443 "POST /bot597935817:AAGAbCwCGnHD7yqsGLbPKXj1pNn-NaD8bCs/sendMessage?chat_id=562036772&text=Write+essence+of+complaint HTTP/1.1" 200 289
Fri, 11 May 2018 20:03:40 DEBUG    https://api.telegram.org:443 "GET /bot597935817:AAGAbCwCGnHD7yqsGLbPKXj1pNn-NaD8bCs/getUpdates?offset=461431295&timeout=20 HTTP/1.1" 200 23
Fri, 11 May 2018 20:04:00 DEBUG    https://api.telegram.org:443 "GET /bot597935817:AAGAbCwCGnHD7yqsGLbPKXj1pNn-NaD8bCs/getUpdates?offset=461431295&timeout=20 HTTP/1.1" 200 23
Fri, 11 May 2018 20:05:24 DEBUG    https://api.telegram.org:443 "POST /bot597935817:AAGAbCwCGnHD7yqsGLbPKXj1pNn-NaD8bCs/sendMessage?chat_id=562036772&text=Whats+your+name%3F HTTP/1.1" 200 279
Fri, 11 May 2018 20:05:24 DEBUG    https://api.telegram.org:443 "POST /bot597935817:AAGAbCwCGnHD7yqsGLbPKXj1pNn-NaD8bCs/sendMessage?chat_id=562036772&text=Write+your+addres+and+city HTTP/1.1" 200 289
Fri, 11 May 2018 20:05:24 DEBUG    https://api.telegram.org:443 "POST /bot597935817:AAGAbCwCGnHD7yqsGLbPKXj1pNn-NaD8bCs/sendMessage?chat_id=562036772&text=How+old+are+you%3F HTTP/1.1" 200 279
Fri, 11 May 2018 20:05:24 DEBUG    https://api.telegram.org:443 "POST /bot597935817:AAGAbCwCGnHD7yqsGLbPKXj1pNn-NaD8bCs/sendMessage?chat_id=562036772&text=Write+essence+of+complaint HTTP/1.1" 200 289
Fri, 11 May 2018 20:20:50 DEBUG    https://api.telegram.org:443 "POST /bot597935817:AAGAbCwCGnHD7yqsGLbPKXj1pNn-NaD8bCs/sendMessage?chat_id=562036772&text=Whats+your+name%3F HTTP/1.1" 200 279
Fri, 11 May 2018 20:20:50 DEBUG    https://api.telegram.org:443 "POST /bot597935817:AAGAbCwCGnHD7yqsGLbPKXj1pNn-NaD8bCs/sendMessage?chat_id=562036772&text=Write+your+addres+and+city HTTP/1.1" 200 289
Fri, 11 May 2018 20:20:51 DEBUG    https://api.telegram.org:443 "POST /bot597935817:AAGAbCwCGnHD7yqsGLbPKXj1pNn-NaD8bCs/sendMessage?chat_id=562036772&text=How+old+are+you%3F HTTP/1.1" 200 279
Fri, 11 May 2018 20:20:51 DEBUG    https://api.telegram.org:443 "POST /bot597935817:AAGAbCwCGnHD7yqsGLbPKXj1pNn-NaD8bCs/sendMessage?chat_id=562036772&text=Write+essence+of+complaint HTTP/1.1" 200 289
Fri, 11 May 2018 20:21:12 DEBUG    https://api.telegram.org:443 "GET /bot597935817:AAGAbCwCGnHD7yqsGLbPKXj1pNn-NaD8bCs/getUpdates?offset=461431297&timeout=20 HTTP/1.1" 200 23
Fri, 11 May 2018 20:21:32 DEBUG    https://api.telegram.org:443 "GET /bot597935817:AAGAbCwCGnHD7yqsGLbPKXj1pNn-NaD8bCs/getUpdates?offset=461431297&timeout=20 HTTP/1.1" 200 23
Fri, 11 May 2018 20:21:44 DEBUG    https://api.telegram.org:443 "GET /bot597935817:AAGAbCwCGnHD7yqsGLbPKXj1pNn-NaD8bCs/getUpdates?offset=461431297&timeout=20 HTTP/1.1" 200 335
Fri, 11 May 2018 20:21:44 DEBUG    Starting new HTTPS connection (1): api.telegram.org
Fri, 11 May 2018 20:21:44 DEBUG    https://api.telegram.org:443 "POST /bot597935817:AAGAbCwCGnHD7yqsGLbPKXj1pNn-NaD8bCs/sendMessage?chat_id=562036772&text=Now HTTP/1.1" 200 266
Fri, 11 May 2018 20:21:44 DEBUG    https://api.telegram.org:443 "POST /bot597935817:AAGAbCwCGnHD7yqsGLbPKXj1pNn-NaD8bCs/sendMessage?chat_id=562036772&text=Now HTTP/1.1" 200 266
Fri, 11 May 2018 20:21:44 DEBUG    https://api.telegram.org:443 "POST /bot597935817:AAGAbCwCGnHD7yqsGLbPKXj1pNn-NaD8bCs/sendMessage?chat_id=562036772&text=Now HTTP/1.1" 200 266
Fri, 11 May 2018 20:21:44 DEBUG    https://api.telegram.org:443 "POST /bot597935817:AAGAbCwCGnHD7yqsGLbPKXj1pNn-NaD8bCs/sendMessage?chat_id=562036772&text=Now HTTP/1.1" 200 266
Fri, 11 May 2018 20:22:04 DEBUG    https://api.telegram.org:443 "GET /bot597935817:AAGAbCwCGnHD7yqsGLbPKXj1pNn-NaD8bCs/getUpdates?offset=461431298&timeout=20 HTTP/1.1" 200 23
Fri, 11 May 2018 20:22:24 DEBUG    https://api.telegram.org:443 "GET /bot597935817:AAGAbCwCGnHD7yqsGLbPKXj1pNn-NaD8bCs/getUpdates?offset=461431298&timeout=20 HTTP/1.1" 200 23
Fri, 11 May 2018 20:22:44 DEBUG    https://api.telegram.org:443 "GET /bot597935817:AAGAbCwCGnHD7yqsGLbPKXj1pNn-NaD8bCs/getUpdates?offset=461431298&timeout=20 HTTP/1.1" 200 23
Fri, 11 May 2018 20:23:04 DEBUG    https://api.telegram.org:443 "GET /bot597935817:AAGAbCwCGnHD7yqsGLbPKXj1pNn-NaD8bCs/getUpdates?offset=461431298&timeout=20 HTTP/1.1" 200 23
Fri, 11 May 2018 20:23:24 DEBUG    https://api.telegram.org:443 "GET /bot597935817:AAGAbCwCGnHD7yqsGLbPKXj1pNn-NaD8bCs/getUpdates?offset=461431298&timeout=20 HTTP/1.1" 200 23
Fri, 11 May 2018 20:23:45 DEBUG    https://api.telegram.org:443 "GET /bot597935817:AAGAbCwCGnHD7yqsGLbPKXj1pNn-NaD8bCs/getUpdates?offset=461431298&timeout=20 HTTP/1.1" 200 23
Fri, 11 May 2018 20:24:05 DEBUG    https://api.telegram.org:443 "GET /bot597935817:AAGAbCwCGnHD7yqsGLbPKXj1pNn-NaD8bCs/getUpdates?offset=461431298&timeout=20 HTTP/1.1" 200 23
Fri, 11 May 2018 20:24:25 DEBUG    https://api.telegram.org:443 "GET /bot597935817:AAGAbCwCGnHD7yqsGLbPKXj1pNn-NaD8bCs/getUpdates?offset=461431298&timeout=20 HTTP/1.1" 200 23
Fri, 11 May 2018 20:24:45 DEBUG    https://api.telegram.org:443 "GET /bot597935817:AAGAbCwCGnHD7yqsGLbPKXj1pNn-NaD8bCs/getUpdates?offset=461431298&timeout=20 HTTP/1.1" 200 23
Fri, 11 May 2018 20:25:05 DEBUG    https://api.telegram.org:443 "GET /bot597935817:AAGAbCwCGnHD7yqsGLbPKXj1pNn-NaD8bCs/getUpdates?offset=461431298&timeout=20 HTTP/1.1" 200 23
Fri, 11 May 2018 20:25:26 DEBUG    https://api.telegram.org:443 "GET /bot597935817:AAGAbCwCGnHD7yqsGLbPKXj1pNn-NaD8bCs/getUpdates?offset=461431298&timeout=20 HTTP/1.1" 200 23
Fri, 11 May 2018 20:25:47 DEBUG    https://api.telegram.org:443 "GET /bot597935817:AAGAbCwCGnHD7yqsGLbPKXj1pNn-NaD8bCs/getUpdates?offset=461431298&timeout=20 HTTP/1.1" 200 23
Fri, 11 May 2018 20:26:07 DEBUG    https://api.telegram.org:443 "GET /bot597935817:AAGAbCwCGnHD7yqsGLbPKXj1pNn-NaD8bCs/getUpdates?offset=461431298&timeout=20 HTTP/1.1" 200 23
Fri, 11 May 2018 20:26:27 DEBUG    https://api.telegram.org:443 "GET /bot597935817:AAGAbCwCGnHD7yqsGLbPKXj1pNn-NaD8bCs/getUpdates?offset=461431298&timeout=20 HTTP/1.1" 200 23
Fri, 11 May 2018 20:26:47 DEBUG    https://api.telegram.org:443 "GET /bot597935817:AAGAbCwCGnHD7yqsGLbPKXj1pNn-NaD8bCs/getUpdates?offset=461431298&timeout=20 HTTP/1.1" 200 23
Fri, 11 May 2018 20:27:07 DEBUG    https://api.telegram.org:443 "GET /bot597935817:AAGAbCwCGnHD7yqsGLbPKXj1pNn-NaD8bCs/getUpdates?offset=461431298&timeout=20 HTTP/1.1" 200 23
Fri, 11 May 2018 20:27:27 DEBUG    https://api.telegram.org:443 "GET /bot597935817:AAGAbCwCGnHD7yqsGLbPKXj1pNn-NaD8bCs/getUpdates?offset=461431298&timeout=20 HTTP/1.1" 200 23
Fri, 11 May 2018 20:27:48 DEBUG    https://api.telegram.org:443 "GET /bot597935817:AAGAbCwCGnHD7yqsGLbPKXj1pNn-NaD8bCs/getUpdates?offset=461431298&timeout=20 HTTP/1.1" 200 23
Fri, 11 May 2018 20:28:08 DEBUG    https://api.telegram.org:443 "GET /bot597935817:AAGAbCwCGnHD7yqsGLbPKXj1pNn-NaD8bCs/getUpdates?offset=461431298&timeout=20 HTTP/1.1" 200 23
Fri, 11 May 2018 20:28:28 DEBUG    https://api.telegram.org:443 "GET /bot597935817:AAGAbCwCGnHD7yqsGLbPKXj1pNn-NaD8bCs/getUpdates?offset=461431298&timeout=20 HTTP/1.1" 200 23
Fri, 11 May 2018 20:28:48 DEBUG    https://api.telegram.org:443 "GET /bot597935817:AAGAbCwCGnHD7yqsGLbPKXj1pNn-NaD8bCs/getUpdates?offset=461431298&timeout=20 HTTP/1.1" 200 23
Fri, 11 May 2018 20:29:08 DEBUG    https://api.telegram.org:443 "GET /bot597935817:AAGAbCwCGnHD7yqsGLbPKXj1pNn-NaD8bCs/getUpdates?offset=461431298&timeout=20 HTTP/1.1" 200 23
Fri, 11 May 2018 20:29:28 DEBUG    https://api.telegram.org:443 "GET /bot597935817:AAGAbCwCGnHD7yqsGLbPKXj1pNn-NaD8bCs/getUpdates?offset=461431298&timeout=20 HTTP/1.1" 200 23
Fri, 11 May 2018 20:29:48 DEBUG    https://api.telegram.org:443 "GET /bot597935817:AAGAbCwCGnHD7yqsGLbPKXj1pNn-NaD8bCs/getUpdates?offset=461431298&timeout=20 HTTP/1.1" 200 23
Fri, 11 May 2018 20:30:09 DEBUG    https://api.telegram.org:443 "GET /bot597935817:AAGAbCwCGnHD7yqsGLbPKXj1pNn-NaD8bCs/getUpdates?offset=461431298&timeout=20 HTTP/1.1" 200 23
Fri, 11 May 2018 20:30:30 DEBUG    https://api.telegram.org:443 "GET /bot597935817:AAGAbCwCGnHD7yqsGLbPKXj1pNn-NaD8bCs/getUpdates?offset=461431298&timeout=20 HTTP/1.1" 200 23
Fri, 11 May 2018 20:30:50 DEBUG    https://api.telegram.org:443 "GET /bot597935817:AAGAbCwCGnHD7yqsGLbPKXj1pNn-NaD8bCs/getUpdates?offset=461431298&timeout=20 HTTP/1.1" 200 23
Fri, 11 May 2018 20:31:15 DEBUG    https://api.telegram.org:443 "GET /bot597935817:AAGAbCwCGnHD7yqsGLbPKXj1pNn-NaD8bCs/getUpdates?offset=461431298&timeout=20 HTTP/1.1" 200 23
Fri, 11 May 2018 20:31:35 DEBUG    https://api.telegram.org:443 "GET /bot597935817:AAGAbCwCGnHD7yqsGLbPKXj1pNn-NaD8bCs/getUpdates?offset=461431298&timeout=20 HTTP/1.1" 200 23
Fri, 11 May 2018 20:31:56 DEBUG    https://api.telegram.org:443 "GET /bot597935817:AAGAbCwCGnHD7yqsGLbPKXj1pNn-NaD8bCs/getUpdates?offset=461431298&timeout=20 HTTP/1.1" 200 23
Fri, 11 May 2018 20:32:16 DEBUG    https://api.telegram.org:443 "GET /bot597935817:AAGAbCwCGnHD7yqsGLbPKXj1pNn-NaD8bCs/getUpdates?offset=461431298&timeout=20 HTTP/1.1" 200 23
Fri, 11 May 2018 20:32:36 DEBUG    https://api.telegram.org:443 "GET /bot597935817:AAGAbCwCGnHD7yqsGLbPKXj1pNn-NaD8bCs/getUpdates?offset=461431298&timeout=20 HTTP/1.1" 200 23
Fri, 11 May 2018 20:32:56 DEBUG    https://api.telegram.org:443 "GET /bot597935817:AAGAbCwCGnHD7yqsGLbPKXj1pNn-NaD8bCs/getUpdates?offset=461431298&timeout=20 HTTP/1.1" 200 23
Fri, 11 May 2018 20:33:17 DEBUG    https://api.telegram.org:443 "GET /bot597935817:AAGAbCwCGnHD7yqsGLbPKXj1pNn-NaD8bCs/getUpdates?offset=461431298&timeout=20 HTTP/1.1" 200 23
Fri, 11 May 2018 20:33:37 DEBUG    https://api.telegram.org:443 "GET /bot597935817:AAGAbCwCGnHD7yqsGLbPKXj1pNn-NaD8bCs/getUpdates?offset=461431298&timeout=20 HTTP/1.1" 200 23
Fri, 11 May 2018 20:33:57 DEBUG    https://api.telegram.org:443 "GET /bot597935817:AAGAbCwCGnHD7yqsGLbPKXj1pNn-NaD8bCs/getUpdates?offset=461431298&timeout=20 HTTP/1.1" 200 23
Fri, 11 May 2018 20:34:17 DEBUG    https://api.telegram.org:443 "GET /bot597935817:AAGAbCwCGnHD7yqsGLbPKXj1pNn-NaD8bCs/getUpdates?offset=461431298&timeout=20 HTTP/1.1" 200 23
Fri, 11 May 2018 20:34:37 DEBUG    https://api.telegram.org:443 "GET /bot597935817:AAGAbCwCGnHD7yqsGLbPKXj1pNn-NaD8bCs/getUpdates?offset=461431298&timeout=20 HTTP/1.1" 200 23
Fri, 11 May 2018 20:34:57 DEBUG    https://api.telegram.org:443 "GET /bot597935817:AAGAbCwCGnHD7yqsGLbPKXj1pNn-NaD8bCs/getUpdates?offset=461431298&timeout=20 HTTP/1.1" 200 23
Fri, 11 May 2018 20:35:17 DEBUG    https://api.telegram.org:443 "GET /bot597935817:AAGAbCwCGnHD7yqsGLbPKXj1pNn-NaD8bCs/getUpdates?offset=461431298&timeout=20 HTTP/1.1" 200 23
Fri, 11 May 2018 20:35:37 DEBUG    https://api.telegram.org:443 "GET /bot597935817:AAGAbCwCGnHD7yqsGLbPKXj1pNn-NaD8bCs/getUpdates?offset=461431298&timeout=20 HTTP/1.1" 200 23
Fri, 11 May 2018 20:35:57 DEBUG    https://api.telegram.org:443 "GET /bot597935817:AAGAbCwCGnHD7yqsGLbPKXj1pNn-NaD8bCs/getUpdates?offset=461431298&timeout=20 HTTP/1.1" 200 23
Fri, 11 May 2018 20:36:17 DEBUG    https://api.telegram.org:443 "GET /bot597935817:AAGAbCwCGnHD7yqsGLbPKXj1pNn-NaD8bCs/getUpdates?offset=461431298&timeout=20 HTTP/1.1" 200 23
Fri, 11 May 2018 20:36:38 DEBUG    https://api.telegram.org:443 "GET /bot597935817:AAGAbCwCGnHD7yqsGLbPKXj1pNn-NaD8bCs/getUpdates?offset=461431298&timeout=20 HTTP/1.1" 200 23
Fri, 11 May 2018 20:36:58 DEBUG    https://api.telegram.org:443 "GET /bot597935817:AAGAbCwCGnHD7yqsGLbPKXj1pNn-NaD8bCs/getUpdates?offset=461431298&timeout=20 HTTP/1.1" 200 23
Fri, 11 May 2018 20:37:18 DEBUG    https://api.telegram.org:443 "GET /bot597935817:AAGAbCwCGnHD7yqsGLbPKXj1pNn-NaD8bCs/getUpdates?offset=461431298&timeout=20 HTTP/1.1" 200 23
Fri, 11 May 2018 20:37:38 DEBUG    https://api.telegram.org:443 "GET /bot597935817:AAGAbCwCGnHD7yqsGLbPKXj1pNn-NaD8bCs/getUpdates?offset=461431298&timeout=20 HTTP/1.1" 200 23
Fri, 11 May 2018 20:37:58 DEBUG    https://api.telegram.org:443 "GET /bot597935817:AAGAbCwCGnHD7yqsGLbPKXj1pNn-NaD8bCs/getUpdates?offset=461431298&timeout=20 HTTP/1.1" 200 23
Fri, 11 May 2018 20:42:05 ERROR    NameError occurred, args=("name 'wait' is not defined",)
Traceback (most recent call last):
  File "C:\Users\Пользователь\AppData\Local\Programs\Python\Python36-32\lib\site-packages\telebot\util.py", line 59, in run
    task(*args, **kwargs)
  File "C:\Users\Пользователь\Documents\GitHub\python\Дз по python\Дз8\ТЗ\TZ_code.py", line 48, in start
    testingZikl(message)
  File "C:\Users\Пользователь\Documents\GitHub\python\Дз по python\Дз8\ТЗ\TZ_code.py", line 56, in testingZikl
    wait('5')
NameError: name 'wait' is not defined

Fri, 11 May 2018 20:42:23 ERROR    NameError occurred, args=("name 'waiting' is not defined",)
Traceback (most recent call last):
  File "C:\Users\Пользователь\AppData\Local\Programs\Python\Python36-32\lib\site-packages\telebot\util.py", line 59, in run
    task(*args, **kwargs)
  File "C:\Users\Пользователь\Documents\GitHub\python\Дз по python\Дз8\ТЗ\TZ_code.py", line 48, in start
    testingZikl(message)
  File "C:\Users\Пользователь\Documents\GitHub\python\Дз по python\Дз8\ТЗ\TZ_code.py", line 56, in testingZikl
    waiting(5)
NameError: name 'waiting' is not defined

Fri, 11 May 2018 20:56:59 ERROR    AttributeError occurred, args=("'list' object has no attribute 'length'",)
Traceback (most recent call last):
  File "C:\Users\Пользователь\AppData\Local\Programs\Python\Python36-32\lib\site-packages\telebot\util.py", line 59, in run
    task(*args, **kwargs)
  File "C:\Users\Пользователь\Documents\GitHub\python\Дз по python\Дз8\ТЗ\TZ_code.py", line 48, in start
    testingZikl(message)
  File "C:\Users\Пользователь\Documents\GitHub\python\Дз по python\Дз8\ТЗ\TZ_code.py", line 55, in testingZikl
    print(results.length)
AttributeError: 'list' object has no attribute 'length'

Fri, 11 May 2018 20:57:18 DEBUG    https://api.telegram.org:443 "GET /bot597935817:AAGAbCwCGnHD7yqsGLbPKXj1pNn-NaD8bCs/getUpdates?offset=461431301&timeout=20 HTTP/1.1" 200 23
Fri, 11 May 2018 20:58:45 ERROR    AttributeError occurred, args=("'list' object has no attribute 'length'",)
Traceback (most recent call last):
  File "C:\Users\Пользователь\AppData\Local\Programs\Python\Python36-32\lib\site-packages\telebot\util.py", line 59, in run
    task(*args, **kwargs)
  File "C:\Users\Пользователь\Documents\GitHub\python\Дз по python\Дз8\ТЗ\TZ_code.py", line 48, in start
    testingZikl(message)
  File "C:\Users\Пользователь\Documents\GitHub\python\Дз по python\Дз8\ТЗ\TZ_code.py", line 56, in testingZikl
    for i in results.length:
AttributeError: 'list' object has no attribute 'length'

Fri, 11 May 2018 20:59:04 DEBUG    https://api.telegram.org:443 "GET /bot597935817:AAGAbCwCGnHD7yqsGLbPKXj1pNn-NaD8bCs/getUpdates?offset=461431302&timeout=20 HTTP/1.1" 200 23
Fri, 11 May 2018 21:04:44 ERROR    TypeError occurred, args=("'int' object is not iterable",)
Traceback (most recent call last):
  File "C:\Users\Пользователь\AppData\Local\Programs\Python\Python36-32\lib\site-packages\telebot\util.py", line 59, in run
    task(*args, **kwargs)
  File "C:\Users\Пользователь\Documents\GitHub\python\Дз по python\Дз8\ТЗ\TZ_code.py", line 48, in start
    testingZikl(message)
  File "C:\Users\Пользователь\Documents\GitHub\python\Дз по python\Дз8\ТЗ\TZ_code.py", line 55, in testingZikl
    for i in len(results):
TypeError: 'int' object is not iterable

Fri, 11 May 2018 21:08:00 DEBUG    https://api.telegram.org:443 "POST /bot597935817:AAGAbCwCGnHD7yqsGLbPKXj1pNn-NaD8bCs/sendMessage?chat_id=562036772&text=Whats+your+name%3F HTTP/1.1" 200 279
Fri, 11 May 2018 21:08:00 ERROR    NameError occurred, args=("name 'j' is not defined",)
Traceback (most recent call last):
  File "C:\Users\Пользователь\AppData\Local\Programs\Python\Python36-32\lib\site-packages\telebot\util.py", line 59, in run
    task(*args, **kwargs)
  File "C:\Users\Пользователь\Documents\GitHub\python\Дз по python\Дз8\ТЗ\TZ_code.py", line 48, in start
    testingZikl(message)
  File "C:\Users\Пользователь\Documents\GitHub\python\Дз по python\Дз8\ТЗ\TZ_code.py", line 56, in testingZikl
    while j < len(results):
NameError: name 'j' is not defined

Fri, 11 May 2018 21:30:17 ERROR    NameError occurred, args=("name 'i' is not defined",)
Traceback (most recent call last):
  File "C:\Users\Пользователь\AppData\Local\Programs\Python\Python36-32\lib\site-packages\telebot\util.py", line 59, in run
    task(*args, **kwargs)
  File "C:\Users\Пользователь\Documents\GitHub\python\Дз по python\Дз8\ТЗ\TZ_code.py", line 48, in start
    testingZikl(message)
  File "C:\Users\Пользователь\Documents\GitHub\python\Дз по python\Дз8\ТЗ\TZ_code.py", line 55, in testingZikl
    continue1(message,i)
  File "C:\Users\Пользователь\Documents\GitHub\python\Дз по python\Дз8\ТЗ\TZ_code.py", line 66, in continue1
    bot.send_message(message.chat.id,i)
NameError: name 'i' is not defined

Fri, 11 May 2018 21:30:37 DEBUG    https://api.telegram.org:443 "GET /bot597935817:AAGAbCwCGnHD7yqsGLbPKXj1pNn-NaD8bCs/getUpdates?offset=461431305&timeout=20 HTTP/1.1" 200 23
Fri, 11 May 2018 21:31:01 DEBUG    https://api.telegram.org:443 "POST /bot597935817:AAGAbCwCGnHD7yqsGLbPKXj1pNn-NaD8bCs/sendMessage?chat_id=562036772&text=Whats+your+name%3F HTTP/1.1" 200 279
Fri, 11 May 2018 21:31:02 DEBUG    https://api.telegram.org:443 "POST /bot597935817:AAGAbCwCGnHD7yqsGLbPKXj1pNn-NaD8bCs/sendMessage?chat_id=562036772&text=Write+your+addres+and+city HTTP/1.1" 200 289
Fri, 11 May 2018 21:31:02 DEBUG    https://api.telegram.org:443 "POST /bot597935817:AAGAbCwCGnHD7yqsGLbPKXj1pNn-NaD8bCs/sendMessage?chat_id=562036772&text=How+old+are+you%3F HTTP/1.1" 200 279
Fri, 11 May 2018 21:31:02 DEBUG    https://api.telegram.org:443 "POST /bot597935817:AAGAbCwCGnHD7yqsGLbPKXj1pNn-NaD8bCs/sendMessage?chat_id=562036772&text=Write+essence+of+complaint HTTP/1.1" 200 289
Fri, 11 May 2018 21:31:21 DEBUG    https://api.telegram.org:443 "GET /bot597935817:AAGAbCwCGnHD7yqsGLbPKXj1pNn-NaD8bCs/getUpdates?offset=461431306&timeout=20 HTTP/1.1" 200 23
Fri, 11 May 2018 22:09:26 DEBUG    https://api.telegram.org:443 "POST /bot597935817:AAGAbCwCGnHD7yqsGLbPKXj1pNn-NaD8bCs/sendMessage?chat_id=562036772&text=Whats+your+name%3F HTTP/1.1" 200 279
Fri, 11 May 2018 22:09:26 DEBUG    https://api.telegram.org:443 "POST /bot597935817:AAGAbCwCGnHD7yqsGLbPKXj1pNn-NaD8bCs/sendMessage?chat_id=562036772&text=Write+your+addres+and+city HTTP/1.1" 200 289
Fri, 11 May 2018 22:09:26 DEBUG    https://api.telegram.org:443 "POST /bot597935817:AAGAbCwCGnHD7yqsGLbPKXj1pNn-NaD8bCs/sendMessage?chat_id=562036772&text=How+old+are+you%3F HTTP/1.1" 200 279
Fri, 11 May 2018 22:09:26 DEBUG    https://api.telegram.org:443 "POST /bot597935817:AAGAbCwCGnHD7yqsGLbPKXj1pNn-NaD8bCs/sendMessage?chat_id=562036772&text=Write+essence+of+complaint HTTP/1.1" 200 289
Fri, 11 May 2018 22:09:45 DEBUG    https://api.telegram.org:443 "GET /bot597935817:AAGAbCwCGnHD7yqsGLbPKXj1pNn-NaD8bCs/getUpdates?offset=461431307&timeout=20 HTTP/1.1" 200 23
Fri, 11 May 2018 22:10:05 DEBUG    https://api.telegram.org:443 "GET /bot597935817:AAGAbCwCGnHD7yqsGLbPKXj1pNn-NaD8bCs/getUpdates?offset=461431307&timeout=20 HTTP/1.1" 200 23
Fri, 11 May 2018 22:10:25 DEBUG    https://api.telegram.org:443 "GET /bot597935817:AAGAbCwCGnHD7yqsGLbPKXj1pNn-NaD8bCs/getUpdates?offset=461431307&timeout=20 HTTP/1.1" 200 23
Fri, 11 May 2018 22:10:45 DEBUG    https://api.telegram.org:443 "GET /bot597935817:AAGAbCwCGnHD7yqsGLbPKXj1pNn-NaD8bCs/getUpdates?offset=461431307&timeout=20 HTTP/1.1" 200 23
Fri, 11 May 2018 22:11:06 DEBUG    https://api.telegram.org:443 "GET /bot597935817:AAGAbCwCGnHD7yqsGLbPKXj1pNn-NaD8bCs/getUpdates?offset=461431307&timeout=20 HTTP/1.1" 200 23
Fri, 11 May 2018 22:11:26 DEBUG    https://api.telegram.org:443 "GET /bot597935817:AAGAbCwCGnHD7yqsGLbPKXj1pNn-NaD8bCs/getUpdates?offset=461431307&timeout=20 HTTP/1.1" 200 23
Fri, 11 May 2018 22:11:46 DEBUG    https://api.telegram.org:443 "GET /bot597935817:AAGAbCwCGnHD7yqsGLbPKXj1pNn-NaD8bCs/getUpdates?offset=461431307&timeout=20 HTTP/1.1" 200 23
Fri, 11 May 2018 22:12:06 DEBUG    https://api.telegram.org:443 "GET /bot597935817:AAGAbCwCGnHD7yqsGLbPKXj1pNn-NaD8bCs/getUpdates?offset=461431307&timeout=20 HTTP/1.1" 200 23
Fri, 11 May 2018 22:19:01 DEBUG    https://api.telegram.org:443 "POST /bot597935817:AAGAbCwCGnHD7yqsGLbPKXj1pNn-NaD8bCs/sendMessage?chat_id=562036772&text=Whats+your+name%3F HTTP/1.1" 200 279
Fri, 11 May 2018 22:19:05 DEBUG    https://api.telegram.org:443 "GET /bot597935817:AAGAbCwCGnHD7yqsGLbPKXj1pNn-NaD8bCs/getUpdates?offset=461431308&timeout=20 HTTP/1.1" 200 23
Fri, 11 May 2018 22:19:23 DEBUG    https://api.telegram.org:443 "GET /bot597935817:AAGAbCwCGnHD7yqsGLbPKXj1pNn-NaD8bCs/getUpdates?offset=461431308&timeout=20 HTTP/1.1" 200 356
Fri, 11 May 2018 22:20:03 DEBUG    https://api.telegram.org:443 "POST /bot597935817:AAGAbCwCGnHD7yqsGLbPKXj1pNn-NaD8bCs/sendMessage?chat_id=562036772&text=Whats+your+name%3F HTTP/1.1" 200 279
Fri, 11 May 2018 22:20:08 DEBUG    https://api.telegram.org:443 "GET /bot597935817:AAGAbCwCGnHD7yqsGLbPKXj1pNn-NaD8bCs/getUpdates?offset=461431310&timeout=20 HTTP/1.1" 200 356
Fri, 11 May 2018 22:20:08 DEBUG    https://api.telegram.org:443 "POST /bot597935817:AAGAbCwCGnHD7yqsGLbPKXj1pNn-NaD8bCs/sendMessage?chat_id=562036772&text=Whats+your+name%3F HTTP/1.1" 200 279
Fri, 11 May 2018 22:20:13 DEBUG    https://api.telegram.org:443 "GET /bot597935817:AAGAbCwCGnHD7yqsGLbPKXj1pNn-NaD8bCs/getUpdates?offset=461431311&timeout=20 HTTP/1.1" 200 356
Fri, 11 May 2018 22:20:13 DEBUG    Starting new HTTPS connection (1): api.telegram.org
Fri, 11 May 2018 22:20:13 DEBUG    https://api.telegram.org:443 "POST /bot597935817:AAGAbCwCGnHD7yqsGLbPKXj1pNn-NaD8bCs/sendMessage?chat_id=562036772&text=Whats+your+name%3F HTTP/1.1" 200 279
Fri, 11 May 2018 22:28:16 DEBUG    https://api.telegram.org:443 "POST /bot597935817:AAGAbCwCGnHD7yqsGLbPKXj1pNn-NaD8bCs/sendMessage?chat_id=562036772&text=Whats+your+name%3F HTTP/1.1" 200 279
Fri, 11 May 2018 22:28:16 DEBUG    https://api.telegram.org:443 "POST /bot597935817:AAGAbCwCGnHD7yqsGLbPKXj1pNn-NaD8bCs/sendMessage?chat_id=562036772&text=Write+your+addres+and+city HTTP/1.1" 200 289
Fri, 11 May 2018 22:28:16 DEBUG    https://api.telegram.org:443 "POST /bot597935817:AAGAbCwCGnHD7yqsGLbPKXj1pNn-NaD8bCs/sendMessage?chat_id=562036772&text=How+old+are+you%3F HTTP/1.1" 200 279
Fri, 11 May 2018 22:28:16 DEBUG    https://api.telegram.org:443 "POST /bot597935817:AAGAbCwCGnHD7yqsGLbPKXj1pNn-NaD8bCs/sendMessage?chat_id=562036772&text=Write+essence+of+complaint HTTP/1.1" 200 289
Fri, 11 May 2018 22:28:36 DEBUG    https://api.telegram.org:443 "GET /bot597935817:AAGAbCwCGnHD7yqsGLbPKXj1pNn-NaD8bCs/getUpdates?offset=461431313&timeout=20 HTTP/1.1" 200 23
Fri, 11 May 2018 22:28:56 DEBUG    https://api.telegram.org:443 "GET /bot597935817:AAGAbCwCGnHD7yqsGLbPKXj1pNn-NaD8bCs/getUpdates?offset=461431313&timeout=20 HTTP/1.1" 200 23
Fri, 11 May 2018 22:29:20 DEBUG    https://api.telegram.org:443 "GET /bot597935817:AAGAbCwCGnHD7yqsGLbPKXj1pNn-NaD8bCs/getUpdates?offset=461431313&timeout=20 HTTP/1.1" 200 23
Fri, 11 May 2018 22:29:29 DEBUG    https://api.telegram.org:443 "POST /bot597935817:AAGAbCwCGnHD7yqsGLbPKXj1pNn-NaD8bCs/sendMessage?chat_id=562036772&text=Whats+your+name%3F HTTP/1.1" 200 279
Fri, 11 May 2018 22:29:29 DEBUG    https://api.telegram.org:443 "POST /bot597935817:AAGAbCwCGnHD7yqsGLbPKXj1pNn-NaD8bCs/sendMessage?chat_id=562036772&text=Write+your+addres+and+city HTTP/1.1" 200 289
Fri, 11 May 2018 22:29:29 DEBUG    https://api.telegram.org:443 "POST /bot597935817:AAGAbCwCGnHD7yqsGLbPKXj1pNn-NaD8bCs/sendMessage?chat_id=562036772&text=How+old+are+you%3F HTTP/1.1" 200 279
Fri, 11 May 2018 22:29:29 DEBUG    https://api.telegram.org:443 "POST /bot597935817:AAGAbCwCGnHD7yqsGLbPKXj1pNn-NaD8bCs/sendMessage?chat_id=562036772&text=Write+essence+of+complaint HTTP/1.1" 200 289
Fri, 11 May 2018 22:29:50 DEBUG    https://api.telegram.org:443 "GET /bot597935817:AAGAbCwCGnHD7yqsGLbPKXj1pNn-NaD8bCs/getUpdates?offset=461431314&timeout=20 HTTP/1.1" 200 23
Fri, 11 May 2018 22:30:16 DEBUG    https://api.telegram.org:443 "GET /bot597935817:AAGAbCwCGnHD7yqsGLbPKXj1pNn-NaD8bCs/getUpdates?offset=461431314&timeout=20 HTTP/1.1" 200 23
Fri, 11 May 2018 22:30:36 DEBUG    https://api.telegram.org:443 "GET /bot597935817:AAGAbCwCGnHD7yqsGLbPKXj1pNn-NaD8bCs/getUpdates?offset=461431314&timeout=20 HTTP/1.1" 200 23
Fri, 11 May 2018 22:30:56 DEBUG    https://api.telegram.org:443 "GET /bot597935817:AAGAbCwCGnHD7yqsGLbPKXj1pNn-NaD8bCs/getUpdates?offset=461431314&timeout=20 HTTP/1.1" 200 23
Fri, 11 May 2018 22:31:16 DEBUG    https://api.telegram.org:443 "GET /bot597935817:AAGAbCwCGnHD7yqsGLbPKXj1pNn-NaD8bCs/getUpdates?offset=461431314&timeout=20 HTTP/1.1" 200 23
Fri, 11 May 2018 22:31:36 DEBUG    https://api.telegram.org:443 "GET /bot597935817:AAGAbCwCGnHD7yqsGLbPKXj1pNn-NaD8bCs/getUpdates?offset=461431314&timeout=20 HTTP/1.1" 200 23
Fri, 11 May 2018 22:31:56 DEBUG    https://api.telegram.org:443 "GET /bot597935817:AAGAbCwCGnHD7yqsGLbPKXj1pNn-NaD8bCs/getUpdates?offset=461431314&timeout=20 HTTP/1.1" 200 23
Fri, 11 May 2018 22:32:17 DEBUG    https://api.telegram.org:443 "GET /bot597935817:AAGAbCwCGnHD7yqsGLbPKXj1pNn-NaD8bCs/getUpdates?offset=461431314&timeout=20 HTTP/1.1" 200 23
Fri, 11 May 2018 22:32:37 DEBUG    https://api.telegram.org:443 "GET /bot597935817:AAGAbCwCGnHD7yqsGLbPKXj1pNn-NaD8bCs/getUpdates?offset=461431314&timeout=20 HTTP/1.1" 200 23
Fri, 11 May 2018 22:32:57 DEBUG    https://api.telegram.org:443 "GET /bot597935817:AAGAbCwCGnHD7yqsGLbPKXj1pNn-NaD8bCs/getUpdates?offset=461431314&timeout=20 HTTP/1.1" 200 23
Fri, 11 May 2018 22:33:17 DEBUG    https://api.telegram.org:443 "GET /bot597935817:AAGAbCwCGnHD7yqsGLbPKXj1pNn-NaD8bCs/getUpdates?offset=461431314&timeout=20 HTTP/1.1" 200 23
Fri, 11 May 2018 22:33:37 DEBUG    https://api.telegram.org:443 "GET /bot597935817:AAGAbCwCGnHD7yqsGLbPKXj1pNn-NaD8bCs/getUpdates?offset=461431314&timeout=20 HTTP/1.1" 200 23
Fri, 11 May 2018 22:34:21 DEBUG    https://api.telegram.org:443 "POST /bot597935817:AAGAbCwCGnHD7yqsGLbPKXj1pNn-NaD8bCs/sendMessage?chat_id=562036772&text=Whats+your+name%3F HTTP/1.1" 200 279
Fri, 11 May 2018 22:34:41 DEBUG    https://api.telegram.org:443 "GET /bot597935817:AAGAbCwCGnHD7yqsGLbPKXj1pNn-NaD8bCs/getUpdates?offset=461431315&timeout=20 HTTP/1.1" 200 23
Fri, 11 May 2018 22:34:41 DEBUG    https://api.telegram.org:443 "GET /bot597935817:AAGAbCwCGnHD7yqsGLbPKXj1pNn-NaD8bCs/getUpdates?offset=461431315&timeout=20 HTTP/1.1" 200 356
Fri, 11 May 2018 22:34:41 DEBUG    Starting new HTTPS connection (1): api.telegram.org
Fri, 11 May 2018 22:34:42 DEBUG    https://api.telegram.org:443 "POST /bot597935817:AAGAbCwCGnHD7yqsGLbPKXj1pNn-NaD8bCs/sendMessage?chat_id=562036772&text=Whats+your+name%3F HTTP/1.1" 200 279
Fri, 11 May 2018 22:34:48 DEBUG    https://api.telegram.org:443 "GET /bot597935817:AAGAbCwCGnHD7yqsGLbPKXj1pNn-NaD8bCs/getUpdates?offset=461431316&timeout=20 HTTP/1.1" 200 356
Fri, 11 May 2018 22:34:48 DEBUG    https://api.telegram.org:443 "POST /bot597935817:AAGAbCwCGnHD7yqsGLbPKXj1pNn-NaD8bCs/sendMessage?chat_id=562036772&text=Whats+your+name%3F HTTP/1.1" 200 279
Fri, 11 May 2018 22:39:25 ERROR    NameError occurred, args=("name 'results' is not defined",)
Traceback (most recent call last):
  File "C:\Users\Пользователь\AppData\Local\Programs\Python\Python36-32\lib\site-packages\telebot\util.py", line 59, in run
    task(*args, **kwargs)
  File "C:\Users\Пользователь\Documents\GitHub\python\Дз по python\Дз8\ТЗ\TZ_code.py", line 49, in start
    testingLoop(message)
  File "C:\Users\Пользователь\Documents\GitHub\python\Дз по python\Дз8\ТЗ\TZ_code.py", line 56, in testingLoop
    for i in results:
NameError: name 'results' is not defined

Fri, 11 May 2018 22:39:48 DEBUG    https://api.telegram.org:443 "GET /bot597935817:AAGAbCwCGnHD7yqsGLbPKXj1pNn-NaD8bCs/getUpdates?offset=461431318&timeout=20 HTTP/1.1" 200 23
Fri, 11 May 2018 22:40:33 DEBUG    https://api.telegram.org:443 "POST /bot597935817:AAGAbCwCGnHD7yqsGLbPKXj1pNn-NaD8bCs/sendMessage?chat_id=562036772&text=Whats+your+name%3F HTTP/1.1" 200 279
Fri, 11 May 2018 22:40:52 DEBUG    https://api.telegram.org:443 "GET /bot597935817:AAGAbCwCGnHD7yqsGLbPKXj1pNn-NaD8bCs/getUpdates?offset=461431319&timeout=20 HTTP/1.1" 200 362
Fri, 11 May 2018 22:40:53 DEBUG    https://api.telegram.org:443 "POST /bot597935817:AAGAbCwCGnHD7yqsGLbPKXj1pNn-NaD8bCs/sendMessage?chat_id=562036772&text=Write+your+addres+and+city HTTP/1.1" 200 289
Fri, 11 May 2018 22:41:12 DEBUG    https://api.telegram.org:443 "GET /bot597935817:AAGAbCwCGnHD7yqsGLbPKXj1pNn-NaD8bCs/getUpdates?offset=461431320&timeout=20 HTTP/1.1" 200 23
Fri, 11 May 2018 22:41:33 DEBUG    https://api.telegram.org:443 "GET /bot597935817:AAGAbCwCGnHD7yqsGLbPKXj1pNn-NaD8bCs/getUpdates?offset=461431320&timeout=20 HTTP/1.1" 200 23
Fri, 11 May 2018 22:41:53 DEBUG    https://api.telegram.org:443 "GET /bot597935817:AAGAbCwCGnHD7yqsGLbPKXj1pNn-NaD8bCs/getUpdates?offset=461431320&timeout=20 HTTP/1.1" 200 23
Fri, 11 May 2018 22:42:17 DEBUG    https://api.telegram.org:443 "GET /bot597935817:AAGAbCwCGnHD7yqsGLbPKXj1pNn-NaD8bCs/getUpdates?offset=461431320&timeout=20 HTTP/1.1" 200 23
Fri, 11 May 2018 22:42:37 DEBUG    https://api.telegram.org:443 "GET /bot597935817:AAGAbCwCGnHD7yqsGLbPKXj1pNn-NaD8bCs/getUpdates?offset=461431320&timeout=20 HTTP/1.1" 200 23
Fri, 11 May 2018 22:42:57 DEBUG    https://api.telegram.org:443 "GET /bot597935817:AAGAbCwCGnHD7yqsGLbPKXj1pNn-NaD8bCs/getUpdates?offset=461431320&timeout=20 HTTP/1.1" 200 23
Fri, 11 May 2018 22:43:05 DEBUG    https://api.telegram.org:443 "GET /bot597935817:AAGAbCwCGnHD7yqsGLbPKXj1pNn-NaD8bCs/getUpdates?offset=461431320&timeout=20 HTTP/1.1" 200 356
Fri, 11 May 2018 22:43:06 DEBUG    https://api.telegram.org:443 "POST /bot597935817:AAGAbCwCGnHD7yqsGLbPKXj1pNn-NaD8bCs/sendMessage?chat_id=562036772&text=How+old+are+you%3F HTTP/1.1" 200 279
Fri, 11 May 2018 22:43:09 DEBUG    https://api.telegram.org:443 "GET /bot597935817:AAGAbCwCGnHD7yqsGLbPKXj1pNn-NaD8bCs/getUpdates?offset=461431321&timeout=20 HTTP/1.1" 200 334
Fri, 11 May 2018 22:43:09 DEBUG    https://api.telegram.org:443 "POST /bot597935817:AAGAbCwCGnHD7yqsGLbPKXj1pNn-NaD8bCs/sendMessage?chat_id=562036772&text=Write+essence+of+complaint HTTP/1.1" 200 289
Fri, 11 May 2018 22:43:18 DEBUG    https://api.telegram.org:443 "GET /bot597935817:AAGAbCwCGnHD7yqsGLbPKXj1pNn-NaD8bCs/getUpdates?offset=461431322&timeout=20 HTTP/1.1" 200 374
Fri, 11 May 2018 22:43:38 DEBUG    https://api.telegram.org:443 "GET /bot597935817:AAGAbCwCGnHD7yqsGLbPKXj1pNn-NaD8bCs/getUpdates?offset=461431323&timeout=20 HTTP/1.1" 200 23
Fri, 11 May 2018 22:43:58 DEBUG    https://api.telegram.org:443 "GET /bot597935817:AAGAbCwCGnHD7yqsGLbPKXj1pNn-NaD8bCs/getUpdates?offset=461431323&timeout=20 HTTP/1.1" 200 23
Fri, 11 May 2018 23:05:51 DEBUG    https://api.telegram.org:443 "POST /bot597935817:AAGAbCwCGnHD7yqsGLbPKXj1pNn-NaD8bCs/sendMessage?chat_id=562036772&text=Whats+your+name%3F HTTP/1.1" 200 279
Fri, 11 May 2018 23:05:51 ERROR    UnboundLocalError occurred, args=("local variable 'myArray' referenced before assignment",)
Traceback (most recent call last):
  File "C:\Users\Пользователь\AppData\Local\Programs\Python\Python36-32\lib\site-packages\telebot\util.py", line 59, in run
    task(*args, **kwargs)
  File "C:\Users\Пользователь\Documents\GitHub\python\Дз по python\Дз8\ТЗ\TZ_code.py", line 51, in start
    myArray[0]=userID
UnboundLocalError: local variable 'myArray' referenced before assignment

Fri, 11 May 2018 23:05:58 DEBUG    https://api.telegram.org:443 "GET /bot597935817:AAGAbCwCGnHD7yqsGLbPKXj1pNn-NaD8bCs/getUpdates?offset=461431324&timeout=20 HTTP/1.1" 200 368
Fri, 11 May 2018 23:05:58 DEBUG    Starting new HTTPS connection (1): api.telegram.org
Fri, 11 May 2018 23:05:59 DEBUG    https://api.telegram.org:443 "POST /bot597935817:AAGAbCwCGnHD7yqsGLbPKXj1pNn-NaD8bCs/sendMessage?chat_id=562036772&text=Write+your+addres+and+city HTTP/1.1" 200 289
Fri, 11 May 2018 23:07:58 DEBUG    https://api.telegram.org:443 "POST /bot597935817:AAGAbCwCGnHD7yqsGLbPKXj1pNn-NaD8bCs/sendMessage?chat_id=562036772&text=Whats+your+name%3F HTTP/1.1" 200 279
Fri, 11 May 2018 23:07:58 ERROR    UnboundLocalError occurred, args=("local variable 'myArray' referenced before assignment",)
Traceback (most recent call last):
  File "C:\Users\Пользователь\AppData\Local\Programs\Python\Python36-32\lib\site-packages\telebot\util.py", line 59, in run
    task(*args, **kwargs)
  File "C:\Users\Пользователь\Documents\GitHub\python\Дз по python\Дз8\ТЗ\TZ_code.py", line 51, in start
    myArray[0] = userID
UnboundLocalError: local variable 'myArray' referenced before assignment

Fri, 11 May 2018 23:08:03 DEBUG    https://api.telegram.org:443 "GET /bot597935817:AAGAbCwCGnHD7yqsGLbPKXj1pNn-NaD8bCs/getUpdates?offset=461431327&timeout=20 HTTP/1.1" 200 368
Fri, 11 May 2018 23:08:03 DEBUG    Starting new HTTPS connection (1): api.telegram.org
Fri, 11 May 2018 23:08:03 DEBUG    https://api.telegram.org:443 "POST /bot597935817:AAGAbCwCGnHD7yqsGLbPKXj1pNn-NaD8bCs/sendMessage?chat_id=562036772&text=Write+your+addres+and+city HTTP/1.1" 200 289
Fri, 11 May 2018 23:08:32 DEBUG    https://api.telegram.org:443 "POST /bot597935817:AAGAbCwCGnHD7yqsGLbPKXj1pNn-NaD8bCs/sendMessage?chat_id=562036772&text=Whats+your+name%3F HTTP/1.1" 200 279
Fri, 11 May 2018 23:08:32 ERROR    NameError occurred, args=("name 'turple' is not defined",)
Traceback (most recent call last):
  File "C:\Users\Пользователь\AppData\Local\Programs\Python\Python36-32\lib\site-packages\telebot\util.py", line 59, in run
    task(*args, **kwargs)
  File "C:\Users\Пользователь\Documents\GitHub\python\Дз по python\Дз8\ТЗ\TZ_code.py", line 52, in start
    myArray = turple(myArray)
NameError: name 'turple' is not defined

Fri, 11 May 2018 23:09:21 DEBUG    https://api.telegram.org:443 "POST /bot597935817:AAGAbCwCGnHD7yqsGLbPKXj1pNn-NaD8bCs/sendMessage?chat_id=562036772&text=Whats+your+name%3F HTTP/1.1" 200 279
Fri, 11 May 2018 23:09:24 DEBUG    https://api.telegram.org:443 "GET /bot597935817:AAGAbCwCGnHD7yqsGLbPKXj1pNn-NaD8bCs/getUpdates?offset=461431331&timeout=20 HTTP/1.1" 200 339
Fri, 11 May 2018 23:09:24 DEBUG    https://api.telegram.org:443 "POST /bot597935817:AAGAbCwCGnHD7yqsGLbPKXj1pNn-NaD8bCs/sendMessage?chat_id=562036772&text=Write+your+addres+and+city HTTP/1.1" 200 289
Fri, 11 May 2018 23:09:25 DEBUG    https://api.telegram.org:443 "GET /bot597935817:AAGAbCwCGnHD7yqsGLbPKXj1pNn-NaD8bCs/getUpdates?offset=461431332&timeout=20 HTTP/1.1" 200 337
Fri, 11 May 2018 23:09:26 DEBUG    https://api.telegram.org:443 "POST /bot597935817:AAGAbCwCGnHD7yqsGLbPKXj1pNn-NaD8bCs/sendMessage?chat_id=562036772&text=How+old+are+you%3F HTTP/1.1" 200 279
Fri, 11 May 2018 23:09:28 DEBUG    https://api.telegram.org:443 "GET /bot597935817:AAGAbCwCGnHD7yqsGLbPKXj1pNn-NaD8bCs/getUpdates?offset=461431333&timeout=20 HTTP/1.1" 200 337
Fri, 11 May 2018 23:09:29 DEBUG    https://api.telegram.org:443 "POST /bot597935817:AAGAbCwCGnHD7yqsGLbPKXj1pNn-NaD8bCs/sendMessage?chat_id=562036772&text=Write+essence+of+complaint HTTP/1.1" 200 289
Fri, 11 May 2018 23:09:31 DEBUG    https://api.telegram.org:443 "GET /bot597935817:AAGAbCwCGnHD7yqsGLbPKXj1pNn-NaD8bCs/getUpdates?offset=461431334&timeout=20 HTTP/1.1" 200 336
Fri, 11 May 2018 23:11:19 DEBUG    https://api.telegram.org:443 "POST /bot597935817:AAGAbCwCGnHD7yqsGLbPKXj1pNn-NaD8bCs/sendMessage?chat_id=562036772&text=Whats+your+name%3F HTTP/1.1" 200 279
Fri, 11 May 2018 23:11:38 DEBUG    https://api.telegram.org:443 "GET /bot597935817:AAGAbCwCGnHD7yqsGLbPKXj1pNn-NaD8bCs/getUpdates?offset=461431336&timeout=20 HTTP/1.1" 200 23
Fri, 11 May 2018 23:12:38 DEBUG    https://api.telegram.org:443 "POST /bot597935817:AAGAbCwCGnHD7yqsGLbPKXj1pNn-NaD8bCs/sendMessage?chat_id=562036772&text=Whats+your+name%3F HTTP/1.1" 200 279
Fri, 11 May 2018 23:12:38 ERROR    NameError occurred, args=("name 'finalwrite' is not defined",)
Traceback (most recent call last):
  File "C:\Users\Пользователь\AppData\Local\Programs\Python\Python36-32\lib\site-packages\telebot\util.py", line 59, in run
    task(*args, **kwargs)
  File "C:\Users\Пользователь\Documents\GitHub\python\Дз по python\Дз8\ТЗ\TZ_code.py", line 53, in start
    finalwrite()
NameError: name 'finalwrite' is not defined

Fri, 11 May 2018 23:12:52 DEBUG    https://api.telegram.org:443 "POST /bot597935817:AAGAbCwCGnHD7yqsGLbPKXj1pNn-NaD8bCs/sendMessage?chat_id=562036772&text=Whats+your+name%3F HTTP/1.1" 200 279
Fri, 11 May 2018 23:12:54 DEBUG    https://api.telegram.org:443 "GET /bot597935817:AAGAbCwCGnHD7yqsGLbPKXj1pNn-NaD8bCs/getUpdates?offset=461431338&timeout=20 HTTP/1.1" 200 334
Fri, 11 May 2018 23:12:54 DEBUG    Starting new HTTPS connection (1): api.telegram.org
Fri, 11 May 2018 23:12:56 DEBUG    https://api.telegram.org:443 "POST /bot597935817:AAGAbCwCGnHD7yqsGLbPKXj1pNn-NaD8bCs/sendMessage?chat_id=562036772&text=Write+your+addres+and+city HTTP/1.1" 200 289
Fri, 11 May 2018 23:13:14 DEBUG    https://api.telegram.org:443 "GET /bot597935817:AAGAbCwCGnHD7yqsGLbPKXj1pNn-NaD8bCs/getUpdates?offset=461431339&timeout=20 HTTP/1.1" 200 23
Fri, 11 May 2018 23:14:50 DEBUG    https://api.telegram.org:443 "POST /bot597935817:AAGAbCwCGnHD7yqsGLbPKXj1pNn-NaD8bCs/sendMessage?chat_id=562036772&text=Whats+your+name%3F HTTP/1.1" 200 279
Fri, 11 May 2018 23:14:57 DEBUG    https://api.telegram.org:443 "GET /bot597935817:AAGAbCwCGnHD7yqsGLbPKXj1pNn-NaD8bCs/getUpdates?offset=461431340&timeout=20 HTTP/1.1" 200 335
Fri, 11 May 2018 23:14:57 DEBUG    Starting new HTTPS connection (1): api.telegram.org
Fri, 11 May 2018 23:14:58 DEBUG    https://api.telegram.org:443 "POST /bot597935817:AAGAbCwCGnHD7yqsGLbPKXj1pNn-NaD8bCs/sendMessage?chat_id=562036772&text=Write+your+addres+and+city HTTP/1.1" 200 289
Fri, 11 May 2018 23:15:07 DEBUG    https://api.telegram.org:443 "GET /bot597935817:AAGAbCwCGnHD7yqsGLbPKXj1pNn-NaD8bCs/getUpdates?offset=461431341&timeout=20 HTTP/1.1" 200 335
Fri, 11 May 2018 23:15:07 DEBUG    https://api.telegram.org:443 "POST /bot597935817:AAGAbCwCGnHD7yqsGLbPKXj1pNn-NaD8bCs/sendMessage?chat_id=562036772&text=How+old+are+you%3F HTTP/1.1" 200 279
Fri, 11 May 2018 23:16:28 DEBUG    https://api.telegram.org:443 "POST /bot597935817:AAGAbCwCGnHD7yqsGLbPKXj1pNn-NaD8bCs/sendMessage?chat_id=562036772&text=Whats+your+name%3F HTTP/1.1" 200 279
Fri, 11 May 2018 23:16:48 DEBUG    https://api.telegram.org:443 "GET /bot597935817:AAGAbCwCGnHD7yqsGLbPKXj1pNn-NaD8bCs/getUpdates?offset=461431343&timeout=20 HTTP/1.1" 200 23
Fri, 11 May 2018 23:17:08 DEBUG    https://api.telegram.org:443 "GET /bot597935817:AAGAbCwCGnHD7yqsGLbPKXj1pNn-NaD8bCs/getUpdates?offset=461431343&timeout=20 HTTP/1.1" 200 23
Fri, 11 May 2018 23:17:10 DEBUG    https://api.telegram.org:443 "GET /bot597935817:AAGAbCwCGnHD7yqsGLbPKXj1pNn-NaD8bCs/getUpdates?offset=461431343&timeout=20 HTTP/1.1" 200 335
Fri, 11 May 2018 23:17:10 DEBUG    https://api.telegram.org:443 "POST /bot597935817:AAGAbCwCGnHD7yqsGLbPKXj1pNn-NaD8bCs/sendMessage?chat_id=562036772&text=Write+your+addres+and+city HTTP/1.1" 200 289
Fri, 11 May 2018 23:17:15 DEBUG    https://api.telegram.org:443 "GET /bot597935817:AAGAbCwCGnHD7yqsGLbPKXj1pNn-NaD8bCs/getUpdates?offset=461431344&timeout=20 HTTP/1.1" 200 335
Fri, 11 May 2018 23:17:15 DEBUG    Starting new HTTPS connection (1): api.telegram.org
Fri, 11 May 2018 23:17:17 DEBUG    https://api.telegram.org:443 "POST /bot597935817:AAGAbCwCGnHD7yqsGLbPKXj1pNn-NaD8bCs/sendMessage?chat_id=562036772&text=How+old+are+you%3F HTTP/1.1" 200 279
Fri, 11 May 2018 23:17:37 DEBUG    https://api.telegram.org:443 "GET /bot597935817:AAGAbCwCGnHD7yqsGLbPKXj1pNn-NaD8bCs/getUpdates?offset=461431345&timeout=20 HTTP/1.1" 200 23
Fri, 11 May 2018 23:17:57 DEBUG    https://api.telegram.org:443 "GET /bot597935817:AAGAbCwCGnHD7yqsGLbPKXj1pNn-NaD8bCs/getUpdates?offset=461431345&timeout=20 HTTP/1.1" 200 23
Fri, 11 May 2018 23:18:18 DEBUG    https://api.telegram.org:443 "GET /bot597935817:AAGAbCwCGnHD7yqsGLbPKXj1pNn-NaD8bCs/getUpdates?offset=461431345&timeout=20 HTTP/1.1" 200 23
Fri, 11 May 2018 23:18:38 DEBUG    https://api.telegram.org:443 "GET /bot597935817:AAGAbCwCGnHD7yqsGLbPKXj1pNn-NaD8bCs/getUpdates?offset=461431345&timeout=20 HTTP/1.1" 200 23
Fri, 11 May 2018 23:19:19 DEBUG    https://api.telegram.org:443 "POST /bot597935817:AAGAbCwCGnHD7yqsGLbPKXj1pNn-NaD8bCs/sendMessage?chat_id=562036772&text=Whats+your+name%3F HTTP/1.1" 200 279
Fri, 11 May 2018 23:19:31 DEBUG    https://api.telegram.org:443 "GET /bot597935817:AAGAbCwCGnHD7yqsGLbPKXj1pNn-NaD8bCs/getUpdates?offset=461431346&timeout=20 HTTP/1.1" 200 23
Fri, 11 May 2018 23:19:44 DEBUG    https://api.telegram.org:443 "GET /bot597935817:AAGAbCwCGnHD7yqsGLbPKXj1pNn-NaD8bCs/getUpdates?offset=461431346&timeout=20 HTTP/1.1" 200 337
Fri, 11 May 2018 23:19:44 DEBUG    Starting new HTTPS connection (1): api.telegram.org
Fri, 11 May 2018 23:19:44 DEBUG    https://api.telegram.org:443 "POST /bot597935817:AAGAbCwCGnHD7yqsGLbPKXj1pNn-NaD8bCs/sendMessage?chat_id=562036772&text=Write+your+addres+and+city HTTP/1.1" 200 289
Fri, 11 May 2018 23:20:00 DEBUG    https://api.telegram.org:443 "GET /bot597935817:AAGAbCwCGnHD7yqsGLbPKXj1pNn-NaD8bCs/getUpdates?offset=461431347&timeout=20 HTTP/1.1" 200 346
Fri, 11 May 2018 23:20:00 DEBUG    https://api.telegram.org:443 "POST /bot597935817:AAGAbCwCGnHD7yqsGLbPKXj1pNn-NaD8bCs/sendMessage?chat_id=562036772&text=How+old+are+you%3F HTTP/1.1" 200 279
Fri, 11 May 2018 23:20:04 DEBUG    https://api.telegram.org:443 "GET /bot597935817:AAGAbCwCGnHD7yqsGLbPKXj1pNn-NaD8bCs/getUpdates?offset=461431348&timeout=20 HTTP/1.1" 200 334
Fri, 11 May 2018 23:20:04 DEBUG    https://api.telegram.org:443 "POST /bot597935817:AAGAbCwCGnHD7yqsGLbPKXj1pNn-NaD8bCs/sendMessage?chat_id=562036772&text=Write+essence+of+complaint HTTP/1.1" 200 289
Fri, 11 May 2018 23:20:24 DEBUG    https://api.telegram.org:443 "GET /bot597935817:AAGAbCwCGnHD7yqsGLbPKXj1pNn-NaD8bCs/getUpdates?offset=461431349&timeout=20 HTTP/1.1" 200 23
Fri, 11 May 2018 23:20:26 DEBUG    https://api.telegram.org:443 "GET /bot597935817:AAGAbCwCGnHD7yqsGLbPKXj1pNn-NaD8bCs/getUpdates?offset=461431349&timeout=20 HTTP/1.1" 200 362
Fri, 11 May 2018 23:20:47 DEBUG    https://api.telegram.org:443 "GET /bot597935817:AAGAbCwCGnHD7yqsGLbPKXj1pNn-NaD8bCs/getUpdates?offset=461431350&timeout=20 HTTP/1.1" 200 23
Fri, 11 May 2018 23:21:07 DEBUG    https://api.telegram.org:443 "GET /bot597935817:AAGAbCwCGnHD7yqsGLbPKXj1pNn-NaD8bCs/getUpdates?offset=461431350&timeout=20 HTTP/1.1" 200 23
Fri, 11 May 2018 23:21:27 DEBUG    https://api.telegram.org:443 "GET /bot597935817:AAGAbCwCGnHD7yqsGLbPKXj1pNn-NaD8bCs/getUpdates?offset=461431350&timeout=20 HTTP/1.1" 200 23
Fri, 11 May 2018 23:21:35 DEBUG    https://api.telegram.org:443 "GET /bot597935817:AAGAbCwCGnHD7yqsGLbPKXj1pNn-NaD8bCs/getUpdates?offset=461431350&timeout=20 HTTP/1.1" 200 335
Fri, 11 May 2018 23:21:58 DEBUG    https://api.telegram.org:443 "POST /bot597935817:AAGAbCwCGnHD7yqsGLbPKXj1pNn-NaD8bCs/sendMessage?chat_id=562036772&text=Whats+your+name%3F HTTP/1.1" 200 279
Fri, 11 May 2018 23:22:05 DEBUG    https://api.telegram.org:443 "GET /bot597935817:AAGAbCwCGnHD7yqsGLbPKXj1pNn-NaD8bCs/getUpdates?offset=461431352&timeout=20 HTTP/1.1" 200 336
Fri, 11 May 2018 23:22:05 DEBUG    https://api.telegram.org:443 "POST /bot597935817:AAGAbCwCGnHD7yqsGLbPKXj1pNn-NaD8bCs/sendMessage?chat_id=562036772&text=Write+your+addres+and+city HTTP/1.1" 200 289
Fri, 11 May 2018 23:22:11 DEBUG    https://api.telegram.org:443 "GET /bot597935817:AAGAbCwCGnHD7yqsGLbPKXj1pNn-NaD8bCs/getUpdates?offset=461431353&timeout=20 HTTP/1.1" 200 340
Fri, 11 May 2018 23:22:11 DEBUG    https://api.telegram.org:443 "POST /bot597935817:AAGAbCwCGnHD7yqsGLbPKXj1pNn-NaD8bCs/sendMessage?chat_id=562036772&text=How+old+are+you%3F HTTP/1.1" 200 279
Fri, 11 May 2018 23:22:14 DEBUG    https://api.telegram.org:443 "GET /bot597935817:AAGAbCwCGnHD7yqsGLbPKXj1pNn-NaD8bCs/getUpdates?offset=461431354&timeout=20 HTTP/1.1" 200 334
Fri, 11 May 2018 23:22:14 DEBUG    https://api.telegram.org:443 "POST /bot597935817:AAGAbCwCGnHD7yqsGLbPKXj1pNn-NaD8bCs/sendMessage?chat_id=562036772&text=Write+essence+of+complaint HTTP/1.1" 200 289
Fri, 11 May 2018 23:22:20 DEBUG    https://api.telegram.org:443 "GET /bot597935817:AAGAbCwCGnHD7yqsGLbPKXj1pNn-NaD8bCs/getUpdates?offset=461431355&timeout=20 HTTP/1.1" 200 336
Fri, 11 May 2018 23:22:40 DEBUG    https://api.telegram.org:443 "GET /bot597935817:AAGAbCwCGnHD7yqsGLbPKXj1pNn-NaD8bCs/getUpdates?offset=461431356&timeout=20 HTTP/1.1" 200 23
Fri, 11 May 2018 23:23:01 ERROR    TypeError occurred, args=('must be str, not list',)
Traceback (most recent call last):
  File "C:\Users\Пользователь\AppData\Local\Programs\Python\Python36-32\lib\site-packages\telebot\util.py", line 59, in run
    task(*args, **kwargs)
  File "C:\Users\Пользователь\Documents\GitHub\python\Дз по python\Дз8\ТЗ\TZ_code.py", line 51, in start
    questioning(message)
  File "C:\Users\Пользователь\Documents\GitHub\python\Дз по python\Дз8\ТЗ\TZ_code.py", line 59, in questioning
    print('56'+results)
TypeError: must be str, not list

Fri, 11 May 2018 23:23:02 DEBUG    https://api.telegram.org:443 "GET /bot597935817:AAGAbCwCGnHD7yqsGLbPKXj1pNn-NaD8bCs/getUpdates?offset=461431357&timeout=20 HTTP/1.1" 200 334
Fri, 11 May 2018 23:23:36 DEBUG    https://api.telegram.org:443 "POST /bot597935817:AAGAbCwCGnHD7yqsGLbPKXj1pNn-NaD8bCs/sendMessage?chat_id=562036772&text=Whats+your+name%3F HTTP/1.1" 200 279
Fri, 11 May 2018 23:23:38 DEBUG    https://api.telegram.org:443 "GET /bot597935817:AAGAbCwCGnHD7yqsGLbPKXj1pNn-NaD8bCs/getUpdates?offset=461431359&timeout=20 HTTP/1.1" 200 335
Fri, 11 May 2018 23:23:38 DEBUG    https://api.telegram.org:443 "POST /bot597935817:AAGAbCwCGnHD7yqsGLbPKXj1pNn-NaD8bCs/sendMessage?chat_id=562036772&text=Write+your+addres+and+city HTTP/1.1" 200 289
Fri, 11 May 2018 23:23:51 DEBUG    https://api.telegram.org:443 "GET /bot597935817:AAGAbCwCGnHD7yqsGLbPKXj1pNn-NaD8bCs/getUpdates?offset=461431360&timeout=20 HTTP/1.1" 200 335
Fri, 11 May 2018 23:23:51 DEBUG    https://api.telegram.org:443 "POST /bot597935817:AAGAbCwCGnHD7yqsGLbPKXj1pNn-NaD8bCs/sendMessage?chat_id=562036772&text=How+old+are+you%3F HTTP/1.1" 200 279
Fri, 11 May 2018 23:23:55 DEBUG    https://api.telegram.org:443 "GET /bot597935817:AAGAbCwCGnHD7yqsGLbPKXj1pNn-NaD8bCs/getUpdates?offset=461431361&timeout=20 HTTP/1.1" 200 335
Fri, 11 May 2018 23:23:55 DEBUG    Starting new HTTPS connection (1): api.telegram.org
Fri, 11 May 2018 23:23:56 DEBUG    https://api.telegram.org:443 "POST /bot597935817:AAGAbCwCGnHD7yqsGLbPKXj1pNn-NaD8bCs/sendMessage?chat_id=562036772&text=Write+essence+of+complaint HTTP/1.1" 200 289
Fri, 11 May 2018 23:24:01 DEBUG    https://api.telegram.org:443 "GET /bot597935817:AAGAbCwCGnHD7yqsGLbPKXj1pNn-NaD8bCs/getUpdates?offset=461431362&timeout=20 HTTP/1.1" 200 334
Fri, 11 May 2018 23:24:50 DEBUG    https://api.telegram.org:443 "POST /bot597935817:AAGAbCwCGnHD7yqsGLbPKXj1pNn-NaD8bCs/sendMessage?chat_id=562036772&text=Whats+your+name%3F HTTP/1.1" 200 279
Fri, 11 May 2018 23:24:52 DEBUG    https://api.telegram.org:443 "GET /bot597935817:AAGAbCwCGnHD7yqsGLbPKXj1pNn-NaD8bCs/getUpdates?offset=461431364&timeout=20 HTTP/1.1" 200 335
Fri, 11 May 2018 23:24:52 DEBUG    Starting new HTTPS connection (1): api.telegram.org
Fri, 11 May 2018 23:24:52 DEBUG    https://api.telegram.org:443 "POST /bot597935817:AAGAbCwCGnHD7yqsGLbPKXj1pNn-NaD8bCs/sendMessage?chat_id=562036772&text=Write+your+addres+and+city HTTP/1.1" 200 289
Fri, 11 May 2018 23:24:54 DEBUG    https://api.telegram.org:443 "GET /bot597935817:AAGAbCwCGnHD7yqsGLbPKXj1pNn-NaD8bCs/getUpdates?offset=461431365&timeout=20 HTTP/1.1" 200 334
Fri, 11 May 2018 23:24:54 DEBUG    https://api.telegram.org:443 "POST /bot597935817:AAGAbCwCGnHD7yqsGLbPKXj1pNn-NaD8bCs/sendMessage?chat_id=562036772&text=How+old+are+you%3F HTTP/1.1" 200 279
Fri, 11 May 2018 23:24:55 DEBUG    https://api.telegram.org:443 "GET /bot597935817:AAGAbCwCGnHD7yqsGLbPKXj1pNn-NaD8bCs/getUpdates?offset=461431366&timeout=20 HTTP/1.1" 200 334
Fri, 11 May 2018 23:24:55 DEBUG    https://api.telegram.org:443 "POST /bot597935817:AAGAbCwCGnHD7yqsGLbPKXj1pNn-NaD8bCs/sendMessage?chat_id=562036772&text=Write+essence+of+complaint HTTP/1.1" 200 289
Fri, 11 May 2018 23:24:56 DEBUG    https://api.telegram.org:443 "GET /bot597935817:AAGAbCwCGnHD7yqsGLbPKXj1pNn-NaD8bCs/getUpdates?offset=461431367&timeout=20 HTTP/1.1" 200 334
Fri, 11 May 2018 23:24:56 ERROR    NameError occurred, args=("name 'turple' is not defined",)
Traceback (most recent call last):
  File "C:\Users\Пользователь\AppData\Local\Programs\Python\Python36-32\lib\site-packages\telebot\util.py", line 59, in run
    task(*args, **kwargs)
  File "C:\Users\Пользователь\Documents\GitHub\python\Дз по python\Дз8\ТЗ\TZ_code.py", line 76, in test
    questioning(message)
  File "C:\Users\Пользователь\Documents\GitHub\python\Дз по python\Дз8\ТЗ\TZ_code.py", line 67, in questioning
    myArray = turple(myArray)
NameError: name 'turple' is not defined

Fri, 11 May 2018 23:25:20 DEBUG    https://api.telegram.org:443 "GET /bot597935817:AAGAbCwCGnHD7yqsGLbPKXj1pNn-NaD8bCs/getUpdates?offset=461431368&timeout=20 HTTP/1.1" 200 23
Fri, 11 May 2018 23:25:54 DEBUG    https://api.telegram.org:443 "POST /bot597935817:AAGAbCwCGnHD7yqsGLbPKXj1pNn-NaD8bCs/sendMessage?chat_id=562036772&text=Whats+your+name%3F HTTP/1.1" 200 279
Fri, 11 May 2018 23:25:55 DEBUG    https://api.telegram.org:443 "GET /bot597935817:AAGAbCwCGnHD7yqsGLbPKXj1pNn-NaD8bCs/getUpdates?offset=461431369&timeout=20 HTTP/1.1" 200 335
Fri, 11 May 2018 23:25:55 DEBUG    https://api.telegram.org:443 "POST /bot597935817:AAGAbCwCGnHD7yqsGLbPKXj1pNn-NaD8bCs/sendMessage?chat_id=562036772&text=Write+your+addres+and+city HTTP/1.1" 200 289
Fri, 11 May 2018 23:25:56 DEBUG    https://api.telegram.org:443 "GET /bot597935817:AAGAbCwCGnHD7yqsGLbPKXj1pNn-NaD8bCs/getUpdates?offset=461431370&timeout=20 HTTP/1.1" 200 334
Fri, 11 May 2018 23:25:56 DEBUG    Starting new HTTPS connection (1): api.telegram.org
Fri, 11 May 2018 23:25:57 DEBUG    https://api.telegram.org:443 "POST /bot597935817:AAGAbCwCGnHD7yqsGLbPKXj1pNn-NaD8bCs/sendMessage?chat_id=562036772&text=How+old+are+you%3F HTTP/1.1" 200 279
Fri, 11 May 2018 23:25:59 DEBUG    https://api.telegram.org:443 "GET /bot597935817:AAGAbCwCGnHD7yqsGLbPKXj1pNn-NaD8bCs/getUpdates?offset=461431371&timeout=20 HTTP/1.1" 200 335
Fri, 11 May 2018 23:25:59 DEBUG    https://api.telegram.org:443 "POST /bot597935817:AAGAbCwCGnHD7yqsGLbPKXj1pNn-NaD8bCs/sendMessage?chat_id=562036772&text=Write+essence+of+complaint HTTP/1.1" 200 289
Fri, 11 May 2018 23:26:01 DEBUG    https://api.telegram.org:443 "GET /bot597935817:AAGAbCwCGnHD7yqsGLbPKXj1pNn-NaD8bCs/getUpdates?offset=461431372&timeout=20 HTTP/1.1" 200 334
Fri, 11 May 2018 23:26:01 ERROR    UnboundLocalError occurred, args=("local variable 'myArray' referenced before assignment",)
Traceback (most recent call last):
  File "C:\Users\Пользователь\AppData\Local\Programs\Python\Python36-32\lib\site-packages\telebot\util.py", line 59, in run
    task(*args, **kwargs)
  File "C:\Users\Пользователь\Documents\GitHub\python\Дз по python\Дз8\ТЗ\TZ_code.py", line 76, in test
    questioning(message)
  File "C:\Users\Пользователь\Documents\GitHub\python\Дз по python\Дз8\ТЗ\TZ_code.py", line 67, in questioning
    myArray = tuple(myArray)
UnboundLocalError: local variable 'myArray' referenced before assignment

Fri, 11 May 2018 23:26:22 DEBUG    https://api.telegram.org:443 "GET /bot597935817:AAGAbCwCGnHD7yqsGLbPKXj1pNn-NaD8bCs/getUpdates?offset=461431373&timeout=20 HTTP/1.1" 200 23
Fri, 11 May 2018 23:27:21 DEBUG    https://api.telegram.org:443 "POST /bot597935817:AAGAbCwCGnHD7yqsGLbPKXj1pNn-NaD8bCs/sendMessage?chat_id=562036772&text=Whats+your+name%3F HTTP/1.1" 200 279
Fri, 11 May 2018 23:27:27 DEBUG    https://api.telegram.org:443 "GET /bot597935817:AAGAbCwCGnHD7yqsGLbPKXj1pNn-NaD8bCs/getUpdates?offset=461431374&timeout=20 HTTP/1.1" 200 336
Fri, 11 May 2018 23:27:27 DEBUG    Starting new HTTPS connection (1): api.telegram.org
Fri, 11 May 2018 23:27:27 DEBUG    https://api.telegram.org:443 "POST /bot597935817:AAGAbCwCGnHD7yqsGLbPKXj1pNn-NaD8bCs/sendMessage?chat_id=562036772&text=Write+your+addres+and+city HTTP/1.1" 200 289
Fri, 11 May 2018 23:27:38 DEBUG    https://api.telegram.org:443 "GET /bot597935817:AAGAbCwCGnHD7yqsGLbPKXj1pNn-NaD8bCs/getUpdates?offset=461431375&timeout=20 HTTP/1.1" 200 339
Fri, 11 May 2018 23:27:39 DEBUG    https://api.telegram.org:443 "POST /bot597935817:AAGAbCwCGnHD7yqsGLbPKXj1pNn-NaD8bCs/sendMessage?chat_id=562036772&text=How+old+are+you%3F HTTP/1.1" 200 279
Fri, 11 May 2018 23:27:44 DEBUG    https://api.telegram.org:443 "GET /bot597935817:AAGAbCwCGnHD7yqsGLbPKXj1pNn-NaD8bCs/getUpdates?offset=461431376&timeout=20 HTTP/1.1" 200 334
Fri, 11 May 2018 23:27:45 DEBUG    https://api.telegram.org:443 "POST /bot597935817:AAGAbCwCGnHD7yqsGLbPKXj1pNn-NaD8bCs/sendMessage?chat_id=562036772&text=Write+essence+of+complaint HTTP/1.1" 200 289
Fri, 11 May 2018 23:28:05 DEBUG    https://api.telegram.org:443 "GET /bot597935817:AAGAbCwCGnHD7yqsGLbPKXj1pNn-NaD8bCs/getUpdates?offset=461431377&timeout=20 HTTP/1.1" 200 23
Fri, 11 May 2018 23:28:10 DEBUG    https://api.telegram.org:443 "GET /bot597935817:AAGAbCwCGnHD7yqsGLbPKXj1pNn-NaD8bCs/getUpdates?offset=461431377&timeout=20 HTTP/1.1" 200 343
Fri, 11 May 2018 23:28:10 ERROR    NameError occurred, args=("name 'cursorConnectAndWrite' is not defined",)
Traceback (most recent call last):
  File "C:\Users\Пользователь\AppData\Local\Programs\Python\Python36-32\lib\site-packages\telebot\util.py", line 59, in run
    task(*args, **kwargs)
  File "C:\Users\Пользователь\Documents\GitHub\python\Дз по python\Дз8\ТЗ\TZ_code.py", line 79, in test
    questioning(message)
  File "C:\Users\Пользователь\Documents\GitHub\python\Дз по python\Дз8\ТЗ\TZ_code.py", line 71, in questioning
    cursorConnectAndWrite("First_4_answers",myArray)
NameError: name 'cursorConnectAndWrite' is not defined

Fri, 11 May 2018 23:28:30 DEBUG    https://api.telegram.org:443 "GET /bot597935817:AAGAbCwCGnHD7yqsGLbPKXj1pNn-NaD8bCs/getUpdates?offset=461431378&timeout=20 HTTP/1.1" 200 23
Fri, 11 May 2018 23:29:04 DEBUG    https://api.telegram.org:443 "POST /bot597935817:AAGAbCwCGnHD7yqsGLbPKXj1pNn-NaD8bCs/sendMessage?chat_id=562036772&text=Whats+your+name%3F HTTP/1.1" 200 279
Fri, 11 May 2018 23:29:07 DEBUG    https://api.telegram.org:443 "GET /bot597935817:AAGAbCwCGnHD7yqsGLbPKXj1pNn-NaD8bCs/getUpdates?offset=461431379&timeout=20 HTTP/1.1" 200 336
Fri, 11 May 2018 23:29:07 DEBUG    https://api.telegram.org:443 "POST /bot597935817:AAGAbCwCGnHD7yqsGLbPKXj1pNn-NaD8bCs/sendMessage?chat_id=562036772&text=Write+your+addres+and+city HTTP/1.1" 200 289
Fri, 11 May 2018 23:29:21 DEBUG    https://api.telegram.org:443 "GET /bot597935817:AAGAbCwCGnHD7yqsGLbPKXj1pNn-NaD8bCs/getUpdates?offset=461431380&timeout=20 HTTP/1.1" 200 339
Fri, 11 May 2018 23:29:21 DEBUG    Starting new HTTPS connection (1): api.telegram.org
Fri, 11 May 2018 23:29:21 DEBUG    https://api.telegram.org:443 "POST /bot597935817:AAGAbCwCGnHD7yqsGLbPKXj1pNn-NaD8bCs/sendMessage?chat_id=562036772&text=How+old+are+you%3F HTTP/1.1" 200 279
Fri, 11 May 2018 23:29:24 DEBUG    https://api.telegram.org:443 "GET /bot597935817:AAGAbCwCGnHD7yqsGLbPKXj1pNn-NaD8bCs/getUpdates?offset=461431381&timeout=20 HTTP/1.1" 200 334
Fri, 11 May 2018 23:29:24 DEBUG    https://api.telegram.org:443 "POST /bot597935817:AAGAbCwCGnHD7yqsGLbPKXj1pNn-NaD8bCs/sendMessage?chat_id=562036772&text=Write+essence+of+complaint HTTP/1.1" 200 289
Fri, 11 May 2018 23:29:31 DEBUG    https://api.telegram.org:443 "GET /bot597935817:AAGAbCwCGnHD7yqsGLbPKXj1pNn-NaD8bCs/getUpdates?offset=461431382&timeout=20 HTTP/1.1" 200 343
Fri, 11 May 2018 23:29:31 ERROR    IntegrityError occurred, args=('UNIQUE constraint failed: First_4_answers.UserTelegrammID',)
Traceback (most recent call last):
  File "C:\Users\Пользователь\AppData\Local\Programs\Python\Python36-32\lib\site-packages\telebot\util.py", line 59, in run
    task(*args, **kwargs)
  File "C:\Users\Пользователь\Documents\GitHub\python\Дз по python\Дз8\ТЗ\TZ_code.py", line 78, in test
    questioning(message)
  File "C:\Users\Пользователь\Documents\GitHub\python\Дз по python\Дз8\ТЗ\TZ_code.py", line 70, in questioning
    cursorConnectionAndWrite("First_4_answers",myArray)
  File "C:\Users\Пользователь\Documents\GitHub\python\Дз по python\Дз8\ТЗ\TZ_code.py", line 95, in cursorConnectionAndWrite
    cursor.execute("insert into %s values %s" %(tableName,insertingTurpleWithValues))
sqlite3.IntegrityError: UNIQUE constraint failed: First_4_answers.UserTelegrammID

Fri, 11 May 2018 23:29:51 DEBUG    https://api.telegram.org:443 "GET /bot597935817:AAGAbCwCGnHD7yqsGLbPKXj1pNn-NaD8bCs/getUpdates?offset=461431383&timeout=20 HTTP/1.1" 200 23
Fri, 11 May 2018 23:32:29 DEBUG    https://api.telegram.org:443 "POST /bot597935817:AAGAbCwCGnHD7yqsGLbPKXj1pNn-NaD8bCs/sendMessage?chat_id=562036772&text=Whats+your+name%3F HTTP/1.1" 200 279
Fri, 11 May 2018 23:32:37 DEBUG    https://api.telegram.org:443 "GET /bot597935817:AAGAbCwCGnHD7yqsGLbPKXj1pNn-NaD8bCs/getUpdates?offset=461431384&timeout=20 HTTP/1.1" 200 334
Fri, 11 May 2018 23:32:37 DEBUG    https://api.telegram.org:443 "POST /bot597935817:AAGAbCwCGnHD7yqsGLbPKXj1pNn-NaD8bCs/sendMessage?chat_id=562036772&text=Write+your+addres+and+city HTTP/1.1" 200 289
Fri, 11 May 2018 23:32:38 DEBUG    https://api.telegram.org:443 "GET /bot597935817:AAGAbCwCGnHD7yqsGLbPKXj1pNn-NaD8bCs/getUpdates?offset=461431385&timeout=20 HTTP/1.1" 200 334
Fri, 11 May 2018 23:32:38 DEBUG    https://api.telegram.org:443 "POST /bot597935817:AAGAbCwCGnHD7yqsGLbPKXj1pNn-NaD8bCs/sendMessage?chat_id=562036772&text=How+old+are+you%3F HTTP/1.1" 200 279
Fri, 11 May 2018 23:32:40 DEBUG    https://api.telegram.org:443 "GET /bot597935817:AAGAbCwCGnHD7yqsGLbPKXj1pNn-NaD8bCs/getUpdates?offset=461431386&timeout=20 HTTP/1.1" 200 335
Fri, 11 May 2018 23:32:40 DEBUG    Starting new HTTPS connection (1): api.telegram.org
Fri, 11 May 2018 23:32:40 DEBUG    https://api.telegram.org:443 "POST /bot597935817:AAGAbCwCGnHD7yqsGLbPKXj1pNn-NaD8bCs/sendMessage?chat_id=562036772&text=Write+essence+of+complaint HTTP/1.1" 200 289
Fri, 11 May 2018 23:32:44 DEBUG    https://api.telegram.org:443 "GET /bot597935817:AAGAbCwCGnHD7yqsGLbPKXj1pNn-NaD8bCs/getUpdates?offset=461431387&timeout=20 HTTP/1.1" 200 334
Fri, 11 May 2018 23:32:44 ERROR    IntegrityError occurred, args=('UNIQUE constraint failed: First_4_answers.UserTelegrammID',)
Traceback (most recent call last):
  File "C:\Users\Пользователь\AppData\Local\Programs\Python\Python36-32\lib\site-packages\telebot\util.py", line 59, in run
    task(*args, **kwargs)
  File "C:\Users\Пользователь\Documents\GitHub\python\Дз по python\Дз8\ТЗ\TZ_code.py", line 78, in test
    questioning(message)
  File "C:\Users\Пользователь\Documents\GitHub\python\Дз по python\Дз8\ТЗ\TZ_code.py", line 70, in questioning
    cursorConnectionAndWrite("First_4_answers","(1,1,1,1,1)")
  File "C:\Users\Пользователь\Documents\GitHub\python\Дз по python\Дз8\ТЗ\TZ_code.py", line 95, in cursorConnectionAndWrite
    cursor.execute("insert into %s values %s" %(tableName,insertingTurpleWithValues))
sqlite3.IntegrityError: UNIQUE constraint failed: First_4_answers.UserTelegrammID

Fri, 11 May 2018 23:33:04 DEBUG    https://api.telegram.org:443 "GET /bot597935817:AAGAbCwCGnHD7yqsGLbPKXj1pNn-NaD8bCs/getUpdates?offset=461431388&timeout=20 HTTP/1.1" 200 23
Fri, 11 May 2018 23:33:56 DEBUG    https://api.telegram.org:443 "POST /bot597935817:AAGAbCwCGnHD7yqsGLbPKXj1pNn-NaD8bCs/sendMessage?chat_id=562036772&text=Whats+your+name%3F HTTP/1.1" 200 279
Fri, 11 May 2018 23:33:57 DEBUG    https://api.telegram.org:443 "GET /bot597935817:AAGAbCwCGnHD7yqsGLbPKXj1pNn-NaD8bCs/getUpdates?offset=461431389&timeout=20 HTTP/1.1" 200 334
Fri, 11 May 2018 23:33:57 DEBUG    Starting new HTTPS connection (1): api.telegram.org
Fri, 11 May 2018 23:33:57 DEBUG    https://api.telegram.org:443 "POST /bot597935817:AAGAbCwCGnHD7yqsGLbPKXj1pNn-NaD8bCs/sendMessage?chat_id=562036772&text=Write+your+addres+and+city HTTP/1.1" 200 289
Fri, 11 May 2018 23:33:59 DEBUG    https://api.telegram.org:443 "GET /bot597935817:AAGAbCwCGnHD7yqsGLbPKXj1pNn-NaD8bCs/getUpdates?offset=461431390&timeout=20 HTTP/1.1" 200 336
Fri, 11 May 2018 23:33:59 DEBUG    https://api.telegram.org:443 "POST /bot597935817:AAGAbCwCGnHD7yqsGLbPKXj1pNn-NaD8bCs/sendMessage?chat_id=562036772&text=How+old+are+you%3F HTTP/1.1" 200 279
Fri, 11 May 2018 23:34:00 DEBUG    https://api.telegram.org:443 "GET /bot597935817:AAGAbCwCGnHD7yqsGLbPKXj1pNn-NaD8bCs/getUpdates?offset=461431391&timeout=20 HTTP/1.1" 200 336
Fri, 11 May 2018 23:34:00 DEBUG    https://api.telegram.org:443 "POST /bot597935817:AAGAbCwCGnHD7yqsGLbPKXj1pNn-NaD8bCs/sendMessage?chat_id=562036772&text=Write+essence+of+complaint HTTP/1.1" 200 289
Fri, 11 May 2018 23:34:02 DEBUG    https://api.telegram.org:443 "GET /bot597935817:AAGAbCwCGnHD7yqsGLbPKXj1pNn-NaD8bCs/getUpdates?offset=461431392&timeout=20 HTTP/1.1" 200 335
Fri, 11 May 2018 23:34:02 ERROR    IntegrityError occurred, args=('UNIQUE constraint failed: First_4_answers.UserTelegrammID',)
Traceback (most recent call last):
  File "C:\Users\Пользователь\AppData\Local\Programs\Python\Python36-32\lib\site-packages\telebot\util.py", line 59, in run
    task(*args, **kwargs)
  File "C:\Users\Пользователь\Documents\GitHub\python\Дз по python\Дз8\ТЗ\TZ_code.py", line 78, in test
    questioning(message)
  File "C:\Users\Пользователь\Documents\GitHub\python\Дз по python\Дз8\ТЗ\TZ_code.py", line 70, in questioning
    cursorConnectionAndWrite("First_4_answers",myArray)
  File "C:\Users\Пользователь\Documents\GitHub\python\Дз по python\Дз8\ТЗ\TZ_code.py", line 95, in cursorConnectionAndWrite
    cursor.execute("insert into %s values %s" %(tableName,insertingTurpleWithValues))
sqlite3.IntegrityError: UNIQUE constraint failed: First_4_answers.UserTelegrammID

Fri, 11 May 2018 23:34:22 DEBUG    https://api.telegram.org:443 "GET /bot597935817:AAGAbCwCGnHD7yqsGLbPKXj1pNn-NaD8bCs/getUpdates?offset=461431393&timeout=20 HTTP/1.1" 200 23
Fri, 11 May 2018 23:34:53 DEBUG    https://api.telegram.org:443 "POST /bot597935817:AAGAbCwCGnHD7yqsGLbPKXj1pNn-NaD8bCs/sendMessage?chat_id=562036772&text=Whats+your+name%3F HTTP/1.1" 200 279
Fri, 11 May 2018 23:34:59 DEBUG    https://api.telegram.org:443 "GET /bot597935817:AAGAbCwCGnHD7yqsGLbPKXj1pNn-NaD8bCs/getUpdates?offset=461431394&timeout=20 HTTP/1.1" 200 335
Fri, 11 May 2018 23:34:59 DEBUG    https://api.telegram.org:443 "POST /bot597935817:AAGAbCwCGnHD7yqsGLbPKXj1pNn-NaD8bCs/sendMessage?chat_id=562036772&text=Write+your+addres+and+city HTTP/1.1" 200 289
Fri, 11 May 2018 23:35:03 DEBUG    https://api.telegram.org:443 "GET /bot597935817:AAGAbCwCGnHD7yqsGLbPKXj1pNn-NaD8bCs/getUpdates?offset=461431395&timeout=20 HTTP/1.1" 200 338
Fri, 11 May 2018 23:35:03 DEBUG    https://api.telegram.org:443 "POST /bot597935817:AAGAbCwCGnHD7yqsGLbPKXj1pNn-NaD8bCs/sendMessage?chat_id=562036772&text=How+old+are+you%3F HTTP/1.1" 200 279
Fri, 11 May 2018 23:35:06 DEBUG    https://api.telegram.org:443 "GET /bot597935817:AAGAbCwCGnHD7yqsGLbPKXj1pNn-NaD8bCs/getUpdates?offset=461431396&timeout=20 HTTP/1.1" 200 336
Fri, 11 May 2018 23:35:06 DEBUG    Starting new HTTPS connection (1): api.telegram.org
Fri, 11 May 2018 23:35:07 DEBUG    https://api.telegram.org:443 "POST /bot597935817:AAGAbCwCGnHD7yqsGLbPKXj1pNn-NaD8bCs/sendMessage?chat_id=562036772&text=Write+essence+of+complaint HTTP/1.1" 200 289
Fri, 11 May 2018 23:35:10 DEBUG    https://api.telegram.org:443 "GET /bot597935817:AAGAbCwCGnHD7yqsGLbPKXj1pNn-NaD8bCs/getUpdates?offset=461431397&timeout=20 HTTP/1.1" 200 335
Fri, 11 May 2018 23:35:31 DEBUG    https://api.telegram.org:443 "GET /bot597935817:AAGAbCwCGnHD7yqsGLbPKXj1pNn-NaD8bCs/getUpdates?offset=461431398&timeout=20 HTTP/1.1" 200 23
Fri, 11 May 2018 23:35:56 DEBUG    https://api.telegram.org:443 "GET /bot597935817:AAGAbCwCGnHD7yqsGLbPKXj1pNn-NaD8bCs/getUpdates?offset=461431398&timeout=20 HTTP/1.1" 200 23
Fri, 11 May 2018 23:36:20 DEBUG    https://api.telegram.org:443 "GET /bot597935817:AAGAbCwCGnHD7yqsGLbPKXj1pNn-NaD8bCs/getUpdates?offset=461431398&timeout=20 HTTP/1.1" 200 23
Fri, 11 May 2018 23:36:40 DEBUG    https://api.telegram.org:443 "GET /bot597935817:AAGAbCwCGnHD7yqsGLbPKXj1pNn-NaD8bCs/getUpdates?offset=461431398&timeout=20 HTTP/1.1" 200 23
Fri, 11 May 2018 23:37:00 DEBUG    https://api.telegram.org:443 "GET /bot597935817:AAGAbCwCGnHD7yqsGLbPKXj1pNn-NaD8bCs/getUpdates?offset=461431398&timeout=20 HTTP/1.1" 200 23
Fri, 11 May 2018 23:37:20 DEBUG    https://api.telegram.org:443 "GET /bot597935817:AAGAbCwCGnHD7yqsGLbPKXj1pNn-NaD8bCs/getUpdates?offset=461431398&timeout=20 HTTP/1.1" 200 23
Fri, 11 May 2018 23:37:40 DEBUG    https://api.telegram.org:443 "GET /bot597935817:AAGAbCwCGnHD7yqsGLbPKXj1pNn-NaD8bCs/getUpdates?offset=461431398&timeout=20 HTTP/1.1" 200 23
Fri, 11 May 2018 23:38:00 DEBUG    https://api.telegram.org:443 "GET /bot597935817:AAGAbCwCGnHD7yqsGLbPKXj1pNn-NaD8bCs/getUpdates?offset=461431398&timeout=20 HTTP/1.1" 200 23
Fri, 11 May 2018 23:42:57 DEBUG    https://api.telegram.org:443 "POST /bot597935817:AAGAbCwCGnHD7yqsGLbPKXj1pNn-NaD8bCs/sendMessage?chat_id=562036772&text=Whats+your+name%3F HTTP/1.1" 200 279
Fri, 11 May 2018 23:43:16 DEBUG    https://api.telegram.org:443 "GET /bot597935817:AAGAbCwCGnHD7yqsGLbPKXj1pNn-NaD8bCs/getUpdates?offset=461431399&timeout=20 HTTP/1.1" 200 23
Fri, 11 May 2018 23:43:36 DEBUG    https://api.telegram.org:443 "GET /bot597935817:AAGAbCwCGnHD7yqsGLbPKXj1pNn-NaD8bCs/getUpdates?offset=461431399&timeout=20 HTTP/1.1" 200 23
Fri, 11 May 2018 23:43:56 DEBUG    https://api.telegram.org:443 "GET /bot597935817:AAGAbCwCGnHD7yqsGLbPKXj1pNn-NaD8bCs/getUpdates?offset=461431399&timeout=20 HTTP/1.1" 200 23
Fri, 11 May 2018 23:44:05 DEBUG    https://api.telegram.org:443 "GET /bot597935817:AAGAbCwCGnHD7yqsGLbPKXj1pNn-NaD8bCs/getUpdates?offset=461431399&timeout=20 HTTP/1.1" 200 342
Fri, 11 May 2018 23:44:05 DEBUG    https://api.telegram.org:443 "POST /bot597935817:AAGAbCwCGnHD7yqsGLbPKXj1pNn-NaD8bCs/sendMessage?chat_id=562036772&text=Write+your+addres+and+city HTTP/1.1" 200 289
Fri, 11 May 2018 23:44:15 DEBUG    https://api.telegram.org:443 "GET /bot597935817:AAGAbCwCGnHD7yqsGLbPKXj1pNn-NaD8bCs/getUpdates?offset=461431400&timeout=20 HTTP/1.1" 200 339
Fri, 11 May 2018 23:44:17 DEBUG    https://api.telegram.org:443 "POST /bot597935817:AAGAbCwCGnHD7yqsGLbPKXj1pNn-NaD8bCs/sendMessage?chat_id=562036772&text=How+old+are+you%3F HTTP/1.1" 200 279
Fri, 11 May 2018 23:44:22 DEBUG    https://api.telegram.org:443 "GET /bot597935817:AAGAbCwCGnHD7yqsGLbPKXj1pNn-NaD8bCs/getUpdates?offset=461431401&timeout=20 HTTP/1.1" 200 334
Fri, 11 May 2018 23:44:22 DEBUG    Starting new HTTPS connection (1): api.telegram.org
Fri, 11 May 2018 23:44:23 DEBUG    https://api.telegram.org:443 "POST /bot597935817:AAGAbCwCGnHD7yqsGLbPKXj1pNn-NaD8bCs/sendMessage?chat_id=562036772&text=Write+essence+of+complaint HTTP/1.1" 200 289
Fri, 11 May 2018 23:44:30 DEBUG    https://api.telegram.org:443 "GET /bot597935817:AAGAbCwCGnHD7yqsGLbPKXj1pNn-NaD8bCs/getUpdates?offset=461431402&timeout=20 HTTP/1.1" 200 342
Fri, 11 May 2018 23:44:50 DEBUG    https://api.telegram.org:443 "GET /bot597935817:AAGAbCwCGnHD7yqsGLbPKXj1pNn-NaD8bCs/getUpdates?offset=461431403&timeout=20 HTTP/1.1" 200 23
Fri, 11 May 2018 23:51:35 DEBUG    https://api.telegram.org:443 "POST /bot597935817:AAGAbCwCGnHD7yqsGLbPKXj1pNn-NaD8bCs/sendMessage?chat_id=562036772&text=Whats+your+name%3F HTTP/1.1" 200 279
Fri, 11 May 2018 23:52:10 DEBUG    https://api.telegram.org:443 "POST /bot597935817:AAGAbCwCGnHD7yqsGLbPKXj1pNn-NaD8bCs/sendMessage?chat_id=562036772&text=Whats+your+name%3F HTTP/1.1" 200 279
Fri, 11 May 2018 23:52:14 DEBUG    https://api.telegram.org:443 "GET /bot597935817:AAGAbCwCGnHD7yqsGLbPKXj1pNn-NaD8bCs/getUpdates?offset=461431405&timeout=20 HTTP/1.1" 200 335
Fri, 11 May 2018 23:52:14 DEBUG    Starting new HTTPS connection (1): api.telegram.org
Fri, 11 May 2018 23:52:15 DEBUG    https://api.telegram.org:443 "POST /bot597935817:AAGAbCwCGnHD7yqsGLbPKXj1pNn-NaD8bCs/sendMessage?chat_id=562036772&text=Write+your+addres+and+city HTTP/1.1" 200 289
Fri, 11 May 2018 23:52:19 DEBUG    https://api.telegram.org:443 "GET /bot597935817:AAGAbCwCGnHD7yqsGLbPKXj1pNn-NaD8bCs/getUpdates?offset=461431406&timeout=20 HTTP/1.1" 200 336
Fri, 11 May 2018 23:52:20 DEBUG    https://api.telegram.org:443 "POST /bot597935817:AAGAbCwCGnHD7yqsGLbPKXj1pNn-NaD8bCs/sendMessage?chat_id=562036772&text=How+old+are+you%3F HTTP/1.1" 200 279
Fri, 11 May 2018 23:52:23 DEBUG    https://api.telegram.org:443 "GET /bot597935817:AAGAbCwCGnHD7yqsGLbPKXj1pNn-NaD8bCs/getUpdates?offset=461431407&timeout=20 HTTP/1.1" 200 333
Fri, 11 May 2018 23:52:23 DEBUG    https://api.telegram.org:443 "POST /bot597935817:AAGAbCwCGnHD7yqsGLbPKXj1pNn-NaD8bCs/sendMessage?chat_id=562036772&text=Write+essence+of+complaint HTTP/1.1" 200 289
Fri, 11 May 2018 23:52:29 DEBUG    https://api.telegram.org:443 "GET /bot597935817:AAGAbCwCGnHD7yqsGLbPKXj1pNn-NaD8bCs/getUpdates?offset=461431408&timeout=20 HTTP/1.1" 200 335
Fri, 11 May 2018 23:52:49 DEBUG    https://api.telegram.org:443 "GET /bot597935817:AAGAbCwCGnHD7yqsGLbPKXj1pNn-NaD8bCs/getUpdates?offset=461431409&timeout=20 HTTP/1.1" 200 23
Fri, 11 May 2018 23:54:59 DEBUG    https://api.telegram.org:443 "POST /bot597935817:AAGAbCwCGnHD7yqsGLbPKXj1pNn-NaD8bCs/sendMessage?chat_id=562036772&text=Whats+your+name%3F HTTP/1.1" 200 279
Fri, 11 May 2018 23:55:14 DEBUG    https://api.telegram.org:443 "GET /bot597935817:AAGAbCwCGnHD7yqsGLbPKXj1pNn-NaD8bCs/getUpdates?offset=461431410&timeout=20 HTTP/1.1" 200 368
Fri, 11 May 2018 23:55:14 DEBUG    Starting new HTTPS connection (1): api.telegram.org
Fri, 11 May 2018 23:55:14 DEBUG    https://api.telegram.org:443 "POST /bot597935817:AAGAbCwCGnHD7yqsGLbPKXj1pNn-NaD8bCs/sendMessage?chat_id=562036772&text=Write+your+addres+and+city HTTP/1.1" 200 289
Fri, 11 May 2018 23:55:17 DEBUG    https://api.telegram.org:443 "GET /bot597935817:AAGAbCwCGnHD7yqsGLbPKXj1pNn-NaD8bCs/getUpdates?offset=461431411&timeout=20 HTTP/1.1" 200 368
Fri, 11 May 2018 23:55:17 DEBUG    https://api.telegram.org:443 "POST /bot597935817:AAGAbCwCGnHD7yqsGLbPKXj1pNn-NaD8bCs/sendMessage?chat_id=562036772&text=How+old+are+you%3F HTTP/1.1" 200 279
Fri, 11 May 2018 23:55:22 DEBUG    https://api.telegram.org:443 "GET /bot597935817:AAGAbCwCGnHD7yqsGLbPKXj1pNn-NaD8bCs/getUpdates?offset=461431412&timeout=20 HTTP/1.1" 200 334
Fri, 11 May 2018 23:55:22 DEBUG    https://api.telegram.org:443 "POST /bot597935817:AAGAbCwCGnHD7yqsGLbPKXj1pNn-NaD8bCs/sendMessage?chat_id=562036772&text=Write+essence+of+complaint HTTP/1.1" 200 289
Fri, 11 May 2018 23:55:34 DEBUG    https://api.telegram.org:443 "GET /bot597935817:AAGAbCwCGnHD7yqsGLbPKXj1pNn-NaD8bCs/getUpdates?offset=461431413&timeout=20 HTTP/1.1" 200 362
Fri, 11 May 2018 23:55:34 DEBUG    https://api.telegram.org:443 "POST /bot597935817:AAGAbCwCGnHD7yqsGLbPKXj1pNn-NaD8bCs/sendMessage?chat_id=562036772&text=%D0%A7%D0%B5%D0%BC+%D1%82%D0%B5%D0%B1%D0%B5+%D0%BF%D0%BE%D0%BC%D0%BE%D1%87%D1%8C%3F+%D0%92%D1%8B%D0%B1%D0%B5%D1%80%D0%B8+%D0%B2%D0%B0%D1%80%D0%B8%D0%B0%D0%BD%D1%82%3A&reply_markup=%7B%22keyboard%22%3A+%5B%5B%7B%22text%22%3A+%22%5Cu041e%5Cu043f%5Cu0440%5Cu0430%5Cu0432%5Cu0438%5Cu0442%5Cu044c%22%7D%5D%5D%2C+%22resize_keyboard%22%3A+true%7D HTTP/1.1" 200 425
Fri, 11 May 2018 23:55:54 DEBUG    https://api.telegram.org:443 "GET /bot597935817:AAGAbCwCGnHD7yqsGLbPKXj1pNn-NaD8bCs/getUpdates?offset=461431414&timeout=20 HTTP/1.1" 200 23
Sat, 12 May 2018 00:00:41 DEBUG    https://api.telegram.org:443 "POST /bot597935817:AAGAbCwCGnHD7yqsGLbPKXj1pNn-NaD8bCs/sendMessage?chat_id=562036772&text=Whats+your+name%3F HTTP/1.1" 200 279
Sat, 12 May 2018 00:01:01 DEBUG    https://api.telegram.org:443 "GET /bot597935817:AAGAbCwCGnHD7yqsGLbPKXj1pNn-NaD8bCs/getUpdates?offset=461431415&timeout=20 HTTP/1.1" 200 23
Sat, 12 May 2018 00:01:05 DEBUG    https://api.telegram.org:443 "GET /bot597935817:AAGAbCwCGnHD7yqsGLbPKXj1pNn-NaD8bCs/getUpdates?offset=461431415&timeout=20 HTTP/1.1" 200 336
Sat, 12 May 2018 00:01:05 DEBUG    https://api.telegram.org:443 "POST /bot597935817:AAGAbCwCGnHD7yqsGLbPKXj1pNn-NaD8bCs/sendMessage?chat_id=562036772&text=Write+your+addres+and+city HTTP/1.1" 200 289
Sat, 12 May 2018 00:01:15 DEBUG    https://api.telegram.org:443 "GET /bot597935817:AAGAbCwCGnHD7yqsGLbPKXj1pNn-NaD8bCs/getUpdates?offset=461431416&timeout=20 HTTP/1.1" 200 338
Sat, 12 May 2018 00:01:15 DEBUG    Starting new HTTPS connection (1): api.telegram.org
Sat, 12 May 2018 00:01:15 DEBUG    https://api.telegram.org:443 "POST /bot597935817:AAGAbCwCGnHD7yqsGLbPKXj1pNn-NaD8bCs/sendMessage?chat_id=562036772&text=How+old+are+you%3F HTTP/1.1" 200 279
Sat, 12 May 2018 00:01:19 DEBUG    https://api.telegram.org:443 "GET /bot597935817:AAGAbCwCGnHD7yqsGLbPKXj1pNn-NaD8bCs/getUpdates?offset=461431417&timeout=20 HTTP/1.1" 200 334
Sat, 12 May 2018 00:01:20 DEBUG    https://api.telegram.org:443 "POST /bot597935817:AAGAbCwCGnHD7yqsGLbPKXj1pNn-NaD8bCs/sendMessage?chat_id=562036772&text=Write+essence+of+complaint HTTP/1.1" 200 289
Sat, 12 May 2018 00:01:30 DEBUG    https://api.telegram.org:443 "GET /bot597935817:AAGAbCwCGnHD7yqsGLbPKXj1pNn-NaD8bCs/getUpdates?offset=461431418&timeout=20 HTTP/1.1" 200 337
Sat, 12 May 2018 00:01:30 DEBUG    https://api.telegram.org:443 "POST /bot597935817:AAGAbCwCGnHD7yqsGLbPKXj1pNn-NaD8bCs/sendMessage?chat_id=562036772&text=%D0%95%D1%81%D0%BB%D0%B8+%D0%B2%D1%81%D0%B5+%D0%B4%D0%B0%D0%BD%D0%BD%D1%8B%D0%B5+%D0%B2%D0%B5%D1%80%D0%BD%D1%8B+%D0%BD%D0%B0%D0%B6%D0%BC%D0%B8%D1%82%D0%B5+%27%D0%9E%D1%82%D0%BF%D1%80%D0%B0%D0%B2%D0%B8%D1%82%D1%8C%27%2C+%D0%B2+%D0%BF%D1%80%D0%BE%D1%82%D0%B8%D0%B2%D0%BD%D0%BE%D0%BC+%D1%81%D0%BB%D1%83%D1%87%D0%B0%D0%B5+%D0%B2%D0%B2%D0%B5%D0%B4%D0%B8%D1%82%D0%B5+%D0%B4%D0%B0%D0%BD%D0%BD%D1%8B%D0%B5+%D0%B7%D0%B0%D0%BD%D0%BE%D0%B2%D0%BE+%D0%BD%D0%B0%D0%B6%D0%B0%D0%B2+%D0%BD%D0%B0+%2Fstart&reply_markup=%7B%22keyboard%22%3A+%5B%5B%7B%22text%22%3A+%22%5Cu041e%5Cu043f%5Cu0440%5Cu0430%5Cu0432%5Cu0438%5Cu0442%5Cu044c%22%7D%5D%5D%2C+%22resize_keyboard%22%3A+true%7D HTTP/1.1" 200 801
Sat, 12 May 2018 00:01:50 DEBUG    https://api.telegram.org:443 "GET /bot597935817:AAGAbCwCGnHD7yqsGLbPKXj1pNn-NaD8bCs/getUpdates?offset=461431419&timeout=20 HTTP/1.1" 200 23
Sat, 12 May 2018 00:02:10 DEBUG    https://api.telegram.org:443 "GET /bot597935817:AAGAbCwCGnHD7yqsGLbPKXj1pNn-NaD8bCs/getUpdates?offset=461431419&timeout=20 HTTP/1.1" 200 23
Sat, 12 May 2018 00:02:30 DEBUG    https://api.telegram.org:443 "GET /bot597935817:AAGAbCwCGnHD7yqsGLbPKXj1pNn-NaD8bCs/getUpdates?offset=461431419&timeout=20 HTTP/1.1" 200 23
Sat, 12 May 2018 00:02:54 DEBUG    https://api.telegram.org:443 "GET /bot597935817:AAGAbCwCGnHD7yqsGLbPKXj1pNn-NaD8bCs/getUpdates?offset=461431419&timeout=20 HTTP/1.1" 200 23
Sat, 12 May 2018 00:03:18 DEBUG    https://api.telegram.org:443 "GET /bot597935817:AAGAbCwCGnHD7yqsGLbPKXj1pNn-NaD8bCs/getUpdates?offset=461431419&timeout=20 HTTP/1.1" 200 23
Sat, 12 May 2018 00:03:39 DEBUG    https://api.telegram.org:443 "GET /bot597935817:AAGAbCwCGnHD7yqsGLbPKXj1pNn-NaD8bCs/getUpdates?offset=461431419&timeout=20 HTTP/1.1" 200 23
Sat, 12 May 2018 00:03:59 DEBUG    https://api.telegram.org:443 "GET /bot597935817:AAGAbCwCGnHD7yqsGLbPKXj1pNn-NaD8bCs/getUpdates?offset=461431419&timeout=20 HTTP/1.1" 200 23
Sat, 12 May 2018 00:04:19 DEBUG    https://api.telegram.org:443 "GET /bot597935817:AAGAbCwCGnHD7yqsGLbPKXj1pNn-NaD8bCs/getUpdates?offset=461431419&timeout=20 HTTP/1.1" 200 23
Sat, 12 May 2018 00:04:39 DEBUG    https://api.telegram.org:443 "GET /bot597935817:AAGAbCwCGnHD7yqsGLbPKXj1pNn-NaD8bCs/getUpdates?offset=461431419&timeout=20 HTTP/1.1" 200 23
Sat, 12 May 2018 00:10:18 DEBUG    https://api.telegram.org:443 "POST /bot597935817:AAGAbCwCGnHD7yqsGLbPKXj1pNn-NaD8bCs/sendMessage?chat_id=562036772&text=Whats+your+name%3F HTTP/1.1" 200 279
Sat, 12 May 2018 00:16:15 DEBUG    https://api.telegram.org:443 "POST /bot597935817:AAGAbCwCGnHD7yqsGLbPKXj1pNn-NaD8bCs/sendMessage?chat_id=562036772&text=Whats+your+name%3F HTTP/1.1" 200 279
Sat, 12 May 2018 00:16:50 DEBUG    https://api.telegram.org:443 "POST /bot597935817:AAGAbCwCGnHD7yqsGLbPKXj1pNn-NaD8bCs/sendMessage?chat_id=562036772&text=Whats+your+name%3F HTTP/1.1" 200 279
Sat, 12 May 2018 00:17:10 DEBUG    https://api.telegram.org:443 "GET /bot597935817:AAGAbCwCGnHD7yqsGLbPKXj1pNn-NaD8bCs/getUpdates?offset=461431439&timeout=20 HTTP/1.1" 200 23
Sat, 12 May 2018 00:17:30 DEBUG    https://api.telegram.org:443 "GET /bot597935817:AAGAbCwCGnHD7yqsGLbPKXj1pNn-NaD8bCs/getUpdates?offset=461431439&timeout=20 HTTP/1.1" 200 23
Sat, 12 May 2018 00:17:50 DEBUG    https://api.telegram.org:443 "GET /bot597935817:AAGAbCwCGnHD7yqsGLbPKXj1pNn-NaD8bCs/getUpdates?offset=461431439&timeout=20 HTTP/1.1" 200 23
Sat, 12 May 2018 00:18:09 DEBUG    https://api.telegram.org:443 "POST /bot597935817:AAGAbCwCGnHD7yqsGLbPKXj1pNn-NaD8bCs/sendMessage?chat_id=562036772&text=Whats+your+name%3F HTTP/1.1" 200 279
Sat, 12 May 2018 00:18:17 DEBUG    https://api.telegram.org:443 "GET /bot597935817:AAGAbCwCGnHD7yqsGLbPKXj1pNn-NaD8bCs/getUpdates?offset=461431440&timeout=20 HTTP/1.1" 200 333
Sat, 12 May 2018 00:18:17 DEBUG    Starting new HTTPS connection (1): api.telegram.org
Sat, 12 May 2018 00:18:18 DEBUG    https://api.telegram.org:443 "POST /bot597935817:AAGAbCwCGnHD7yqsGLbPKXj1pNn-NaD8bCs/sendMessage?chat_id=562036772&text=Write+your+addres+and+city HTTP/1.1" 200 289
Sat, 12 May 2018 00:18:31 DEBUG    https://api.telegram.org:443 "GET /bot597935817:AAGAbCwCGnHD7yqsGLbPKXj1pNn-NaD8bCs/getUpdates?offset=461431441&timeout=20 HTTP/1.1" 200 335
Sat, 12 May 2018 00:18:31 DEBUG    https://api.telegram.org:443 "POST /bot597935817:AAGAbCwCGnHD7yqsGLbPKXj1pNn-NaD8bCs/sendMessage?chat_id=562036772&text=How+old+are+you%3F HTTP/1.1" 200 279
Sat, 12 May 2018 00:18:35 DEBUG    https://api.telegram.org:443 "GET /bot597935817:AAGAbCwCGnHD7yqsGLbPKXj1pNn-NaD8bCs/getUpdates?offset=461431442&timeout=20 HTTP/1.1" 200 331
Sat, 12 May 2018 00:18:35 DEBUG    https://api.telegram.org:443 "POST /bot597935817:AAGAbCwCGnHD7yqsGLbPKXj1pNn-NaD8bCs/sendMessage?chat_id=562036772&text=Write+essence+of+complaint HTTP/1.1" 200 289
Sat, 12 May 2018 00:18:49 DEBUG    https://api.telegram.org:443 "GET /bot597935817:AAGAbCwCGnHD7yqsGLbPKXj1pNn-NaD8bCs/getUpdates?offset=461431443&timeout=20 HTTP/1.1" 200 341
Sat, 12 May 2018 00:18:49 DEBUG    https://api.telegram.org:443 "POST /bot597935817:AAGAbCwCGnHD7yqsGLbPKXj1pNn-NaD8bCs/sendMessage?chat_id=562036772&text=%D0%95%D1%81%D0%BB%D0%B8+%D0%B2%D1%81%D0%B5+%D0%B4%D0%B0%D0%BD%D0%BD%D1%8B%D0%B5+%D0%B2%D0%B5%D1%80%D0%BD%D1%8B+%D0%BD%D0%B0%D0%B6%D0%BC%D0%B8%D1%82%D0%B5+%27%D0%9E%D1%82%D0%BF%D1%80%D0%B0%D0%B2%D0%B8%D1%82%D1%8C%27%2C+%D0%B2+%D0%BF%D1%80%D0%BE%D1%82%D0%B8%D0%B2%D0%BD%D0%BE%D0%BC+%D1%81%D0%BB%D1%83%D1%87%D0%B0%D0%B5+%D0%B2%D0%B2%D0%B5%D0%B4%D0%B8%D1%82%D0%B5+%D0%B4%D0%B0%D0%BD%D0%BD%D1%8B%D0%B5+%D0%B7%D0%B0%D0%BD%D0%BE%D0%B2%D0%BE+%D0%BD%D0%B0%D0%B6%D0%B0%D0%B2+%D0%BD%D0%B0+%2Fstart&reply_markup=%7B%22keyboard%22%3A+%5B%5B%7B%22text%22%3A+%22%5Cu041e%5Cu043f%5Cu0440%5Cu0430%5Cu0432%5Cu0438%5Cu0442%5Cu044c%22%7D%5D%5D%2C+%22resize_keyboard%22%3A+true%7D HTTP/1.1" 200 801
Sat, 12 May 2018 00:18:55 ERROR    OperationalError occurred, args=('database is locked',)
Traceback (most recent call last):
  File "C:\Users\Пользователь\AppData\Local\Programs\Python\Python36-32\lib\site-packages\telebot\util.py", line 59, in run
    task(*args, **kwargs)
  File "C:\Users\Пользователь\Documents\GitHub\python\Дз по python\Дз8\ТЗ\TZ_code.py", line 87, in test
    questioning(message)
  File "C:\Users\Пользователь\Documents\GitHub\python\Дз по python\Дз8\ТЗ\TZ_code.py", line 79, in questioning
    cursorConnectionAndWrite("First_4_answers",myArray)
  File "C:\Users\Пользователь\Documents\GitHub\python\Дз по python\Дз8\ТЗ\TZ_code.py", line 104, in cursorConnectionAndWrite
    cursor.execute("insert into %s values %s" %(tableName,insertingTurpleWithValues))
sqlite3.OperationalError: database is locked

Sat, 12 May 2018 00:19:09 DEBUG    https://api.telegram.org:443 "GET /bot597935817:AAGAbCwCGnHD7yqsGLbPKXj1pNn-NaD8bCs/getUpdates?offset=461431444&timeout=20 HTTP/1.1" 200 23
Sat, 12 May 2018 00:28:21 DEBUG    https://api.telegram.org:443 "POST /bot597935817:AAGAbCwCGnHD7yqsGLbPKXj1pNn-NaD8bCs/sendMessage?chat_id=562036772&text=Whats+your+name%3F HTTP/1.1" 200 279
Sat, 12 May 2018 00:28:35 DEBUG    https://api.telegram.org:443 "POST /bot597935817:AAGAbCwCGnHD7yqsGLbPKXj1pNn-NaD8bCs/sendMessage?chat_id=562036772&text=Whats+your+name%3F HTTP/1.1" 200 279
Sat, 12 May 2018 00:28:46 DEBUG    https://api.telegram.org:443 "GET /bot597935817:AAGAbCwCGnHD7yqsGLbPKXj1pNn-NaD8bCs/getUpdates?offset=461431447&timeout=20 HTTP/1.1" 200 368
Sat, 12 May 2018 00:28:46 DEBUG    Starting new HTTPS connection (1): api.telegram.org
Sat, 12 May 2018 00:28:46 DEBUG    https://api.telegram.org:443 "POST /bot597935817:AAGAbCwCGnHD7yqsGLbPKXj1pNn-NaD8bCs/sendMessage?chat_id=562036772&text=Write+your+addres+and+city HTTP/1.1" 200 289
Sat, 12 May 2018 00:28:59 DEBUG    https://api.telegram.org:443 "GET /bot597935817:AAGAbCwCGnHD7yqsGLbPKXj1pNn-NaD8bCs/getUpdates?offset=461431448&timeout=20 HTTP/1.1" 200 368
Sat, 12 May 2018 00:28:59 DEBUG    https://api.telegram.org:443 "POST /bot597935817:AAGAbCwCGnHD7yqsGLbPKXj1pNn-NaD8bCs/sendMessage?chat_id=562036772&text=How+old+are+you%3F HTTP/1.1" 200 279
Sat, 12 May 2018 00:29:05 DEBUG    https://api.telegram.org:443 "GET /bot597935817:AAGAbCwCGnHD7yqsGLbPKXj1pNn-NaD8bCs/getUpdates?offset=461431449&timeout=20 HTTP/1.1" 200 334
Sat, 12 May 2018 00:29:05 DEBUG    https://api.telegram.org:443 "POST /bot597935817:AAGAbCwCGnHD7yqsGLbPKXj1pNn-NaD8bCs/sendMessage?chat_id=562036772&text=Write+essence+of+complaint HTTP/1.1" 200 289
Sat, 12 May 2018 00:29:24 DEBUG    https://api.telegram.org:443 "GET /bot597935817:AAGAbCwCGnHD7yqsGLbPKXj1pNn-NaD8bCs/getUpdates?offset=461431450&timeout=20 HTTP/1.1" 200 405
Sat, 12 May 2018 00:29:24 DEBUG    https://api.telegram.org:443 "POST /bot597935817:AAGAbCwCGnHD7yqsGLbPKXj1pNn-NaD8bCs/sendMessage?chat_id=562036772&text=%D0%95%D1%81%D0%BB%D0%B8+%D0%B2%D1%81%D0%B5+%D0%B4%D0%B0%D0%BD%D0%BD%D1%8B%D0%B5+%D0%B2%D0%B5%D1%80%D0%BD%D1%8B+%D0%BD%D0%B0%D0%B6%D0%BC%D0%B8%D1%82%D0%B5+%27%D0%9E%D1%82%D0%BF%D1%80%D0%B0%D0%B2%D0%B8%D1%82%D1%8C%27%2C+%D0%B2+%D0%BF%D1%80%D0%BE%D1%82%D0%B8%D0%B2%D0%BD%D0%BE%D0%BC+%D1%81%D0%BB%D1%83%D1%87%D0%B0%D0%B5+%D0%B2%D0%B2%D0%B5%D0%B4%D0%B8%D1%82%D0%B5+%D0%B4%D0%B0%D0%BD%D0%BD%D1%8B%D0%B5+%D0%B7%D0%B0%D0%BD%D0%BE%D0%B2%D0%BE+%D0%BD%D0%B0%D0%B6%D0%B0%D0%B2+%D0%BD%D0%B0+%2Fstart&reply_markup=%7B%22keyboard%22%3A+%5B%5B%7B%22text%22%3A+%22%5Cu041e%5Cu043f%5Cu0440%5Cu0430%5Cu0432%5Cu0438%5Cu0442%5Cu044c%22%7D%5D%5D%2C+%22resize_keyboard%22%3A+true%7D HTTP/1.1" 200 801
Sat, 12 May 2018 00:29:30 DEBUG    https://api.telegram.org:443 "GET /bot597935817:AAGAbCwCGnHD7yqsGLbPKXj1pNn-NaD8bCs/getUpdates?offset=461431451&timeout=20 HTTP/1.1" 200 380
Sat, 12 May 2018 00:29:50 DEBUG    https://api.telegram.org:443 "GET /bot597935817:AAGAbCwCGnHD7yqsGLbPKXj1pNn-NaD8bCs/getUpdates?offset=461431452&timeout=20 HTTP/1.1" 200 23
Sat, 12 May 2018 00:30:10 DEBUG    https://api.telegram.org:443 "GET /bot597935817:AAGAbCwCGnHD7yqsGLbPKXj1pNn-NaD8bCs/getUpdates?offset=461431452&timeout=20 HTTP/1.1" 200 23
Sat, 12 May 2018 00:30:30 DEBUG    https://api.telegram.org:443 "GET /bot597935817:AAGAbCwCGnHD7yqsGLbPKXj1pNn-NaD8bCs/getUpdates?offset=461431452&timeout=20 HTTP/1.1" 200 23
Sat, 12 May 2018 00:30:53 DEBUG    https://api.telegram.org:443 "GET /bot597935817:AAGAbCwCGnHD7yqsGLbPKXj1pNn-NaD8bCs/getUpdates?offset=461431452&timeout=20 HTTP/1.1" 200 23
Sat, 12 May 2018 00:31:18 DEBUG    https://api.telegram.org:443 "GET /bot597935817:AAGAbCwCGnHD7yqsGLbPKXj1pNn-NaD8bCs/getUpdates?offset=461431452&timeout=20 HTTP/1.1" 200 23
Sat, 12 May 2018 00:31:39 DEBUG    https://api.telegram.org:443 "GET /bot597935817:AAGAbCwCGnHD7yqsGLbPKXj1pNn-NaD8bCs/getUpdates?offset=461431452&timeout=20 HTTP/1.1" 200 23
Sat, 12 May 2018 00:31:59 DEBUG    https://api.telegram.org:443 "GET /bot597935817:AAGAbCwCGnHD7yqsGLbPKXj1pNn-NaD8bCs/getUpdates?offset=461431452&timeout=20 HTTP/1.1" 200 23
Sat, 12 May 2018 00:32:19 DEBUG    https://api.telegram.org:443 "GET /bot597935817:AAGAbCwCGnHD7yqsGLbPKXj1pNn-NaD8bCs/getUpdates?offset=461431452&timeout=20 HTTP/1.1" 200 23
Sat, 12 May 2018 00:32:39 DEBUG    https://api.telegram.org:443 "GET /bot597935817:AAGAbCwCGnHD7yqsGLbPKXj1pNn-NaD8bCs/getUpdates?offset=461431452&timeout=20 HTTP/1.1" 200 23
Sat, 12 May 2018 00:32:59 DEBUG    https://api.telegram.org:443 "GET /bot597935817:AAGAbCwCGnHD7yqsGLbPKXj1pNn-NaD8bCs/getUpdates?offset=461431452&timeout=20 HTTP/1.1" 200 23
Sat, 12 May 2018 00:33:19 DEBUG    https://api.telegram.org:443 "GET /bot597935817:AAGAbCwCGnHD7yqsGLbPKXj1pNn-NaD8bCs/getUpdates?offset=461431452&timeout=20 HTTP/1.1" 200 23
Sat, 12 May 2018 00:33:39 DEBUG    https://api.telegram.org:443 "GET /bot597935817:AAGAbCwCGnHD7yqsGLbPKXj1pNn-NaD8bCs/getUpdates?offset=461431452&timeout=20 HTTP/1.1" 200 23
Sat, 12 May 2018 00:34:00 DEBUG    https://api.telegram.org:443 "GET /bot597935817:AAGAbCwCGnHD7yqsGLbPKXj1pNn-NaD8bCs/getUpdates?offset=461431452&timeout=20 HTTP/1.1" 200 23
Sat, 12 May 2018 00:34:20 DEBUG    https://api.telegram.org:443 "GET /bot597935817:AAGAbCwCGnHD7yqsGLbPKXj1pNn-NaD8bCs/getUpdates?offset=461431452&timeout=20 HTTP/1.1" 200 23
Sat, 12 May 2018 00:34:40 DEBUG    https://api.telegram.org:443 "GET /bot597935817:AAGAbCwCGnHD7yqsGLbPKXj1pNn-NaD8bCs/getUpdates?offset=461431452&timeout=20 HTTP/1.1" 200 23
Sat, 12 May 2018 00:35:00 DEBUG    https://api.telegram.org:443 "GET /bot597935817:AAGAbCwCGnHD7yqsGLbPKXj1pNn-NaD8bCs/getUpdates?offset=461431452&timeout=20 HTTP/1.1" 200 23
Sat, 12 May 2018 00:35:20 DEBUG    https://api.telegram.org:443 "GET /bot597935817:AAGAbCwCGnHD7yqsGLbPKXj1pNn-NaD8bCs/getUpdates?offset=461431452&timeout=20 HTTP/1.1" 200 23
Sat, 12 May 2018 00:35:40 DEBUG    https://api.telegram.org:443 "GET /bot597935817:AAGAbCwCGnHD7yqsGLbPKXj1pNn-NaD8bCs/getUpdates?offset=461431452&timeout=20 HTTP/1.1" 200 23
Sat, 12 May 2018 00:36:00 DEBUG    https://api.telegram.org:443 "GET /bot597935817:AAGAbCwCGnHD7yqsGLbPKXj1pNn-NaD8bCs/getUpdates?offset=461431452&timeout=20 HTTP/1.1" 200 23
Sat, 12 May 2018 00:36:20 DEBUG    https://api.telegram.org:443 "GET /bot597935817:AAGAbCwCGnHD7yqsGLbPKXj1pNn-NaD8bCs/getUpdates?offset=461431452&timeout=20 HTTP/1.1" 200 23
Sat, 12 May 2018 00:36:40 DEBUG    https://api.telegram.org:443 "GET /bot597935817:AAGAbCwCGnHD7yqsGLbPKXj1pNn-NaD8bCs/getUpdates?offset=461431452&timeout=20 HTTP/1.1" 200 23
Sat, 12 May 2018 00:37:01 DEBUG    https://api.telegram.org:443 "GET /bot597935817:AAGAbCwCGnHD7yqsGLbPKXj1pNn-NaD8bCs/getUpdates?offset=461431452&timeout=20 HTTP/1.1" 200 23
Sat, 12 May 2018 00:37:21 DEBUG    https://api.telegram.org:443 "GET /bot597935817:AAGAbCwCGnHD7yqsGLbPKXj1pNn-NaD8bCs/getUpdates?offset=461431452&timeout=20 HTTP/1.1" 200 23
Sat, 12 May 2018 00:37:41 DEBUG    https://api.telegram.org:443 "GET /bot597935817:AAGAbCwCGnHD7yqsGLbPKXj1pNn-NaD8bCs/getUpdates?offset=461431452&timeout=20 HTTP/1.1" 200 23
Sat, 12 May 2018 00:38:01 DEBUG    https://api.telegram.org:443 "GET /bot597935817:AAGAbCwCGnHD7yqsGLbPKXj1pNn-NaD8bCs/getUpdates?offset=461431452&timeout=20 HTTP/1.1" 200 23
Sat, 12 May 2018 00:38:21 DEBUG    https://api.telegram.org:443 "GET /bot597935817:AAGAbCwCGnHD7yqsGLbPKXj1pNn-NaD8bCs/getUpdates?offset=461431452&timeout=20 HTTP/1.1" 200 23
Sat, 12 May 2018 00:38:45 DEBUG    Starting new HTTPS connection (1): api.telegram.org
Sat, 12 May 2018 00:38:45 DEBUG    https://api.telegram.org:443 "POST /bot597935817:AAGAbCwCGnHD7yqsGLbPKXj1pNn-NaD8bCs/sendMessage?chat_id=562036772&text=%D0%92%D0%B0%D1%81+%D0%BF%D1%80%D0%B8%D0%B2%D0%B5%D1%82%D1%81%D1%82%D0%B2%D1%83%D0%B5%D1%82+%D0%B1%D0%BE%D1%82+DigitalCitizen%2C+%D0%B7%D0%B4%D0%B5%D1%81%D1%8C+%D0%B2%D1%8B+%D0%BC%D0%BE%D0%B6%D0%B5%D1%82%D0%B5+%D0%BF%D0%BE%D0%B4%D0%B0%D1%82%D1%8C+%D0%B2%D0%B0%D1%88%D1%83+%D0%B6%D0%B0%D0%BB%D0%BE%D0%B1%D1%83 HTTP/1.1" 200 569
Sat, 12 May 2018 00:38:45 DEBUG    https://api.telegram.org:443 "POST /bot597935817:AAGAbCwCGnHD7yqsGLbPKXj1pNn-NaD8bCs/sendMessage?chat_id=562036772&text=Whats+your+name%3F HTTP/1.1" 200 279
Sat, 12 May 2018 15:19:28 DEBUG    Starting new HTTPS connection (1): api.telegram.org
Sat, 12 May 2018 15:19:29 DEBUG    https://api.telegram.org:443 "POST /bot597935817:AAGAbCwCGnHD7yqsGLbPKXj1pNn-NaD8bCs/sendMessage?chat_id=562036772&text=%D0%92%D0%B0%D1%81+%D0%BF%D1%80%D0%B8%D0%B2%D0%B5%D1%82%D1%81%D1%82%D0%B2%D1%83%D0%B5%D1%82+%D0%B1%D0%BE%D1%82+DigitalCitizen%2C+%D0%B7%D0%B4%D0%B5%D1%81%D1%8C+%D0%B2%D1%8B+%D0%BC%D0%BE%D0%B6%D0%B5%D1%82%D0%B5+%D0%BF%D0%BE%D0%B4%D0%B0%D1%82%D1%8C+%D0%B2%D0%B0%D1%88%D1%83+%D0%B6%D0%B0%D0%BB%D0%BE%D0%B1%D1%83 HTTP/1.1" 200 569
Sat, 12 May 2018 15:19:29 DEBUG    https://api.telegram.org:443 "POST /bot597935817:AAGAbCwCGnHD7yqsGLbPKXj1pNn-NaD8bCs/sendMessage?chat_id=562036772&text=Whats+your+name%3F HTTP/1.1" 200 279
Sat, 12 May 2018 15:19:48 DEBUG    https://api.telegram.org:443 "GET /bot597935817:AAGAbCwCGnHD7yqsGLbPKXj1pNn-NaD8bCs/getUpdates?offset=461431455&timeout=20 HTTP/1.1" 200 23
Sat, 12 May 2018 15:20:08 DEBUG    https://api.telegram.org:443 "GET /bot597935817:AAGAbCwCGnHD7yqsGLbPKXj1pNn-NaD8bCs/getUpdates?offset=461431455&timeout=20 HTTP/1.1" 200 23
Sat, 12 May 2018 15:20:32 DEBUG    https://api.telegram.org:443 "GET /bot597935817:AAGAbCwCGnHD7yqsGLbPKXj1pNn-NaD8bCs/getUpdates?offset=461431455&timeout=20 HTTP/1.1" 200 23
Sat, 12 May 2018 15:20:45 DEBUG    https://api.telegram.org:443 "GET /bot597935817:AAGAbCwCGnHD7yqsGLbPKXj1pNn-NaD8bCs/getUpdates?offset=461431455&timeout=20 HTTP/1.1" 200 338
Sat, 12 May 2018 15:20:45 DEBUG    Starting new HTTPS connection (1): api.telegram.org
Sat, 12 May 2018 15:20:45 DEBUG    https://api.telegram.org:443 "POST /bot597935817:AAGAbCwCGnHD7yqsGLbPKXj1pNn-NaD8bCs/sendMessage?chat_id=562036772&text=Write+your+addres+and+city HTTP/1.1" 200 289
Sat, 12 May 2018 15:20:52 DEBUG    https://api.telegram.org:443 "GET /bot597935817:AAGAbCwCGnHD7yqsGLbPKXj1pNn-NaD8bCs/getUpdates?offset=461431456&timeout=20 HTTP/1.1" 200 338
Sat, 12 May 2018 15:20:52 DEBUG    https://api.telegram.org:443 "POST /bot597935817:AAGAbCwCGnHD7yqsGLbPKXj1pNn-NaD8bCs/sendMessage?chat_id=562036772&text=How+old+are+you%3F HTTP/1.1" 200 279
Sat, 12 May 2018 15:21:00 DEBUG    https://api.telegram.org:443 "GET /bot597935817:AAGAbCwCGnHD7yqsGLbPKXj1pNn-NaD8bCs/getUpdates?offset=461431457&timeout=20 HTTP/1.1" 200 334
Sat, 12 May 2018 15:21:01 DEBUG    https://api.telegram.org:443 "POST /bot597935817:AAGAbCwCGnHD7yqsGLbPKXj1pNn-NaD8bCs/sendMessage?chat_id=562036772&text=Write+essence+of+complaint HTTP/1.1" 200 289
Sat, 12 May 2018 15:21:14 DEBUG    https://api.telegram.org:443 "GET /bot597935817:AAGAbCwCGnHD7yqsGLbPKXj1pNn-NaD8bCs/getUpdates?offset=461431458&timeout=20 HTTP/1.1" 200 344
Sat, 12 May 2018 15:21:14 DEBUG    https://api.telegram.org:443 "POST /bot597935817:AAGAbCwCGnHD7yqsGLbPKXj1pNn-NaD8bCs/sendMessage?chat_id=562036772&text=%D0%95%D1%81%D0%BB%D0%B8+%D0%B2%D1%81%D0%B5+%D0%B4%D0%B0%D0%BD%D0%BD%D1%8B%D0%B5+%D0%B2%D0%B5%D1%80%D0%BD%D1%8B+%D0%BD%D0%B0%D0%B6%D0%BC%D0%B8%D1%82%D0%B5+%27%D0%9E%D1%82%D0%BF%D1%80%D0%B0%D0%B2%D0%B8%D1%82%D1%8C%27%2C+%D0%B2+%D0%BF%D1%80%D0%BE%D1%82%D0%B8%D0%B2%D0%BD%D0%BE%D0%BC+%D1%81%D0%BB%D1%83%D1%87%D0%B0%D0%B5+%D0%B2%D0%B2%D0%B5%D0%B4%D0%B8%D1%82%D0%B5+%D0%B4%D0%B0%D0%BD%D0%BD%D1%8B%D0%B5+%D0%B7%D0%B0%D0%BD%D0%BE%D0%B2%D0%BE+%D0%BD%D0%B0%D0%B6%D0%B0%D0%B2+%D0%BD%D0%B0+%2Fstart&reply_markup=%7B%22keyboard%22%3A+%5B%5B%7B%22text%22%3A+%22%5Cu041e%5Cu043f%5Cu0440%5Cu0430%5Cu0432%5Cu0438%5Cu0442%5Cu044c%22%7D%5D%5D%2C+%22resize_keyboard%22%3A+true%7D HTTP/1.1" 200 801
Sat, 12 May 2018 15:21:34 DEBUG    https://api.telegram.org:443 "GET /bot597935817:AAGAbCwCGnHD7yqsGLbPKXj1pNn-NaD8bCs/getUpdates?offset=461431459&timeout=20 HTTP/1.1" 200 23
Sat, 12 May 2018 15:21:54 DEBUG    https://api.telegram.org:443 "GET /bot597935817:AAGAbCwCGnHD7yqsGLbPKXj1pNn-NaD8bCs/getUpdates?offset=461431459&timeout=20 HTTP/1.1" 200 23
Sat, 12 May 2018 15:22:14 DEBUG    https://api.telegram.org:443 "GET /bot597935817:AAGAbCwCGnHD7yqsGLbPKXj1pNn-NaD8bCs/getUpdates?offset=461431459&timeout=20 HTTP/1.1" 200 23
Sat, 12 May 2018 15:22:35 DEBUG    https://api.telegram.org:443 "GET /bot597935817:AAGAbCwCGnHD7yqsGLbPKXj1pNn-NaD8bCs/getUpdates?offset=461431459&timeout=20 HTTP/1.1" 200 23
Sat, 12 May 2018 15:22:56 DEBUG    https://api.telegram.org:443 "GET /bot597935817:AAGAbCwCGnHD7yqsGLbPKXj1pNn-NaD8bCs/getUpdates?offset=461431459&timeout=20 HTTP/1.1" 200 23
Sat, 12 May 2018 15:23:16 DEBUG    https://api.telegram.org:443 "GET /bot597935817:AAGAbCwCGnHD7yqsGLbPKXj1pNn-NaD8bCs/getUpdates?offset=461431459&timeout=20 HTTP/1.1" 200 23
Sat, 12 May 2018 15:23:36 DEBUG    https://api.telegram.org:443 "GET /bot597935817:AAGAbCwCGnHD7yqsGLbPKXj1pNn-NaD8bCs/getUpdates?offset=461431459&timeout=20 HTTP/1.1" 200 23
Sat, 12 May 2018 15:23:56 DEBUG    https://api.telegram.org:443 "GET /bot597935817:AAGAbCwCGnHD7yqsGLbPKXj1pNn-NaD8bCs/getUpdates?offset=461431459&timeout=20 HTTP/1.1" 200 23
Sat, 12 May 2018 15:24:16 DEBUG    https://api.telegram.org:443 "GET /bot597935817:AAGAbCwCGnHD7yqsGLbPKXj1pNn-NaD8bCs/getUpdates?offset=461431459&timeout=20 HTTP/1.1" 200 23
Sat, 12 May 2018 15:42:55 DEBUG    Starting new HTTPS connection (1): api.telegram.org
Sat, 12 May 2018 15:42:55 DEBUG    https://api.telegram.org:443 "POST /bot597935817:AAGAbCwCGnHD7yqsGLbPKXj1pNn-NaD8bCs/sendMessage?chat_id=562036772&text=%D0%92%D0%B0%D1%81+%D0%BF%D1%80%D0%B8%D0%B2%D0%B5%D1%82%D1%81%D1%82%D0%B2%D1%83%D0%B5%D1%82+%D0%B1%D0%BE%D1%82+DigitalCitizen%2C+%D0%B7%D0%B4%D0%B5%D1%81%D1%8C+%D0%B2%D1%8B+%D0%BC%D0%BE%D0%B6%D0%B5%D1%82%D0%B5+%D0%BF%D0%BE%D0%B4%D0%B0%D1%82%D1%8C+%D0%B2%D0%B0%D1%88%D1%83+%D0%B6%D0%B0%D0%BB%D0%BE%D0%B1%D1%83 HTTP/1.1" 200 569
Sat, 12 May 2018 15:42:56 DEBUG    https://api.telegram.org:443 "POST /bot597935817:AAGAbCwCGnHD7yqsGLbPKXj1pNn-NaD8bCs/sendMessage?chat_id=562036772&text=Whats+your+name%3F HTTP/1.1" 200 279
Sat, 12 May 2018 15:43:14 DEBUG    https://api.telegram.org:443 "GET /bot597935817:AAGAbCwCGnHD7yqsGLbPKXj1pNn-NaD8bCs/getUpdates?offset=461431460&timeout=20 HTTP/1.1" 200 336
Sat, 12 May 2018 15:43:14 DEBUG    Starting new HTTPS connection (1): api.telegram.org
Sat, 12 May 2018 15:43:14 DEBUG    https://api.telegram.org:443 "POST /bot597935817:AAGAbCwCGnHD7yqsGLbPKXj1pNn-NaD8bCs/sendMessage?chat_id=562036772&text=Write+your+addres+and+city HTTP/1.1" 200 289
Sat, 12 May 2018 15:43:24 DEBUG    https://api.telegram.org:443 "GET /bot597935817:AAGAbCwCGnHD7yqsGLbPKXj1pNn-NaD8bCs/getUpdates?offset=461431461&timeout=20 HTTP/1.1" 409 143
Sat, 12 May 2018 15:43:24 ERROR    ApiException occurred, args=('A request to the Telegram API was unsuccessful. The server returned HTTP 409 Conflict. Response body:\n[b\'{"ok":false,"error_code":409,"description":"Conflict: terminated by other getUpdates request; make sure that only one bot instance is running"}\']',)
Traceback (most recent call last):
  File "C:\Program Files\Python36\lib\site-packages\telebot\util.py", line 59, in run
    task(*args, **kwargs)
  File "C:\Program Files\Python36\lib\site-packages\telebot\__init__.py", line 159, in __retrieve_updates
    updates = self.get_updates(offset=(self.last_update_id + 1), timeout=timeout)
  File "C:\Program Files\Python36\lib\site-packages\telebot\__init__.py", line 129, in get_updates
    json_updates = apihelper.get_updates(self.token, offset, limit, timeout, allowed_updates)
  File "C:\Program Files\Python36\lib\site-packages\telebot\apihelper.py", line 175, in get_updates
    return _make_request(token, method_url, params=payload)
  File "C:\Program Files\Python36\lib\site-packages\telebot\apihelper.py", line 56, in _make_request
    return _check_result(method_name, result)['result']
  File "C:\Program Files\Python36\lib\site-packages\telebot\apihelper.py", line 75, in _check_result
    raise ApiException(msg, method_name, result)
telebot.apihelper.ApiException: A request to the Telegram API was unsuccessful. The server returned HTTP 409 Conflict. Response body:
[b'{"ok":false,"error_code":409,"description":"Conflict: terminated by other getUpdates request; make sure that only one bot instance is running"}']

Sat, 12 May 2018 15:43:24 ERROR    A request to the Telegram API was unsuccessful. The server returned HTTP 409 Conflict. Response body:
[b'{"ok":false,"error_code":409,"description":"Conflict: terminated by other getUpdates request; make sure that only one bot instance is running"}']
Sat, 12 May 2018 15:43:29 DEBUG    https://api.telegram.org:443 "GET /bot597935817:AAGAbCwCGnHD7yqsGLbPKXj1pNn-NaD8bCs/getUpdates?offset=461431461&timeout=20 HTTP/1.1" 409 143
Sat, 12 May 2018 15:43:29 ERROR    ApiException occurred, args=('A request to the Telegram API was unsuccessful. The server returned HTTP 409 Conflict. Response body:\n[b\'{"ok":false,"error_code":409,"description":"Conflict: terminated by other getUpdates request; make sure that only one bot instance is running"}\']',)
Traceback (most recent call last):
  File "C:\Program Files\Python36\lib\site-packages\telebot\util.py", line 59, in run
    task(*args, **kwargs)
  File "C:\Program Files\Python36\lib\site-packages\telebot\__init__.py", line 159, in __retrieve_updates
    updates = self.get_updates(offset=(self.last_update_id + 1), timeout=timeout)
  File "C:\Program Files\Python36\lib\site-packages\telebot\__init__.py", line 129, in get_updates
    json_updates = apihelper.get_updates(self.token, offset, limit, timeout, allowed_updates)
  File "C:\Program Files\Python36\lib\site-packages\telebot\apihelper.py", line 175, in get_updates
    return _make_request(token, method_url, params=payload)
  File "C:\Program Files\Python36\lib\site-packages\telebot\apihelper.py", line 56, in _make_request
    return _check_result(method_name, result)['result']
  File "C:\Program Files\Python36\lib\site-packages\telebot\apihelper.py", line 75, in _check_result
    raise ApiException(msg, method_name, result)
telebot.apihelper.ApiException: A request to the Telegram API was unsuccessful. The server returned HTTP 409 Conflict. Response body:
[b'{"ok":false,"error_code":409,"description":"Conflict: terminated by other getUpdates request; make sure that only one bot instance is running"}']

Sat, 12 May 2018 15:43:29 ERROR    A request to the Telegram API was unsuccessful. The server returned HTTP 409 Conflict. Response body:
[b'{"ok":false,"error_code":409,"description":"Conflict: terminated by other getUpdates request; make sure that only one bot instance is running"}']
Sat, 12 May 2018 15:43:38 DEBUG    https://api.telegram.org:443 "GET /bot597935817:AAGAbCwCGnHD7yqsGLbPKXj1pNn-NaD8bCs/getUpdates?offset=461431461&timeout=20 HTTP/1.1" 409 143
Sat, 12 May 2018 15:43:38 ERROR    ApiException occurred, args=('A request to the Telegram API was unsuccessful. The server returned HTTP 409 Conflict. Response body:\n[b\'{"ok":false,"error_code":409,"description":"Conflict: terminated by other getUpdates request; make sure that only one bot instance is running"}\']',)
Traceback (most recent call last):
  File "C:\Program Files\Python36\lib\site-packages\telebot\util.py", line 59, in run
    task(*args, **kwargs)
  File "C:\Program Files\Python36\lib\site-packages\telebot\__init__.py", line 159, in __retrieve_updates
    updates = self.get_updates(offset=(self.last_update_id + 1), timeout=timeout)
  File "C:\Program Files\Python36\lib\site-packages\telebot\__init__.py", line 129, in get_updates
    json_updates = apihelper.get_updates(self.token, offset, limit, timeout, allowed_updates)
  File "C:\Program Files\Python36\lib\site-packages\telebot\apihelper.py", line 175, in get_updates
    return _make_request(token, method_url, params=payload)
  File "C:\Program Files\Python36\lib\site-packages\telebot\apihelper.py", line 56, in _make_request
    return _check_result(method_name, result)['result']
  File "C:\Program Files\Python36\lib\site-packages\telebot\apihelper.py", line 75, in _check_result
    raise ApiException(msg, method_name, result)
telebot.apihelper.ApiException: A request to the Telegram API was unsuccessful. The server returned HTTP 409 Conflict. Response body:
[b'{"ok":false,"error_code":409,"description":"Conflict: terminated by other getUpdates request; make sure that only one bot instance is running"}']

Sat, 12 May 2018 15:43:38 ERROR    A request to the Telegram API was unsuccessful. The server returned HTTP 409 Conflict. Response body:
[b'{"ok":false,"error_code":409,"description":"Conflict: terminated by other getUpdates request; make sure that only one bot instance is running"}']
Sat, 12 May 2018 15:44:18 DEBUG    Starting new HTTPS connection (1): api.telegram.org
Sat, 12 May 2018 15:44:19 DEBUG    https://api.telegram.org:443 "POST /bot597935817:AAGAbCwCGnHD7yqsGLbPKXj1pNn-NaD8bCs/sendMessage?chat_id=562036772&text=%D0%92%D0%B0%D1%81+%D0%BF%D1%80%D0%B8%D0%B2%D0%B5%D1%82%D1%81%D1%82%D0%B2%D1%83%D0%B5%D1%82+%D0%B1%D0%BE%D1%82+DigitalCitizen%2C+%D0%B7%D0%B4%D0%B5%D1%81%D1%8C+%D0%B2%D1%8B+%D0%BC%D0%BE%D0%B6%D0%B5%D1%82%D0%B5+%D0%BF%D0%BE%D0%B4%D0%B0%D1%82%D1%8C+%D0%B2%D0%B0%D1%88%D1%83+%D0%B6%D0%B0%D0%BB%D0%BE%D0%B1%D1%83 HTTP/1.1" 200 569
Sat, 12 May 2018 15:44:19 DEBUG    https://api.telegram.org:443 "POST /bot597935817:AAGAbCwCGnHD7yqsGLbPKXj1pNn-NaD8bCs/sendMessage?chat_id=562036772&text=Whats+your+name%3F HTTP/1.1" 200 279
Sat, 12 May 2018 15:44:24 DEBUG    https://api.telegram.org:443 "GET /bot597935817:AAGAbCwCGnHD7yqsGLbPKXj1pNn-NaD8bCs/getUpdates?offset=461431462&timeout=20 HTTP/1.1" 200 336
Sat, 12 May 2018 15:44:24 DEBUG    https://api.telegram.org:443 "POST /bot597935817:AAGAbCwCGnHD7yqsGLbPKXj1pNn-NaD8bCs/sendMessage?chat_id=562036772&text=Write+your+addres+and+city HTTP/1.1" 200 289
Sat, 12 May 2018 15:44:35 DEBUG    https://api.telegram.org:443 "GET /bot597935817:AAGAbCwCGnHD7yqsGLbPKXj1pNn-NaD8bCs/getUpdates?offset=461431463&timeout=20 HTTP/1.1" 200 338
Sat, 12 May 2018 15:44:35 DEBUG    https://api.telegram.org:443 "POST /bot597935817:AAGAbCwCGnHD7yqsGLbPKXj1pNn-NaD8bCs/sendMessage?chat_id=562036772&text=How+old+are+you%3F HTTP/1.1" 200 279
Sat, 12 May 2018 15:44:39 DEBUG    https://api.telegram.org:443 "GET /bot597935817:AAGAbCwCGnHD7yqsGLbPKXj1pNn-NaD8bCs/getUpdates?offset=461431464&timeout=20 HTTP/1.1" 200 334
Sat, 12 May 2018 15:44:39 DEBUG    https://api.telegram.org:443 "POST /bot597935817:AAGAbCwCGnHD7yqsGLbPKXj1pNn-NaD8bCs/sendMessage?chat_id=562036772&text=Write+essence+of+complaint HTTP/1.1" 200 289
Sat, 12 May 2018 15:44:56 DEBUG    https://api.telegram.org:443 "GET /bot597935817:AAGAbCwCGnHD7yqsGLbPKXj1pNn-NaD8bCs/getUpdates?offset=461431465&timeout=20 HTTP/1.1" 200 337
Sat, 12 May 2018 15:44:56 DEBUG    https://api.telegram.org:443 "POST /bot597935817:AAGAbCwCGnHD7yqsGLbPKXj1pNn-NaD8bCs/sendMessage?chat_id=562036772&text=%D0%95%D1%81%D0%BB%D0%B8+%D0%B2%D1%81%D0%B5+%D0%B4%D0%B0%D0%BD%D0%BD%D1%8B%D0%B5+%D0%B2%D0%B5%D1%80%D0%BD%D1%8B+%D0%BD%D0%B0%D0%B6%D0%BC%D0%B8%D1%82%D0%B5+%27%D0%9E%D1%82%D0%BF%D1%80%D0%B0%D0%B2%D0%B8%D1%82%D1%8C%27%2C+%D0%B2+%D0%BF%D1%80%D0%BE%D1%82%D0%B8%D0%B2%D0%BD%D0%BE%D0%BC+%D1%81%D0%BB%D1%83%D1%87%D0%B0%D0%B5+%D0%B2%D0%B2%D0%B5%D0%B4%D0%B8%D1%82%D0%B5+%D0%B4%D0%B0%D0%BD%D0%BD%D1%8B%D0%B5+%D0%B7%D0%B0%D0%BD%D0%BE%D0%B2%D0%BE+%D0%BD%D0%B0%D0%B6%D0%B0%D0%B2+%D0%BD%D0%B0+%2Fstart&reply_markup=%7B%22keyboard%22%3A+%5B%5B%7B%22text%22%3A+%22%5Cu041e%5Cu043f%5Cu0440%5Cu0430%5Cu0432%5Cu0438%5Cu0442%5Cu044c%22%7D%5D%5D%2C+%22resize_keyboard%22%3A+true%7D HTTP/1.1" 200 801
Sat, 12 May 2018 15:45:16 DEBUG    https://api.telegram.org:443 "GET /bot597935817:AAGAbCwCGnHD7yqsGLbPKXj1pNn-NaD8bCs/getUpdates?offset=461431466&timeout=20 HTTP/1.1" 200 23
Sat, 12 May 2018 15:45:35 DEBUG    https://api.telegram.org:443 "GET /bot597935817:AAGAbCwCGnHD7yqsGLbPKXj1pNn-NaD8bCs/getUpdates?offset=461431466&timeout=20 HTTP/1.1" 409 143
Sat, 12 May 2018 15:45:35 ERROR    ApiException occurred, args=('A request to the Telegram API was unsuccessful. The server returned HTTP 409 Conflict. Response body:\n[b\'{"ok":false,"error_code":409,"description":"Conflict: terminated by other getUpdates request; make sure that only one bot instance is running"}\']',)
Traceback (most recent call last):
  File "C:\Program Files\Python36\lib\site-packages\telebot\util.py", line 59, in run
    task(*args, **kwargs)
  File "C:\Program Files\Python36\lib\site-packages\telebot\__init__.py", line 159, in __retrieve_updates
    updates = self.get_updates(offset=(self.last_update_id + 1), timeout=timeout)
  File "C:\Program Files\Python36\lib\site-packages\telebot\__init__.py", line 129, in get_updates
    json_updates = apihelper.get_updates(self.token, offset, limit, timeout, allowed_updates)
  File "C:\Program Files\Python36\lib\site-packages\telebot\apihelper.py", line 175, in get_updates
    return _make_request(token, method_url, params=payload)
  File "C:\Program Files\Python36\lib\site-packages\telebot\apihelper.py", line 56, in _make_request
    return _check_result(method_name, result)['result']
  File "C:\Program Files\Python36\lib\site-packages\telebot\apihelper.py", line 75, in _check_result
    raise ApiException(msg, method_name, result)
telebot.apihelper.ApiException: A request to the Telegram API was unsuccessful. The server returned HTTP 409 Conflict. Response body:
[b'{"ok":false,"error_code":409,"description":"Conflict: terminated by other getUpdates request; make sure that only one bot instance is running"}']

Sat, 12 May 2018 15:45:35 ERROR    A request to the Telegram API was unsuccessful. The server returned HTTP 409 Conflict. Response body:
[b'{"ok":false,"error_code":409,"description":"Conflict: terminated by other getUpdates request; make sure that only one bot instance is running"}']
Sat, 12 May 2018 15:45:40 DEBUG    https://api.telegram.org:443 "GET /bot597935817:AAGAbCwCGnHD7yqsGLbPKXj1pNn-NaD8bCs/getUpdates?offset=461431466&timeout=20 HTTP/1.1" 409 143
Sat, 12 May 2018 15:45:40 ERROR    ApiException occurred, args=('A request to the Telegram API was unsuccessful. The server returned HTTP 409 Conflict. Response body:\n[b\'{"ok":false,"error_code":409,"description":"Conflict: terminated by other getUpdates request; make sure that only one bot instance is running"}\']',)
Traceback (most recent call last):
  File "C:\Program Files\Python36\lib\site-packages\telebot\util.py", line 59, in run
    task(*args, **kwargs)
  File "C:\Program Files\Python36\lib\site-packages\telebot\__init__.py", line 159, in __retrieve_updates
    updates = self.get_updates(offset=(self.last_update_id + 1), timeout=timeout)
  File "C:\Program Files\Python36\lib\site-packages\telebot\__init__.py", line 129, in get_updates
    json_updates = apihelper.get_updates(self.token, offset, limit, timeout, allowed_updates)
  File "C:\Program Files\Python36\lib\site-packages\telebot\apihelper.py", line 175, in get_updates
    return _make_request(token, method_url, params=payload)
  File "C:\Program Files\Python36\lib\site-packages\telebot\apihelper.py", line 56, in _make_request
    return _check_result(method_name, result)['result']
  File "C:\Program Files\Python36\lib\site-packages\telebot\apihelper.py", line 75, in _check_result
    raise ApiException(msg, method_name, result)
telebot.apihelper.ApiException: A request to the Telegram API was unsuccessful. The server returned HTTP 409 Conflict. Response body:
[b'{"ok":false,"error_code":409,"description":"Conflict: terminated by other getUpdates request; make sure that only one bot instance is running"}']

Sat, 12 May 2018 15:45:40 ERROR    A request to the Telegram API was unsuccessful. The server returned HTTP 409 Conflict. Response body:
[b'{"ok":false,"error_code":409,"description":"Conflict: terminated by other getUpdates request; make sure that only one bot instance is running"}']
Sat, 12 May 2018 15:45:51 DEBUG    https://api.telegram.org:443 "GET /bot597935817:AAGAbCwCGnHD7yqsGLbPKXj1pNn-NaD8bCs/getUpdates?offset=461431466&timeout=20 HTTP/1.1" 409 143
Sat, 12 May 2018 15:45:51 ERROR    ApiException occurred, args=('A request to the Telegram API was unsuccessful. The server returned HTTP 409 Conflict. Response body:\n[b\'{"ok":false,"error_code":409,"description":"Conflict: terminated by other getUpdates request; make sure that only one bot instance is running"}\']',)
Traceback (most recent call last):
  File "C:\Program Files\Python36\lib\site-packages\telebot\util.py", line 59, in run
    task(*args, **kwargs)
  File "C:\Program Files\Python36\lib\site-packages\telebot\__init__.py", line 159, in __retrieve_updates
    updates = self.get_updates(offset=(self.last_update_id + 1), timeout=timeout)
  File "C:\Program Files\Python36\lib\site-packages\telebot\__init__.py", line 129, in get_updates
    json_updates = apihelper.get_updates(self.token, offset, limit, timeout, allowed_updates)
  File "C:\Program Files\Python36\lib\site-packages\telebot\apihelper.py", line 175, in get_updates
    return _make_request(token, method_url, params=payload)
  File "C:\Program Files\Python36\lib\site-packages\telebot\apihelper.py", line 56, in _make_request
    return _check_result(method_name, result)['result']
  File "C:\Program Files\Python36\lib\site-packages\telebot\apihelper.py", line 75, in _check_result
    raise ApiException(msg, method_name, result)
telebot.apihelper.ApiException: A request to the Telegram API was unsuccessful. The server returned HTTP 409 Conflict. Response body:
[b'{"ok":false,"error_code":409,"description":"Conflict: terminated by other getUpdates request; make sure that only one bot instance is running"}']

Sat, 12 May 2018 15:45:51 ERROR    A request to the Telegram API was unsuccessful. The server returned HTTP 409 Conflict. Response body:
[b'{"ok":false,"error_code":409,"description":"Conflict: terminated by other getUpdates request; make sure that only one bot instance is running"}']
Sat, 12 May 2018 15:46:56 DEBUG    Starting new HTTPS connection (1): api.telegram.org
Sat, 12 May 2018 15:46:56 DEBUG    https://api.telegram.org:443 "POST /bot597935817:AAGAbCwCGnHD7yqsGLbPKXj1pNn-NaD8bCs/sendMessage?chat_id=562036772&text=%D0%92%D0%B0%D1%81+%D0%BF%D1%80%D0%B8%D0%B2%D0%B5%D1%82%D1%81%D1%82%D0%B2%D1%83%D0%B5%D1%82+%D0%B1%D0%BE%D1%82+DigitalCitizen%2C+%D0%B7%D0%B4%D0%B5%D1%81%D1%8C+%D0%B2%D1%8B+%D0%BC%D0%BE%D0%B6%D0%B5%D1%82%D0%B5+%D0%BF%D0%BE%D0%B4%D0%B0%D1%82%D1%8C+%D0%B2%D0%B0%D1%88%D1%83+%D0%B6%D0%B0%D0%BB%D0%BE%D0%B1%D1%83 HTTP/1.1" 200 569
Sat, 12 May 2018 15:46:56 DEBUG    https://api.telegram.org:443 "POST /bot597935817:AAGAbCwCGnHD7yqsGLbPKXj1pNn-NaD8bCs/sendMessage?chat_id=562036772&text=Whats+your+name%3F HTTP/1.1" 200 279
Sat, 12 May 2018 15:47:03 DEBUG    https://api.telegram.org:443 "GET /bot597935817:AAGAbCwCGnHD7yqsGLbPKXj1pNn-NaD8bCs/getUpdates?offset=461431467&timeout=20 HTTP/1.1" 200 336
Sat, 12 May 2018 15:47:03 DEBUG    Starting new HTTPS connection (1): api.telegram.org
Sat, 12 May 2018 15:47:03 DEBUG    https://api.telegram.org:443 "POST /bot597935817:AAGAbCwCGnHD7yqsGLbPKXj1pNn-NaD8bCs/sendMessage?chat_id=562036772&text=Write+your+addres+and+city HTTP/1.1" 200 289
Sat, 12 May 2018 15:47:07 DEBUG    https://api.telegram.org:443 "GET /bot597935817:AAGAbCwCGnHD7yqsGLbPKXj1pNn-NaD8bCs/getUpdates?offset=461431468&timeout=20 HTTP/1.1" 200 338
Sat, 12 May 2018 15:47:08 DEBUG    https://api.telegram.org:443 "POST /bot597935817:AAGAbCwCGnHD7yqsGLbPKXj1pNn-NaD8bCs/sendMessage?chat_id=562036772&text=How+old+are+you%3F HTTP/1.1" 200 279
Sat, 12 May 2018 15:47:12 DEBUG    https://api.telegram.org:443 "GET /bot597935817:AAGAbCwCGnHD7yqsGLbPKXj1pNn-NaD8bCs/getUpdates?offset=461431469&timeout=20 HTTP/1.1" 200 334
Sat, 12 May 2018 15:47:12 DEBUG    https://api.telegram.org:443 "POST /bot597935817:AAGAbCwCGnHD7yqsGLbPKXj1pNn-NaD8bCs/sendMessage?chat_id=562036772&text=Write+essence+of+complaint HTTP/1.1" 200 289
Sat, 12 May 2018 15:47:16 DEBUG    https://api.telegram.org:443 "GET /bot597935817:AAGAbCwCGnHD7yqsGLbPKXj1pNn-NaD8bCs/getUpdates?offset=461431470&timeout=20 HTTP/1.1" 200 337
Sat, 12 May 2018 15:47:16 DEBUG    https://api.telegram.org:443 "POST /bot597935817:AAGAbCwCGnHD7yqsGLbPKXj1pNn-NaD8bCs/sendMessage?chat_id=562036772&text=%D0%95%D1%81%D0%BB%D0%B8+%D0%B2%D1%81%D0%B5+%D0%B4%D0%B0%D0%BD%D0%BD%D1%8B%D0%B5+%D0%B2%D0%B5%D1%80%D0%BD%D1%8B+%D0%BD%D0%B0%D0%B6%D0%BC%D0%B8%D1%82%D0%B5+%27%D0%9E%D1%82%D0%BF%D1%80%D0%B0%D0%B2%D0%B8%D1%82%D1%8C%27%2C+%D0%B2+%D0%BF%D1%80%D0%BE%D1%82%D0%B8%D0%B2%D0%BD%D0%BE%D0%BC+%D1%81%D0%BB%D1%83%D1%87%D0%B0%D0%B5+%D0%B2%D0%B2%D0%B5%D0%B4%D0%B8%D1%82%D0%B5+%D0%B4%D0%B0%D0%BD%D0%BD%D1%8B%D0%B5+%D0%B7%D0%B0%D0%BD%D0%BE%D0%B2%D0%BE+%D0%BD%D0%B0%D0%B6%D0%B0%D0%B2+%D0%BD%D0%B0+%2Fstart&reply_markup=%7B%22keyboard%22%3A+%5B%5B%7B%22text%22%3A+%22%5Cu041e%5Cu043f%5Cu0440%5Cu0430%5Cu0432%5Cu0438%5Cu0442%5Cu044c%22%7D%5D%5D%2C+%22resize_keyboard%22%3A+true%7D HTTP/1.1" 200 801
Sat, 12 May 2018 15:47:36 DEBUG    https://api.telegram.org:443 "GET /bot597935817:AAGAbCwCGnHD7yqsGLbPKXj1pNn-NaD8bCs/getUpdates?offset=461431471&timeout=20 HTTP/1.1" 200 23
Sat, 12 May 2018 15:47:56 DEBUG    https://api.telegram.org:443 "GET /bot597935817:AAGAbCwCGnHD7yqsGLbPKXj1pNn-NaD8bCs/getUpdates?offset=461431471&timeout=20 HTTP/1.1" 200 23
Sat, 12 May 2018 15:48:16 DEBUG    https://api.telegram.org:443 "GET /bot597935817:AAGAbCwCGnHD7yqsGLbPKXj1pNn-NaD8bCs/getUpdates?offset=461431471&timeout=20 HTTP/1.1" 200 23
Sat, 12 May 2018 15:48:36 DEBUG    https://api.telegram.org:443 "GET /bot597935817:AAGAbCwCGnHD7yqsGLbPKXj1pNn-NaD8bCs/getUpdates?offset=461431471&timeout=20 HTTP/1.1" 200 23
Sat, 12 May 2018 15:48:56 DEBUG    https://api.telegram.org:443 "GET /bot597935817:AAGAbCwCGnHD7yqsGLbPKXj1pNn-NaD8bCs/getUpdates?offset=461431471&timeout=20 HTTP/1.1" 200 23
Sat, 12 May 2018 15:50:17 DEBUG    Starting new HTTPS connection (1): api.telegram.org
Sat, 12 May 2018 15:50:17 DEBUG    https://api.telegram.org:443 "POST /bot597935817:AAGAbCwCGnHD7yqsGLbPKXj1pNn-NaD8bCs/sendMessage?chat_id=562036772&text=%D0%92%D0%B0%D1%81+%D0%BF%D1%80%D0%B8%D0%B2%D0%B5%D1%82%D1%81%D1%82%D0%B2%D1%83%D0%B5%D1%82+%D0%B1%D0%BE%D1%82+DigitalCitizen%2C+%D0%B7%D0%B4%D0%B5%D1%81%D1%8C+%D0%B2%D1%8B+%D0%BC%D0%BE%D0%B6%D0%B5%D1%82%D0%B5+%D0%BF%D0%BE%D0%B4%D0%B0%D1%82%D1%8C+%D0%B2%D0%B0%D1%88%D1%83+%D0%B6%D0%B0%D0%BB%D0%BE%D0%B1%D1%83 HTTP/1.1" 200 569
Sat, 12 May 2018 15:50:17 DEBUG    https://api.telegram.org:443 "POST /bot597935817:AAGAbCwCGnHD7yqsGLbPKXj1pNn-NaD8bCs/sendMessage?chat_id=562036772&text=Whats+your+name%3F HTTP/1.1" 200 279
Sat, 12 May 2018 15:50:33 DEBUG    https://api.telegram.org:443 "GET /bot597935817:AAGAbCwCGnHD7yqsGLbPKXj1pNn-NaD8bCs/getUpdates?offset=461431472&timeout=20 HTTP/1.1" 200 336
Sat, 12 May 2018 15:50:33 DEBUG    Starting new HTTPS connection (1): api.telegram.org
Sat, 12 May 2018 15:50:34 DEBUG    https://api.telegram.org:443 "POST /bot597935817:AAGAbCwCGnHD7yqsGLbPKXj1pNn-NaD8bCs/sendMessage?chat_id=562036772&text=Write+your+addres+and+city HTTP/1.1" 200 289
Sat, 12 May 2018 15:50:42 DEBUG    https://api.telegram.org:443 "GET /bot597935817:AAGAbCwCGnHD7yqsGLbPKXj1pNn-NaD8bCs/getUpdates?offset=461431473&timeout=20 HTTP/1.1" 200 338
Sat, 12 May 2018 15:50:42 DEBUG    https://api.telegram.org:443 "POST /bot597935817:AAGAbCwCGnHD7yqsGLbPKXj1pNn-NaD8bCs/sendMessage?chat_id=562036772&text=How+old+are+you%3F HTTP/1.1" 200 279
Sat, 12 May 2018 15:50:46 DEBUG    https://api.telegram.org:443 "GET /bot597935817:AAGAbCwCGnHD7yqsGLbPKXj1pNn-NaD8bCs/getUpdates?offset=461431474&timeout=20 HTTP/1.1" 200 334
Sat, 12 May 2018 15:50:46 DEBUG    https://api.telegram.org:443 "POST /bot597935817:AAGAbCwCGnHD7yqsGLbPKXj1pNn-NaD8bCs/sendMessage?chat_id=562036772&text=Write+essence+of+complaint HTTP/1.1" 200 289
Sat, 12 May 2018 15:50:51 DEBUG    https://api.telegram.org:443 "GET /bot597935817:AAGAbCwCGnHD7yqsGLbPKXj1pNn-NaD8bCs/getUpdates?offset=461431475&timeout=20 HTTP/1.1" 200 337
Sat, 12 May 2018 15:50:51 DEBUG    https://api.telegram.org:443 "POST /bot597935817:AAGAbCwCGnHD7yqsGLbPKXj1pNn-NaD8bCs/sendMessage?chat_id=562036772&text=%D0%95%D1%81%D0%BB%D0%B8+%D0%B2%D1%81%D0%B5+%D0%B4%D0%B0%D0%BD%D0%BD%D1%8B%D0%B5+%D0%B2%D0%B5%D1%80%D0%BD%D1%8B+%D0%BD%D0%B0%D0%B6%D0%BC%D0%B8%D1%82%D0%B5+%27%D0%9E%D1%82%D0%BF%D1%80%D0%B0%D0%B2%D0%B8%D1%82%D1%8C%27%2C+%D0%B2+%D0%BF%D1%80%D0%BE%D1%82%D0%B8%D0%B2%D0%BD%D0%BE%D0%BC+%D1%81%D0%BB%D1%83%D1%87%D0%B0%D0%B5+%D0%B2%D0%B2%D0%B5%D0%B4%D0%B8%D1%82%D0%B5+%D0%B4%D0%B0%D0%BD%D0%BD%D1%8B%D0%B5+%D0%B7%D0%B0%D0%BD%D0%BE%D0%B2%D0%BE+%D0%BD%D0%B0%D0%B6%D0%B0%D0%B2+%D0%BD%D0%B0+%2Fstart&reply_markup=%7B%22keyboard%22%3A+%5B%5B%7B%22text%22%3A+%22%5Cu041e%5Cu043f%5Cu0440%5Cu0430%5Cu0432%5Cu0438%5Cu0442%5Cu044c%22%7D%5D%5D%2C+%22resize_keyboard%22%3A+true%7D HTTP/1.1" 200 801
Sat, 12 May 2018 15:51:03 DEBUG    https://api.telegram.org:443 "GET /bot597935817:AAGAbCwCGnHD7yqsGLbPKXj1pNn-NaD8bCs/getUpdates?offset=461431476&timeout=20 HTTP/1.1" 200 396
Sat, 12 May 2018 15:51:03 DEBUG    https://api.telegram.org:443 "POST /bot597935817:AAGAbCwCGnHD7yqsGLbPKXj1pNn-NaD8bCs/sendMessage?chat_id=562036772&text=%D0%92%D0%B0%D1%81+%D0%BF%D1%80%D0%B8%D0%B2%D0%B5%D1%82%D1%81%D1%82%D0%B2%D1%83%D0%B5%D1%82+%D0%B1%D0%BE%D1%82+DigitalCitizen%2C+%D0%B7%D0%B4%D0%B5%D1%81%D1%8C+%D0%B2%D1%8B+%D0%BC%D0%BE%D0%B6%D0%B5%D1%82%D0%B5+%D0%BF%D0%BE%D0%B4%D0%B0%D1%82%D1%8C+%D0%B2%D0%B0%D1%88%D1%83+%D0%B6%D0%B0%D0%BB%D0%BE%D0%B1%D1%83 HTTP/1.1" 200 569
Sat, 12 May 2018 15:51:03 DEBUG    https://api.telegram.org:443 "POST /bot597935817:AAGAbCwCGnHD7yqsGLbPKXj1pNn-NaD8bCs/sendMessage?chat_id=562036772&text=Whats+your+name%3F HTTP/1.1" 200 279
Sat, 12 May 2018 15:51:20 DEBUG    https://api.telegram.org:443 "GET /bot597935817:AAGAbCwCGnHD7yqsGLbPKXj1pNn-NaD8bCs/getUpdates?offset=461431477&timeout=20 HTTP/1.1" 200 336
Sat, 12 May 2018 15:51:20 ERROR    AttributeError occurred, args=("'tuple' object has no attribute 'append'",)
Traceback (most recent call last):
  File "C:\Program Files\Python36\lib\site-packages\telebot\util.py", line 59, in run
    task(*args, **kwargs)
  File "C:/Users/БорсовН/Documents/GitHub/python/Дз по python/Дз8/ТЗ/TZ_code.py", line 85, in test
    myArray.append(message.text)
AttributeError: 'tuple' object has no attribute 'append'

Sat, 12 May 2018 15:53:28 DEBUG    Starting new HTTPS connection (1): api.telegram.org
Sat, 12 May 2018 15:53:28 DEBUG    https://api.telegram.org:443 "POST /bot597935817:AAGAbCwCGnHD7yqsGLbPKXj1pNn-NaD8bCs/sendMessage?chat_id=562036772&text=%D0%92%D0%B0%D1%81+%D0%BF%D1%80%D0%B8%D0%B2%D0%B5%D1%82%D1%81%D1%82%D0%B2%D1%83%D0%B5%D1%82+%D0%B1%D0%BE%D1%82+DigitalCitizen%2C+%D0%B7%D0%B4%D0%B5%D1%81%D1%8C+%D0%B2%D1%8B+%D0%BC%D0%BE%D0%B6%D0%B5%D1%82%D0%B5+%D0%BF%D0%BE%D0%B4%D0%B0%D1%82%D1%8C+%D0%B2%D0%B0%D1%88%D1%83+%D0%B6%D0%B0%D0%BB%D0%BE%D0%B1%D1%83 HTTP/1.1" 200 569
Sat, 12 May 2018 15:53:29 DEBUG    https://api.telegram.org:443 "POST /bot597935817:AAGAbCwCGnHD7yqsGLbPKXj1pNn-NaD8bCs/sendMessage?chat_id=562036772&text=Whats+your+name%3F HTTP/1.1" 200 279
Sat, 12 May 2018 15:53:34 DEBUG    https://api.telegram.org:443 "GET /bot597935817:AAGAbCwCGnHD7yqsGLbPKXj1pNn-NaD8bCs/getUpdates?offset=461431479&timeout=20 HTTP/1.1" 200 336
Sat, 12 May 2018 15:53:34 DEBUG    Starting new HTTPS connection (1): api.telegram.org
Sat, 12 May 2018 15:53:34 DEBUG    https://api.telegram.org:443 "POST /bot597935817:AAGAbCwCGnHD7yqsGLbPKXj1pNn-NaD8bCs/sendMessage?chat_id=562036772&text=Write+your+addres+and+city HTTP/1.1" 200 289
Sat, 12 May 2018 15:53:39 DEBUG    https://api.telegram.org:443 "GET /bot597935817:AAGAbCwCGnHD7yqsGLbPKXj1pNn-NaD8bCs/getUpdates?offset=461431480&timeout=20 HTTP/1.1" 200 338
Sat, 12 May 2018 15:53:39 DEBUG    https://api.telegram.org:443 "POST /bot597935817:AAGAbCwCGnHD7yqsGLbPKXj1pNn-NaD8bCs/sendMessage?chat_id=562036772&text=How+old+are+you%3F HTTP/1.1" 200 279
Sat, 12 May 2018 15:53:41 DEBUG    https://api.telegram.org:443 "GET /bot597935817:AAGAbCwCGnHD7yqsGLbPKXj1pNn-NaD8bCs/getUpdates?offset=461431481&timeout=20 HTTP/1.1" 200 334
Sat, 12 May 2018 15:53:41 DEBUG    https://api.telegram.org:443 "POST /bot597935817:AAGAbCwCGnHD7yqsGLbPKXj1pNn-NaD8bCs/sendMessage?chat_id=562036772&text=Write+essence+of+complaint HTTP/1.1" 200 289
Sat, 12 May 2018 15:54:00 DEBUG    https://api.telegram.org:443 "GET /bot597935817:AAGAbCwCGnHD7yqsGLbPKXj1pNn-NaD8bCs/getUpdates?offset=461431482&timeout=20 HTTP/1.1" 200 337
Sat, 12 May 2018 15:54:00 DEBUG    https://api.telegram.org:443 "POST /bot597935817:AAGAbCwCGnHD7yqsGLbPKXj1pNn-NaD8bCs/sendMessage?chat_id=562036772&text=%D0%95%D1%81%D0%BB%D0%B8+%D0%B2%D1%81%D0%B5+%D0%B4%D0%B0%D0%BD%D0%BD%D1%8B%D0%B5+%D0%B2%D0%B5%D1%80%D0%BD%D1%8B+%D0%BD%D0%B0%D0%B6%D0%BC%D0%B8%D1%82%D0%B5+%27%D0%9E%D1%82%D0%BF%D1%80%D0%B0%D0%B2%D0%B8%D1%82%D1%8C%27%2C+%D0%B2+%D0%BF%D1%80%D0%BE%D1%82%D0%B8%D0%B2%D0%BD%D0%BE%D0%BC+%D1%81%D0%BB%D1%83%D1%87%D0%B0%D0%B5+%D0%B2%D0%B2%D0%B5%D0%B4%D0%B8%D1%82%D0%B5+%D0%B4%D0%B0%D0%BD%D0%BD%D1%8B%D0%B5+%D0%B7%D0%B0%D0%BD%D0%BE%D0%B2%D0%BE+%D0%BD%D0%B0%D0%B6%D0%B0%D0%B2+%D0%BD%D0%B0+%2Fstart&reply_markup=%7B%22keyboard%22%3A+%5B%5B%7B%22text%22%3A+%22%5Cu041e%5Cu043f%5Cu0440%5Cu0430%5Cu0432%5Cu0438%5Cu0442%5Cu044c%22%7D%5D%5D%2C+%22resize_keyboard%22%3A+true%7D HTTP/1.1" 200 801
Sat, 12 May 2018 15:54:00 ERROR    OperationalError occurred, args=('table First_4_answers has 5 columns but 4 values were supplied',)
Traceback (most recent call last):
  File "C:\Program Files\Python36\lib\site-packages\telebot\util.py", line 59, in run
    task(*args, **kwargs)
  File "C:/Users/БорсовН/Documents/GitHub/python/Дз по python/Дз8/ТЗ/TZ_code.py", line 92, in test
    questioning(message)
  File "C:/Users/БорсовН/Documents/GitHub/python/Дз по python/Дз8/ТЗ/TZ_code.py", line 84, in questioning
    cursorConnectionAndWrite("First_4_answers",myArray)
  File "C:/Users/БорсовН/Documents/GitHub/python/Дз по python/Дз8/ТЗ/TZ_code.py", line 109, in cursorConnectionAndWrite
    cursor.execute("insert into %s values %s" %(tableName,insertingTurpleWithValues))
sqlite3.OperationalError: table First_4_answers has 5 columns but 4 values were supplied

Sat, 12 May 2018 15:55:23 DEBUG    Starting new HTTPS connection (1): api.telegram.org
Sat, 12 May 2018 15:55:23 DEBUG    https://api.telegram.org:443 "POST /bot597935817:AAGAbCwCGnHD7yqsGLbPKXj1pNn-NaD8bCs/sendMessage?chat_id=562036772&text=%D0%92%D0%B0%D1%81+%D0%BF%D1%80%D0%B8%D0%B2%D0%B5%D1%82%D1%81%D1%82%D0%B2%D1%83%D0%B5%D1%82+%D0%B1%D0%BE%D1%82+DigitalCitizen%2C+%D0%B7%D0%B4%D0%B5%D1%81%D1%8C+%D0%B2%D1%8B+%D0%BC%D0%BE%D0%B6%D0%B5%D1%82%D0%B5+%D0%BF%D0%BE%D0%B4%D0%B0%D1%82%D1%8C+%D0%B2%D0%B0%D1%88%D1%83+%D0%B6%D0%B0%D0%BB%D0%BE%D0%B1%D1%83 HTTP/1.1" 200 569
Sat, 12 May 2018 15:55:23 DEBUG    https://api.telegram.org:443 "POST /bot597935817:AAGAbCwCGnHD7yqsGLbPKXj1pNn-NaD8bCs/sendMessage?chat_id=562036772&text=Whats+your+name%3F HTTP/1.1" 200 279
Sat, 12 May 2018 15:55:35 DEBUG    https://api.telegram.org:443 "GET /bot597935817:AAGAbCwCGnHD7yqsGLbPKXj1pNn-NaD8bCs/getUpdates?offset=461431484&timeout=20 HTTP/1.1" 200 336
Sat, 12 May 2018 15:55:35 DEBUG    Starting new HTTPS connection (1): api.telegram.org
Sat, 12 May 2018 15:55:36 DEBUG    https://api.telegram.org:443 "POST /bot597935817:AAGAbCwCGnHD7yqsGLbPKXj1pNn-NaD8bCs/sendMessage?chat_id=562036772&text=Write+your+addres+and+city HTTP/1.1" 200 289
Sat, 12 May 2018 15:55:44 DEBUG    https://api.telegram.org:443 "GET /bot597935817:AAGAbCwCGnHD7yqsGLbPKXj1pNn-NaD8bCs/getUpdates?offset=461431485&timeout=20 HTTP/1.1" 200 338
Sat, 12 May 2018 15:55:45 DEBUG    https://api.telegram.org:443 "POST /bot597935817:AAGAbCwCGnHD7yqsGLbPKXj1pNn-NaD8bCs/sendMessage?chat_id=562036772&text=How+old+are+you%3F HTTP/1.1" 200 279
Sat, 12 May 2018 15:55:48 DEBUG    https://api.telegram.org:443 "GET /bot597935817:AAGAbCwCGnHD7yqsGLbPKXj1pNn-NaD8bCs/getUpdates?offset=461431486&timeout=20 HTTP/1.1" 200 334
Sat, 12 May 2018 15:55:48 DEBUG    https://api.telegram.org:443 "POST /bot597935817:AAGAbCwCGnHD7yqsGLbPKXj1pNn-NaD8bCs/sendMessage?chat_id=562036772&text=Write+essence+of+complaint HTTP/1.1" 200 289
Sat, 12 May 2018 15:56:08 DEBUG    https://api.telegram.org:443 "GET /bot597935817:AAGAbCwCGnHD7yqsGLbPKXj1pNn-NaD8bCs/getUpdates?offset=461431487&timeout=20 HTTP/1.1" 200 23
Sat, 12 May 2018 15:56:13 DEBUG    https://api.telegram.org:443 "GET /bot597935817:AAGAbCwCGnHD7yqsGLbPKXj1pNn-NaD8bCs/getUpdates?offset=461431487&timeout=20 HTTP/1.1" 200 336
Sat, 12 May 2018 15:56:13 DEBUG    https://api.telegram.org:443 "POST /bot597935817:AAGAbCwCGnHD7yqsGLbPKXj1pNn-NaD8bCs/sendMessage?chat_id=562036772&text=%D0%95%D1%81%D0%BB%D0%B8+%D0%B2%D1%81%D0%B5+%D0%B4%D0%B0%D0%BD%D0%BD%D1%8B%D0%B5+%D0%B2%D0%B5%D1%80%D0%BD%D1%8B+%D0%BD%D0%B0%D0%B6%D0%BC%D0%B8%D1%82%D0%B5+%27%D0%9E%D1%82%D0%BF%D1%80%D0%B0%D0%B2%D0%B8%D1%82%D1%8C%27%2C+%D0%B2+%D0%BF%D1%80%D0%BE%D1%82%D0%B8%D0%B2%D0%BD%D0%BE%D0%BC+%D1%81%D0%BB%D1%83%D1%87%D0%B0%D0%B5+%D0%B2%D0%B2%D0%B5%D0%B4%D0%B8%D1%82%D0%B5+%D0%B4%D0%B0%D0%BD%D0%BD%D1%8B%D0%B5+%D0%B7%D0%B0%D0%BD%D0%BE%D0%B2%D0%BE+%D0%BD%D0%B0%D0%B6%D0%B0%D0%B2+%D0%BD%D0%B0+%2Fstart&reply_markup=%7B%22keyboard%22%3A+%5B%5B%7B%22text%22%3A+%22%5Cu041e%5Cu043f%5Cu0440%5Cu0430%5Cu0432%5Cu0438%5Cu0442%5Cu044c%22%7D%5D%5D%2C+%22resize_keyboard%22%3A+true%7D HTTP/1.1" 200 801
Sat, 12 May 2018 15:56:18 ERROR    OperationalError occurred, args=('database is locked',)
Traceback (most recent call last):
  File "C:\Program Files\Python36\lib\site-packages\telebot\util.py", line 59, in run
    task(*args, **kwargs)
  File "C:/Users/БорсовН/Documents/GitHub/python/Дз по python/Дз8/ТЗ/TZ_code.py", line 92, in test
    questioning(message)
  File "C:/Users/БорсовН/Documents/GitHub/python/Дз по python/Дз8/ТЗ/TZ_code.py", line 84, in questioning
    cursorConnectionAndWrite("First_4_answers",myArray)
  File "C:/Users/БорсовН/Documents/GitHub/python/Дз по python/Дз8/ТЗ/TZ_code.py", line 109, in cursorConnectionAndWrite
    cursor.execute("insert into %s values %s" %(tableName,insertingTurpleWithValues))
sqlite3.OperationalError: database is locked

Sat, 12 May 2018 15:57:53 DEBUG    Starting new HTTPS connection (1): api.telegram.org
Sat, 12 May 2018 15:57:54 DEBUG    https://api.telegram.org:443 "POST /bot597935817:AAGAbCwCGnHD7yqsGLbPKXj1pNn-NaD8bCs/sendMessage?chat_id=562036772&text=%D0%92%D0%B0%D1%81+%D0%BF%D1%80%D0%B8%D0%B2%D0%B5%D1%82%D1%81%D1%82%D0%B2%D1%83%D0%B5%D1%82+%D0%B1%D0%BE%D1%82+DigitalCitizen%2C+%D0%B7%D0%B4%D0%B5%D1%81%D1%8C+%D0%B2%D1%8B+%D0%BC%D0%BE%D0%B6%D0%B5%D1%82%D0%B5+%D0%BF%D0%BE%D0%B4%D0%B0%D1%82%D1%8C+%D0%B2%D0%B0%D1%88%D1%83+%D0%B6%D0%B0%D0%BB%D0%BE%D0%B1%D1%83 HTTP/1.1" 200 569
Sat, 12 May 2018 15:57:54 DEBUG    https://api.telegram.org:443 "POST /bot597935817:AAGAbCwCGnHD7yqsGLbPKXj1pNn-NaD8bCs/sendMessage?chat_id=562036772&text=Whats+your+name%3F HTTP/1.1" 200 279
Sat, 12 May 2018 15:58:03 DEBUG    https://api.telegram.org:443 "GET /bot597935817:AAGAbCwCGnHD7yqsGLbPKXj1pNn-NaD8bCs/getUpdates?offset=461431489&timeout=20 HTTP/1.1" 200 336
Sat, 12 May 2018 15:58:03 DEBUG    Starting new HTTPS connection (1): api.telegram.org
Sat, 12 May 2018 15:58:04 DEBUG    https://api.telegram.org:443 "POST /bot597935817:AAGAbCwCGnHD7yqsGLbPKXj1pNn-NaD8bCs/sendMessage?chat_id=562036772&text=Write+your+addres+and+city HTTP/1.1" 200 289
Sat, 12 May 2018 15:58:09 DEBUG    https://api.telegram.org:443 "GET /bot597935817:AAGAbCwCGnHD7yqsGLbPKXj1pNn-NaD8bCs/getUpdates?offset=461431490&timeout=20 HTTP/1.1" 200 338
Sat, 12 May 2018 15:58:10 DEBUG    https://api.telegram.org:443 "POST /bot597935817:AAGAbCwCGnHD7yqsGLbPKXj1pNn-NaD8bCs/sendMessage?chat_id=562036772&text=How+old+are+you%3F HTTP/1.1" 200 279
Sat, 12 May 2018 15:58:12 DEBUG    https://api.telegram.org:443 "GET /bot597935817:AAGAbCwCGnHD7yqsGLbPKXj1pNn-NaD8bCs/getUpdates?offset=461431491&timeout=20 HTTP/1.1" 200 334
Sat, 12 May 2018 15:58:13 DEBUG    https://api.telegram.org:443 "POST /bot597935817:AAGAbCwCGnHD7yqsGLbPKXj1pNn-NaD8bCs/sendMessage?chat_id=562036772&text=Write+essence+of+complaint HTTP/1.1" 200 289
Sat, 12 May 2018 15:58:25 DEBUG    https://api.telegram.org:443 "GET /bot597935817:AAGAbCwCGnHD7yqsGLbPKXj1pNn-NaD8bCs/getUpdates?offset=461431492&timeout=20 HTTP/1.1" 200 336
Sat, 12 May 2018 15:58:25 DEBUG    https://api.telegram.org:443 "POST /bot597935817:AAGAbCwCGnHD7yqsGLbPKXj1pNn-NaD8bCs/sendMessage?chat_id=562036772&text=%D0%95%D1%81%D0%BB%D0%B8+%D0%B2%D1%81%D0%B5+%D0%B4%D0%B0%D0%BD%D0%BD%D1%8B%D0%B5+%D0%B2%D0%B5%D1%80%D0%BD%D1%8B+%D0%BD%D0%B0%D0%B6%D0%BC%D0%B8%D1%82%D0%B5+%27%D0%9E%D1%82%D0%BF%D1%80%D0%B0%D0%B2%D0%B8%D1%82%D1%8C%27%2C+%D0%B2+%D0%BF%D1%80%D0%BE%D1%82%D0%B8%D0%B2%D0%BD%D0%BE%D0%BC+%D1%81%D0%BB%D1%83%D1%87%D0%B0%D0%B5+%D0%B2%D0%B2%D0%B5%D0%B4%D0%B8%D1%82%D0%B5+%D0%B4%D0%B0%D0%BD%D0%BD%D1%8B%D0%B5+%D0%B7%D0%B0%D0%BD%D0%BE%D0%B2%D0%BE+%D0%BD%D0%B0%D0%B6%D0%B0%D0%B2+%D0%BD%D0%B0+%2Fstart&reply_markup=%7B%22keyboard%22%3A+%5B%5B%7B%22text%22%3A+%22%5Cu041e%5Cu043f%5Cu0440%5Cu0430%5Cu0432%5Cu0438%5Cu0442%5Cu044c%22%7D%5D%5D%2C+%22resize_keyboard%22%3A+true%7D HTTP/1.1" 200 801
Sat, 12 May 2018 15:58:42 DEBUG    https://api.telegram.org:443 "GET /bot597935817:AAGAbCwCGnHD7yqsGLbPKXj1pNn-NaD8bCs/getUpdates?offset=461431493&timeout=20 HTTP/1.1" 200 396
Sat, 12 May 2018 15:58:42 DEBUG    https://api.telegram.org:443 "POST /bot597935817:AAGAbCwCGnHD7yqsGLbPKXj1pNn-NaD8bCs/sendMessage?chat_id=562036772&text=%D0%92%D0%B0%D1%81+%D0%BF%D1%80%D0%B8%D0%B2%D0%B5%D1%82%D1%81%D1%82%D0%B2%D1%83%D0%B5%D1%82+%D0%B1%D0%BE%D1%82+DigitalCitizen%2C+%D0%B7%D0%B4%D0%B5%D1%81%D1%8C+%D0%B2%D1%8B+%D0%BC%D0%BE%D0%B6%D0%B5%D1%82%D0%B5+%D0%BF%D0%BE%D0%B4%D0%B0%D1%82%D1%8C+%D0%B2%D0%B0%D1%88%D1%83+%D0%B6%D0%B0%D0%BB%D0%BE%D0%B1%D1%83 HTTP/1.1" 200 569
Sat, 12 May 2018 15:58:42 DEBUG    https://api.telegram.org:443 "POST /bot597935817:AAGAbCwCGnHD7yqsGLbPKXj1pNn-NaD8bCs/sendMessage?chat_id=562036772&text=Whats+your+name%3F HTTP/1.1" 200 279
Sat, 12 May 2018 15:59:02 DEBUG    https://api.telegram.org:443 "GET /bot597935817:AAGAbCwCGnHD7yqsGLbPKXj1pNn-NaD8bCs/getUpdates?offset=461431494&timeout=20 HTTP/1.1" 200 23
Sat, 12 May 2018 15:59:04 DEBUG    https://api.telegram.org:443 "GET /bot597935817:AAGAbCwCGnHD7yqsGLbPKXj1pNn-NaD8bCs/getUpdates?offset=461431494&timeout=20 HTTP/1.1" 200 336
Sat, 12 May 2018 15:59:04 DEBUG    https://api.telegram.org:443 "POST /bot597935817:AAGAbCwCGnHD7yqsGLbPKXj1pNn-NaD8bCs/sendMessage?chat_id=562036772&text=Write+your+addres+and+city HTTP/1.1" 200 289
Sat, 12 May 2018 15:59:09 DEBUG    https://api.telegram.org:443 "GET /bot597935817:AAGAbCwCGnHD7yqsGLbPKXj1pNn-NaD8bCs/getUpdates?offset=461431495&timeout=20 HTTP/1.1" 200 338
Sat, 12 May 2018 15:59:09 DEBUG    https://api.telegram.org:443 "POST /bot597935817:AAGAbCwCGnHD7yqsGLbPKXj1pNn-NaD8bCs/sendMessage?chat_id=562036772&text=How+old+are+you%3F HTTP/1.1" 200 279
Sat, 12 May 2018 15:59:12 DEBUG    https://api.telegram.org:443 "GET /bot597935817:AAGAbCwCGnHD7yqsGLbPKXj1pNn-NaD8bCs/getUpdates?offset=461431496&timeout=20 HTTP/1.1" 200 334
Sat, 12 May 2018 15:59:12 DEBUG    https://api.telegram.org:443 "POST /bot597935817:AAGAbCwCGnHD7yqsGLbPKXj1pNn-NaD8bCs/sendMessage?chat_id=562036772&text=Write+essence+of+complaint HTTP/1.1" 200 289
Sat, 12 May 2018 15:59:26 DEBUG    https://api.telegram.org:443 "GET /bot597935817:AAGAbCwCGnHD7yqsGLbPKXj1pNn-NaD8bCs/getUpdates?offset=461431497&timeout=20 HTTP/1.1" 200 336
Sat, 12 May 2018 15:59:26 DEBUG    https://api.telegram.org:443 "POST /bot597935817:AAGAbCwCGnHD7yqsGLbPKXj1pNn-NaD8bCs/sendMessage?chat_id=562036772&text=%D0%95%D1%81%D0%BB%D0%B8+%D0%B2%D1%81%D0%B5+%D0%B4%D0%B0%D0%BD%D0%BD%D1%8B%D0%B5+%D0%B2%D0%B5%D1%80%D0%BD%D1%8B+%D0%BD%D0%B0%D0%B6%D0%BC%D0%B8%D1%82%D0%B5+%27%D0%9E%D1%82%D0%BF%D1%80%D0%B0%D0%B2%D0%B8%D1%82%D1%8C%27%2C+%D0%B2+%D0%BF%D1%80%D0%BE%D1%82%D0%B8%D0%B2%D0%BD%D0%BE%D0%BC+%D1%81%D0%BB%D1%83%D1%87%D0%B0%D0%B5+%D0%B2%D0%B2%D0%B5%D0%B4%D0%B8%D1%82%D0%B5+%D0%B4%D0%B0%D0%BD%D0%BD%D1%8B%D0%B5+%D0%B7%D0%B0%D0%BD%D0%BE%D0%B2%D0%BE+%D0%BD%D0%B0%D0%B6%D0%B0%D0%B2+%D0%BD%D0%B0+%2Fstart&reply_markup=%7B%22keyboard%22%3A+%5B%5B%7B%22text%22%3A+%22%5Cu041e%5Cu043f%5Cu0440%5Cu0430%5Cu0432%5Cu0438%5Cu0442%5Cu044c%22%7D%5D%5D%2C+%22resize_keyboard%22%3A+true%7D HTTP/1.1" 200 801
Sat, 12 May 2018 15:59:26 ERROR    IntegrityError occurred, args=('UNIQUE constraint failed: First_4_answers.UserTelegrammID',)
Traceback (most recent call last):
  File "C:\Program Files\Python36\lib\site-packages\telebot\util.py", line 59, in run
    task(*args, **kwargs)
  File "C:/Users/БорсовН/Documents/GitHub/python/Дз по python/Дз8/ТЗ/TZ_code.py", line 92, in test
    questioning(message)
  File "C:/Users/БорсовН/Documents/GitHub/python/Дз по python/Дз8/ТЗ/TZ_code.py", line 84, in questioning
    cursorConnectionAndWrite("First_4_answers",myArray)
  File "C:/Users/БорсовН/Documents/GitHub/python/Дз по python/Дз8/ТЗ/TZ_code.py", line 109, in cursorConnectionAndWrite
    cursor.execute("insert into %s values %s" %(tableName,insertingTurpleWithValues))
sqlite3.IntegrityError: UNIQUE constraint failed: First_4_answers.UserTelegrammID

Sat, 12 May 2018 16:07:04 DEBUG    Starting new HTTPS connection (1): api.telegram.org
Sat, 12 May 2018 16:07:05 DEBUG    https://api.telegram.org:443 "POST /bot597935817:AAGAbCwCGnHD7yqsGLbPKXj1pNn-NaD8bCs/sendMessage?chat_id=562036772&text=%D0%92%D0%B0%D1%81+%D0%BF%D1%80%D0%B8%D0%B2%D0%B5%D1%82%D1%81%D1%82%D0%B2%D1%83%D0%B5%D1%82+%D0%B1%D0%BE%D1%82+DigitalCitizen%2C+%D0%B7%D0%B4%D0%B5%D1%81%D1%8C+%D0%B2%D1%8B+%D0%BC%D0%BE%D0%B6%D0%B5%D1%82%D0%B5+%D0%BF%D0%BE%D0%B4%D0%B0%D1%82%D1%8C+%D0%B2%D0%B0%D1%88%D1%83+%D0%B6%D0%B0%D0%BB%D0%BE%D0%B1%D1%83 HTTP/1.1" 200 569
Sat, 12 May 2018 16:07:05 ERROR    OSError occurred, args=(22, 'Invalid argument')
Traceback (most recent call last):
  File "C:\Program Files\Python36\lib\site-packages\telebot\util.py", line 59, in run
    task(*args, **kwargs)
  File "C:/Users/БорсовН/Documents/GitHub/python/Дз по python/Дз8/ТЗ/TZ_code.py", line 61, in start
    questioning(message)
  File "C:/Users/БорсовН/Documents/GitHub/python/Дз по python/Дз8/ТЗ/TZ_code.py", line 70, in questioning
    print(results)
OSError: [Errno 22] Invalid argument

Sat, 12 May 2018 16:08:28 DEBUG    Starting new HTTPS connection (1): api.telegram.org
Sat, 12 May 2018 16:08:29 DEBUG    https://api.telegram.org:443 "POST /bot597935817:AAGAbCwCGnHD7yqsGLbPKXj1pNn-NaD8bCs/sendMessage?chat_id=562036772&text=%D0%92%D0%B0%D1%81+%D0%BF%D1%80%D0%B8%D0%B2%D0%B5%D1%82%D1%81%D1%82%D0%B2%D1%83%D0%B5%D1%82+%D0%B1%D0%BE%D1%82+DigitalCitizen%2C+%D0%B7%D0%B4%D0%B5%D1%81%D1%8C+%D0%B2%D1%8B+%D0%BC%D0%BE%D0%B6%D0%B5%D1%82%D0%B5+%D0%BF%D0%BE%D0%B4%D0%B0%D1%82%D1%8C+%D0%B2%D0%B0%D1%88%D1%83+%D0%B6%D0%B0%D0%BB%D0%BE%D0%B1%D1%83 HTTP/1.1" 200 569
Sat, 12 May 2018 16:08:29 DEBUG    https://api.telegram.org:443 "POST /bot597935817:AAGAbCwCGnHD7yqsGLbPKXj1pNn-NaD8bCs/sendMessage?chat_id=562036772&text=Whats+your+name%3F HTTP/1.1" 200 279
Sat, 12 May 2018 16:08:47 DEBUG    https://api.telegram.org:443 "GET /bot597935817:AAGAbCwCGnHD7yqsGLbPKXj1pNn-NaD8bCs/getUpdates?offset=461431500&timeout=20 HTTP/1.1" 200 336
Sat, 12 May 2018 16:08:47 DEBUG    Starting new HTTPS connection (1): api.telegram.org
Sat, 12 May 2018 16:08:48 DEBUG    https://api.telegram.org:443 "POST /bot597935817:AAGAbCwCGnHD7yqsGLbPKXj1pNn-NaD8bCs/sendMessage?chat_id=562036772&text=Write+your+addres+and+city HTTP/1.1" 200 289
Sat, 12 May 2018 16:08:54 DEBUG    https://api.telegram.org:443 "GET /bot597935817:AAGAbCwCGnHD7yqsGLbPKXj1pNn-NaD8bCs/getUpdates?offset=461431501&timeout=20 HTTP/1.1" 200 338
Sat, 12 May 2018 16:08:54 DEBUG    https://api.telegram.org:443 "POST /bot597935817:AAGAbCwCGnHD7yqsGLbPKXj1pNn-NaD8bCs/sendMessage?chat_id=562036772&text=How+old+are+you%3F HTTP/1.1" 200 279
Sat, 12 May 2018 16:09:03 DEBUG    https://api.telegram.org:443 "GET /bot597935817:AAGAbCwCGnHD7yqsGLbPKXj1pNn-NaD8bCs/getUpdates?offset=461431502&timeout=20 HTTP/1.1" 200 334
Sat, 12 May 2018 16:09:04 DEBUG    https://api.telegram.org:443 "POST /bot597935817:AAGAbCwCGnHD7yqsGLbPKXj1pNn-NaD8bCs/sendMessage?chat_id=562036772&text=Write+essence+of+complaint HTTP/1.1" 200 289
Sat, 12 May 2018 16:09:12 DEBUG    https://api.telegram.org:443 "GET /bot597935817:AAGAbCwCGnHD7yqsGLbPKXj1pNn-NaD8bCs/getUpdates?offset=461431503&timeout=20 HTTP/1.1" 200 336
Sat, 12 May 2018 16:09:12 DEBUG    https://api.telegram.org:443 "POST /bot597935817:AAGAbCwCGnHD7yqsGLbPKXj1pNn-NaD8bCs/sendMessage?chat_id=562036772&text=%D0%95%D1%81%D0%BB%D0%B8+%D0%B2%D1%81%D0%B5+%D0%B4%D0%B0%D0%BD%D0%BD%D1%8B%D0%B5+%D0%B2%D0%B5%D1%80%D0%BD%D1%8B+%D0%BD%D0%B0%D0%B6%D0%BC%D0%B8%D1%82%D0%B5+%27%D0%9E%D1%82%D0%BF%D1%80%D0%B0%D0%B2%D0%B8%D1%82%D1%8C%27%2C+%D0%B2+%D0%BF%D1%80%D0%BE%D1%82%D0%B8%D0%B2%D0%BD%D0%BE%D0%BC+%D1%81%D0%BB%D1%83%D1%87%D0%B0%D0%B5+%D0%B2%D0%B2%D0%B5%D0%B4%D0%B8%D1%82%D0%B5+%D0%B4%D0%B0%D0%BD%D0%BD%D1%8B%D0%B5+%D0%B7%D0%B0%D0%BD%D0%BE%D0%B2%D0%BE+%D0%BD%D0%B0%D0%B6%D0%B0%D0%B2+%D0%BD%D0%B0+%2Fstart&reply_markup=%7B%22keyboard%22%3A+%5B%5B%7B%22text%22%3A+%22%5Cu041e%5Cu043f%5Cu0440%5Cu0430%5Cu0432%5Cu0438%5Cu0442%5Cu044c%22%7D%5D%5D%2C+%22resize_keyboard%22%3A+true%7D HTTP/1.1" 200 801
Sat, 12 May 2018 16:09:23 DEBUG    https://api.telegram.org:443 "GET /bot597935817:AAGAbCwCGnHD7yqsGLbPKXj1pNn-NaD8bCs/getUpdates?offset=461431504&timeout=20 HTTP/1.1" 200 380
Sat, 12 May 2018 16:09:43 DEBUG    https://api.telegram.org:443 "GET /bot597935817:AAGAbCwCGnHD7yqsGLbPKXj1pNn-NaD8bCs/getUpdates?offset=461431505&timeout=20 HTTP/1.1" 200 23
Sat, 12 May 2018 16:10:03 DEBUG    https://api.telegram.org:443 "GET /bot597935817:AAGAbCwCGnHD7yqsGLbPKXj1pNn-NaD8bCs/getUpdates?offset=461431505&timeout=20 HTTP/1.1" 200 23
Sat, 12 May 2018 16:10:23 DEBUG    https://api.telegram.org:443 "GET /bot597935817:AAGAbCwCGnHD7yqsGLbPKXj1pNn-NaD8bCs/getUpdates?offset=461431505&timeout=20 HTTP/1.1" 200 23
Sat, 12 May 2018 16:10:43 DEBUG    https://api.telegram.org:443 "GET /bot597935817:AAGAbCwCGnHD7yqsGLbPKXj1pNn-NaD8bCs/getUpdates?offset=461431505&timeout=20 HTTP/1.1" 200 23
Sat, 12 May 2018 16:11:03 DEBUG    https://api.telegram.org:443 "GET /bot597935817:AAGAbCwCGnHD7yqsGLbPKXj1pNn-NaD8bCs/getUpdates?offset=461431505&timeout=20 HTTP/1.1" 200 23
Sat, 12 May 2018 16:11:24 DEBUG    https://api.telegram.org:443 "GET /bot597935817:AAGAbCwCGnHD7yqsGLbPKXj1pNn-NaD8bCs/getUpdates?offset=461431505&timeout=20 HTTP/1.1" 200 23
Sat, 12 May 2018 16:11:44 DEBUG    https://api.telegram.org:443 "GET /bot597935817:AAGAbCwCGnHD7yqsGLbPKXj1pNn-NaD8bCs/getUpdates?offset=461431505&timeout=20 HTTP/1.1" 200 23
Sat, 12 May 2018 16:12:04 DEBUG    https://api.telegram.org:443 "GET /bot597935817:AAGAbCwCGnHD7yqsGLbPKXj1pNn-NaD8bCs/getUpdates?offset=461431505&timeout=20 HTTP/1.1" 200 23
Sat, 12 May 2018 16:12:12 DEBUG    https://api.telegram.org:443 "GET /bot597935817:AAGAbCwCGnHD7yqsGLbPKXj1pNn-NaD8bCs/getUpdates?offset=461431505&timeout=20 HTTP/1.1" 409 143
Sat, 12 May 2018 16:12:12 ERROR    ApiException occurred, args=('A request to the Telegram API was unsuccessful. The server returned HTTP 409 Conflict. Response body:\n[b\'{"ok":false,"error_code":409,"description":"Conflict: terminated by other getUpdates request; make sure that only one bot instance is running"}\']',)
Traceback (most recent call last):
  File "C:\Program Files\Python36\lib\site-packages\telebot\util.py", line 59, in run
    task(*args, **kwargs)
  File "C:\Program Files\Python36\lib\site-packages\telebot\__init__.py", line 159, in __retrieve_updates
    updates = self.get_updates(offset=(self.last_update_id + 1), timeout=timeout)
  File "C:\Program Files\Python36\lib\site-packages\telebot\__init__.py", line 129, in get_updates
    json_updates = apihelper.get_updates(self.token, offset, limit, timeout, allowed_updates)
  File "C:\Program Files\Python36\lib\site-packages\telebot\apihelper.py", line 175, in get_updates
    return _make_request(token, method_url, params=payload)
  File "C:\Program Files\Python36\lib\site-packages\telebot\apihelper.py", line 56, in _make_request
    return _check_result(method_name, result)['result']
  File "C:\Program Files\Python36\lib\site-packages\telebot\apihelper.py", line 75, in _check_result
    raise ApiException(msg, method_name, result)
telebot.apihelper.ApiException: A request to the Telegram API was unsuccessful. The server returned HTTP 409 Conflict. Response body:
[b'{"ok":false,"error_code":409,"description":"Conflict: terminated by other getUpdates request; make sure that only one bot instance is running"}']

Sat, 12 May 2018 16:12:12 ERROR    A request to the Telegram API was unsuccessful. The server returned HTTP 409 Conflict. Response body:
[b'{"ok":false,"error_code":409,"description":"Conflict: terminated by other getUpdates request; make sure that only one bot instance is running"}']
Sat, 12 May 2018 16:12:16 DEBUG    https://api.telegram.org:443 "GET /bot597935817:AAGAbCwCGnHD7yqsGLbPKXj1pNn-NaD8bCs/getUpdates?offset=461431505&timeout=20 HTTP/1.1" 409 143
Sat, 12 May 2018 16:12:16 ERROR    ApiException occurred, args=('A request to the Telegram API was unsuccessful. The server returned HTTP 409 Conflict. Response body:\n[b\'{"ok":false,"error_code":409,"description":"Conflict: terminated by other getUpdates request; make sure that only one bot instance is running"}\']',)
Traceback (most recent call last):
  File "C:\Program Files\Python36\lib\site-packages\telebot\util.py", line 59, in run
    task(*args, **kwargs)
  File "C:\Program Files\Python36\lib\site-packages\telebot\__init__.py", line 159, in __retrieve_updates
    updates = self.get_updates(offset=(self.last_update_id + 1), timeout=timeout)
  File "C:\Program Files\Python36\lib\site-packages\telebot\__init__.py", line 129, in get_updates
    json_updates = apihelper.get_updates(self.token, offset, limit, timeout, allowed_updates)
  File "C:\Program Files\Python36\lib\site-packages\telebot\apihelper.py", line 175, in get_updates
    return _make_request(token, method_url, params=payload)
  File "C:\Program Files\Python36\lib\site-packages\telebot\apihelper.py", line 56, in _make_request
    return _check_result(method_name, result)['result']
  File "C:\Program Files\Python36\lib\site-packages\telebot\apihelper.py", line 75, in _check_result
    raise ApiException(msg, method_name, result)
telebot.apihelper.ApiException: A request to the Telegram API was unsuccessful. The server returned HTTP 409 Conflict. Response body:
[b'{"ok":false,"error_code":409,"description":"Conflict: terminated by other getUpdates request; make sure that only one bot instance is running"}']

Sat, 12 May 2018 16:12:16 ERROR    A request to the Telegram API was unsuccessful. The server returned HTTP 409 Conflict. Response body:
[b'{"ok":false,"error_code":409,"description":"Conflict: terminated by other getUpdates request; make sure that only one bot instance is running"}']
Sat, 12 May 2018 16:12:17 DEBUG    https://api.telegram.org:443 "GET /bot597935817:AAGAbCwCGnHD7yqsGLbPKXj1pNn-NaD8bCs/getUpdates?offset=461431505&timeout=20 HTTP/1.1" 200 396
Sat, 12 May 2018 16:12:17 DEBUG    https://api.telegram.org:443 "POST /bot597935817:AAGAbCwCGnHD7yqsGLbPKXj1pNn-NaD8bCs/sendMessage?chat_id=562036772&text=%D0%92%D0%B0%D1%81+%D0%BF%D1%80%D0%B8%D0%B2%D0%B5%D1%82%D1%81%D1%82%D0%B2%D1%83%D0%B5%D1%82+%D0%B1%D0%BE%D1%82+DigitalCitizen%2C+%D0%B7%D0%B4%D0%B5%D1%81%D1%8C+%D0%B2%D1%8B+%D0%BC%D0%BE%D0%B6%D0%B5%D1%82%D0%B5+%D0%BF%D0%BE%D0%B4%D0%B0%D1%82%D1%8C+%D0%B2%D0%B0%D1%88%D1%83+%D0%B6%D0%B0%D0%BB%D0%BE%D0%B1%D1%83 HTTP/1.1" 200 569
Sat, 12 May 2018 16:12:17 DEBUG    https://api.telegram.org:443 "POST /bot597935817:AAGAbCwCGnHD7yqsGLbPKXj1pNn-NaD8bCs/sendMessage?chat_id=562036772&text=Whats+your+name%3F HTTP/1.1" 200 279
Sat, 12 May 2018 16:12:20 DEBUG    https://api.telegram.org:443 "GET /bot597935817:AAGAbCwCGnHD7yqsGLbPKXj1pNn-NaD8bCs/getUpdates?offset=461431506&timeout=20 HTTP/1.1" 409 143
Sat, 12 May 2018 16:12:20 ERROR    ApiException occurred, args=('A request to the Telegram API was unsuccessful. The server returned HTTP 409 Conflict. Response body:\n[b\'{"ok":false,"error_code":409,"description":"Conflict: terminated by other getUpdates request; make sure that only one bot instance is running"}\']',)
Traceback (most recent call last):
  File "C:\Program Files\Python36\lib\site-packages\telebot\util.py", line 59, in run
    task(*args, **kwargs)
  File "C:\Program Files\Python36\lib\site-packages\telebot\__init__.py", line 159, in __retrieve_updates
    updates = self.get_updates(offset=(self.last_update_id + 1), timeout=timeout)
  File "C:\Program Files\Python36\lib\site-packages\telebot\__init__.py", line 129, in get_updates
    json_updates = apihelper.get_updates(self.token, offset, limit, timeout, allowed_updates)
  File "C:\Program Files\Python36\lib\site-packages\telebot\apihelper.py", line 175, in get_updates
    return _make_request(token, method_url, params=payload)
  File "C:\Program Files\Python36\lib\site-packages\telebot\apihelper.py", line 56, in _make_request
    return _check_result(method_name, result)['result']
  File "C:\Program Files\Python36\lib\site-packages\telebot\apihelper.py", line 75, in _check_result
    raise ApiException(msg, method_name, result)
telebot.apihelper.ApiException: A request to the Telegram API was unsuccessful. The server returned HTTP 409 Conflict. Response body:
[b'{"ok":false,"error_code":409,"description":"Conflict: terminated by other getUpdates request; make sure that only one bot instance is running"}']

Sat, 12 May 2018 16:12:20 ERROR    A request to the Telegram API was unsuccessful. The server returned HTTP 409 Conflict. Response body:
[b'{"ok":false,"error_code":409,"description":"Conflict: terminated by other getUpdates request; make sure that only one bot instance is running"}']
Sat, 12 May 2018 16:12:25 DEBUG    https://api.telegram.org:443 "GET /bot597935817:AAGAbCwCGnHD7yqsGLbPKXj1pNn-NaD8bCs/getUpdates?offset=461431506&timeout=20 HTTP/1.1" 409 143
Sat, 12 May 2018 16:12:25 ERROR    ApiException occurred, args=('A request to the Telegram API was unsuccessful. The server returned HTTP 409 Conflict. Response body:\n[b\'{"ok":false,"error_code":409,"description":"Conflict: terminated by other getUpdates request; make sure that only one bot instance is running"}\']',)
Traceback (most recent call last):
  File "C:\Program Files\Python36\lib\site-packages\telebot\util.py", line 59, in run
    task(*args, **kwargs)
  File "C:\Program Files\Python36\lib\site-packages\telebot\__init__.py", line 159, in __retrieve_updates
    updates = self.get_updates(offset=(self.last_update_id + 1), timeout=timeout)
  File "C:\Program Files\Python36\lib\site-packages\telebot\__init__.py", line 129, in get_updates
    json_updates = apihelper.get_updates(self.token, offset, limit, timeout, allowed_updates)
  File "C:\Program Files\Python36\lib\site-packages\telebot\apihelper.py", line 175, in get_updates
    return _make_request(token, method_url, params=payload)
  File "C:\Program Files\Python36\lib\site-packages\telebot\apihelper.py", line 56, in _make_request
    return _check_result(method_name, result)['result']
  File "C:\Program Files\Python36\lib\site-packages\telebot\apihelper.py", line 75, in _check_result
    raise ApiException(msg, method_name, result)
telebot.apihelper.ApiException: A request to the Telegram API was unsuccessful. The server returned HTTP 409 Conflict. Response body:
[b'{"ok":false,"error_code":409,"description":"Conflict: terminated by other getUpdates request; make sure that only one bot instance is running"}']

Sat, 12 May 2018 16:12:25 ERROR    A request to the Telegram API was unsuccessful. The server returned HTTP 409 Conflict. Response body:
[b'{"ok":false,"error_code":409,"description":"Conflict: terminated by other getUpdates request; make sure that only one bot instance is running"}']
Sat, 12 May 2018 16:12:31 DEBUG    https://api.telegram.org:443 "GET /bot597935817:AAGAbCwCGnHD7yqsGLbPKXj1pNn-NaD8bCs/getUpdates?offset=461431506&timeout=20 HTTP/1.1" 409 143
Sat, 12 May 2018 16:12:31 ERROR    ApiException occurred, args=('A request to the Telegram API was unsuccessful. The server returned HTTP 409 Conflict. Response body:\n[b\'{"ok":false,"error_code":409,"description":"Conflict: terminated by other getUpdates request; make sure that only one bot instance is running"}\']',)
Traceback (most recent call last):
  File "C:\Program Files\Python36\lib\site-packages\telebot\util.py", line 59, in run
    task(*args, **kwargs)
  File "C:\Program Files\Python36\lib\site-packages\telebot\__init__.py", line 159, in __retrieve_updates
    updates = self.get_updates(offset=(self.last_update_id + 1), timeout=timeout)
  File "C:\Program Files\Python36\lib\site-packages\telebot\__init__.py", line 129, in get_updates
    json_updates = apihelper.get_updates(self.token, offset, limit, timeout, allowed_updates)
  File "C:\Program Files\Python36\lib\site-packages\telebot\apihelper.py", line 175, in get_updates
    return _make_request(token, method_url, params=payload)
  File "C:\Program Files\Python36\lib\site-packages\telebot\apihelper.py", line 56, in _make_request
    return _check_result(method_name, result)['result']
  File "C:\Program Files\Python36\lib\site-packages\telebot\apihelper.py", line 75, in _check_result
    raise ApiException(msg, method_name, result)
telebot.apihelper.ApiException: A request to the Telegram API was unsuccessful. The server returned HTTP 409 Conflict. Response body:
[b'{"ok":false,"error_code":409,"description":"Conflict: terminated by other getUpdates request; make sure that only one bot instance is running"}']

Sat, 12 May 2018 16:12:31 ERROR    A request to the Telegram API was unsuccessful. The server returned HTTP 409 Conflict. Response body:
[b'{"ok":false,"error_code":409,"description":"Conflict: terminated by other getUpdates request; make sure that only one bot instance is running"}']
Sat, 12 May 2018 16:12:39 DEBUG    https://api.telegram.org:443 "GET /bot597935817:AAGAbCwCGnHD7yqsGLbPKXj1pNn-NaD8bCs/getUpdates?offset=461431506&timeout=20 HTTP/1.1" 409 143
Sat, 12 May 2018 16:12:39 ERROR    ApiException occurred, args=('A request to the Telegram API was unsuccessful. The server returned HTTP 409 Conflict. Response body:\n[b\'{"ok":false,"error_code":409,"description":"Conflict: terminated by other getUpdates request; make sure that only one bot instance is running"}\']',)
Traceback (most recent call last):
  File "C:\Program Files\Python36\lib\site-packages\telebot\util.py", line 59, in run
    task(*args, **kwargs)
  File "C:\Program Files\Python36\lib\site-packages\telebot\__init__.py", line 159, in __retrieve_updates
    updates = self.get_updates(offset=(self.last_update_id + 1), timeout=timeout)
  File "C:\Program Files\Python36\lib\site-packages\telebot\__init__.py", line 129, in get_updates
    json_updates = apihelper.get_updates(self.token, offset, limit, timeout, allowed_updates)
  File "C:\Program Files\Python36\lib\site-packages\telebot\apihelper.py", line 175, in get_updates
    return _make_request(token, method_url, params=payload)
  File "C:\Program Files\Python36\lib\site-packages\telebot\apihelper.py", line 56, in _make_request
    return _check_result(method_name, result)['result']
  File "C:\Program Files\Python36\lib\site-packages\telebot\apihelper.py", line 75, in _check_result
    raise ApiException(msg, method_name, result)
telebot.apihelper.ApiException: A request to the Telegram API was unsuccessful. The server returned HTTP 409 Conflict. Response body:
[b'{"ok":false,"error_code":409,"description":"Conflict: terminated by other getUpdates request; make sure that only one bot instance is running"}']

Sat, 12 May 2018 16:12:39 ERROR    A request to the Telegram API was unsuccessful. The server returned HTTP 409 Conflict. Response body:
[b'{"ok":false,"error_code":409,"description":"Conflict: terminated by other getUpdates request; make sure that only one bot instance is running"}']
Sat, 12 May 2018 16:12:42 DEBUG    https://api.telegram.org:443 "GET /bot597935817:AAGAbCwCGnHD7yqsGLbPKXj1pNn-NaD8bCs/getUpdates?offset=461431506&timeout=20 HTTP/1.1" 200 336
Sat, 12 May 2018 16:12:42 DEBUG    https://api.telegram.org:443 "POST /bot597935817:AAGAbCwCGnHD7yqsGLbPKXj1pNn-NaD8bCs/sendMessage?chat_id=562036772&text=Write+your+addres+and+city HTTP/1.1" 200 289
Sat, 12 May 2018 16:12:52 DEBUG    https://api.telegram.org:443 "GET /bot597935817:AAGAbCwCGnHD7yqsGLbPKXj1pNn-NaD8bCs/getUpdates?offset=461431507&timeout=20 HTTP/1.1" 200 338
Sat, 12 May 2018 16:12:52 DEBUG    https://api.telegram.org:443 "POST /bot597935817:AAGAbCwCGnHD7yqsGLbPKXj1pNn-NaD8bCs/sendMessage?chat_id=562036772&text=How+old+are+you%3F HTTP/1.1" 200 279
Sat, 12 May 2018 16:12:52 DEBUG    https://api.telegram.org:443 "GET /bot597935817:AAGAbCwCGnHD7yqsGLbPKXj1pNn-NaD8bCs/getUpdates?offset=461431508&timeout=20 HTTP/1.1" 409 143
Sat, 12 May 2018 16:12:52 ERROR    ApiException occurred, args=('A request to the Telegram API was unsuccessful. The server returned HTTP 409 Conflict. Response body:\n[b\'{"ok":false,"error_code":409,"description":"Conflict: terminated by other getUpdates request; make sure that only one bot instance is running"}\']',)
Traceback (most recent call last):
  File "C:\Program Files\Python36\lib\site-packages\telebot\util.py", line 59, in run
    task(*args, **kwargs)
  File "C:\Program Files\Python36\lib\site-packages\telebot\__init__.py", line 159, in __retrieve_updates
    updates = self.get_updates(offset=(self.last_update_id + 1), timeout=timeout)
  File "C:\Program Files\Python36\lib\site-packages\telebot\__init__.py", line 129, in get_updates
    json_updates = apihelper.get_updates(self.token, offset, limit, timeout, allowed_updates)
  File "C:\Program Files\Python36\lib\site-packages\telebot\apihelper.py", line 175, in get_updates
    return _make_request(token, method_url, params=payload)
  File "C:\Program Files\Python36\lib\site-packages\telebot\apihelper.py", line 56, in _make_request
    return _check_result(method_name, result)['result']
  File "C:\Program Files\Python36\lib\site-packages\telebot\apihelper.py", line 75, in _check_result
    raise ApiException(msg, method_name, result)
telebot.apihelper.ApiException: A request to the Telegram API was unsuccessful. The server returned HTTP 409 Conflict. Response body:
[b'{"ok":false,"error_code":409,"description":"Conflict: terminated by other getUpdates request; make sure that only one bot instance is running"}']

Sat, 12 May 2018 16:12:52 ERROR    A request to the Telegram API was unsuccessful. The server returned HTTP 409 Conflict. Response body:
[b'{"ok":false,"error_code":409,"description":"Conflict: terminated by other getUpdates request; make sure that only one bot instance is running"}']
Sat, 12 May 2018 16:13:06 DEBUG    https://api.telegram.org:443 "GET /bot597935817:AAGAbCwCGnHD7yqsGLbPKXj1pNn-NaD8bCs/getUpdates?offset=461431508&timeout=20 HTTP/1.1" 200 334
Sat, 12 May 2018 16:13:06 DEBUG    https://api.telegram.org:443 "POST /bot597935817:AAGAbCwCGnHD7yqsGLbPKXj1pNn-NaD8bCs/sendMessage?chat_id=562036772&text=Write+essence+of+complaint HTTP/1.1" 200 289
Sat, 12 May 2018 16:13:12 DEBUG    https://api.telegram.org:443 "GET /bot597935817:AAGAbCwCGnHD7yqsGLbPKXj1pNn-NaD8bCs/getUpdates?offset=461431509&timeout=20 HTTP/1.1" 409 143
Sat, 12 May 2018 16:13:12 ERROR    ApiException occurred, args=('A request to the Telegram API was unsuccessful. The server returned HTTP 409 Conflict. Response body:\n[b\'{"ok":false,"error_code":409,"description":"Conflict: terminated by other getUpdates request; make sure that only one bot instance is running"}\']',)
Traceback (most recent call last):
  File "C:\Program Files\Python36\lib\site-packages\telebot\util.py", line 59, in run
    task(*args, **kwargs)
  File "C:\Program Files\Python36\lib\site-packages\telebot\__init__.py", line 159, in __retrieve_updates
    updates = self.get_updates(offset=(self.last_update_id + 1), timeout=timeout)
  File "C:\Program Files\Python36\lib\site-packages\telebot\__init__.py", line 129, in get_updates
    json_updates = apihelper.get_updates(self.token, offset, limit, timeout, allowed_updates)
  File "C:\Program Files\Python36\lib\site-packages\telebot\apihelper.py", line 175, in get_updates
    return _make_request(token, method_url, params=payload)
  File "C:\Program Files\Python36\lib\site-packages\telebot\apihelper.py", line 56, in _make_request
    return _check_result(method_name, result)['result']
  File "C:\Program Files\Python36\lib\site-packages\telebot\apihelper.py", line 75, in _check_result
    raise ApiException(msg, method_name, result)
telebot.apihelper.ApiException: A request to the Telegram API was unsuccessful. The server returned HTTP 409 Conflict. Response body:
[b'{"ok":false,"error_code":409,"description":"Conflict: terminated by other getUpdates request; make sure that only one bot instance is running"}']

Sat, 12 May 2018 16:13:12 ERROR    A request to the Telegram API was unsuccessful. The server returned HTTP 409 Conflict. Response body:
[b'{"ok":false,"error_code":409,"description":"Conflict: terminated by other getUpdates request; make sure that only one bot instance is running"}']
Sat, 12 May 2018 16:13:19 DEBUG    https://api.telegram.org:443 "GET /bot597935817:AAGAbCwCGnHD7yqsGLbPKXj1pNn-NaD8bCs/getUpdates?offset=461431509&timeout=20 HTTP/1.1" 200 337
Sat, 12 May 2018 16:13:19 DEBUG    https://api.telegram.org:443 "POST /bot597935817:AAGAbCwCGnHD7yqsGLbPKXj1pNn-NaD8bCs/sendMessage?chat_id=562036772&text=%D0%95%D1%81%D0%BB%D0%B8+%D0%B2%D1%81%D0%B5+%D0%B4%D0%B0%D0%BD%D0%BD%D1%8B%D0%B5+%D0%B2%D0%B5%D1%80%D0%BD%D1%8B+%D0%BD%D0%B0%D0%B6%D0%BC%D0%B8%D1%82%D0%B5+%27%D0%9E%D1%82%D0%BF%D1%80%D0%B0%D0%B2%D0%B8%D1%82%D1%8C%27%2C+%D0%B2+%D0%BF%D1%80%D0%BE%D1%82%D0%B8%D0%B2%D0%BD%D0%BE%D0%BC+%D1%81%D0%BB%D1%83%D1%87%D0%B0%D0%B5+%D0%B2%D0%B2%D0%B5%D0%B4%D0%B8%D1%82%D0%B5+%D0%B4%D0%B0%D0%BD%D0%BD%D1%8B%D0%B5+%D0%B7%D0%B0%D0%BD%D0%BE%D0%B2%D0%BE+%D0%BD%D0%B0%D0%B6%D0%B0%D0%B2+%D0%BD%D0%B0+%2Fstart&reply_markup=%7B%22keyboard%22%3A+%5B%5B%7B%22text%22%3A+%22%5Cu041e%5Cu043f%5Cu0440%5Cu0430%5Cu0432%5Cu0438%5Cu0442%5Cu044c%22%7D%5D%5D%2C+%22resize_keyboard%22%3A+true%7D HTTP/1.1" 200 801
Sat, 12 May 2018 16:13:24 DEBUG    https://api.telegram.org:443 "GET /bot597935817:AAGAbCwCGnHD7yqsGLbPKXj1pNn-NaD8bCs/getUpdates?offset=461431510&timeout=20 HTTP/1.1" 200 380
Sat, 12 May 2018 16:13:45 DEBUG    https://api.telegram.org:443 "GET /bot597935817:AAGAbCwCGnHD7yqsGLbPKXj1pNn-NaD8bCs/getUpdates?offset=461431511&timeout=20 HTTP/1.1" 200 23
Sat, 12 May 2018 16:13:47 DEBUG    https://api.telegram.org:443 "GET /bot597935817:AAGAbCwCGnHD7yqsGLbPKXj1pNn-NaD8bCs/getUpdates?offset=461431511&timeout=20 HTTP/1.1" 409 143
Sat, 12 May 2018 16:13:47 ERROR    ApiException occurred, args=('A request to the Telegram API was unsuccessful. The server returned HTTP 409 Conflict. Response body:\n[b\'{"ok":false,"error_code":409,"description":"Conflict: terminated by other getUpdates request; make sure that only one bot instance is running"}\']',)
Traceback (most recent call last):
  File "C:\Program Files\Python36\lib\site-packages\telebot\util.py", line 59, in run
    task(*args, **kwargs)
  File "C:\Program Files\Python36\lib\site-packages\telebot\__init__.py", line 159, in __retrieve_updates
    updates = self.get_updates(offset=(self.last_update_id + 1), timeout=timeout)
  File "C:\Program Files\Python36\lib\site-packages\telebot\__init__.py", line 129, in get_updates
    json_updates = apihelper.get_updates(self.token, offset, limit, timeout, allowed_updates)
  File "C:\Program Files\Python36\lib\site-packages\telebot\apihelper.py", line 175, in get_updates
    return _make_request(token, method_url, params=payload)
  File "C:\Program Files\Python36\lib\site-packages\telebot\apihelper.py", line 56, in _make_request
    return _check_result(method_name, result)['result']
  File "C:\Program Files\Python36\lib\site-packages\telebot\apihelper.py", line 75, in _check_result
    raise ApiException(msg, method_name, result)
telebot.apihelper.ApiException: A request to the Telegram API was unsuccessful. The server returned HTTP 409 Conflict. Response body:
[b'{"ok":false,"error_code":409,"description":"Conflict: terminated by other getUpdates request; make sure that only one bot instance is running"}']

Sat, 12 May 2018 16:13:47 ERROR    A request to the Telegram API was unsuccessful. The server returned HTTP 409 Conflict. Response body:
[b'{"ok":false,"error_code":409,"description":"Conflict: terminated by other getUpdates request; make sure that only one bot instance is running"}']
Sat, 12 May 2018 16:14:08 DEBUG    Starting new HTTPS connection (1): api.telegram.org
Sat, 12 May 2018 16:14:08 DEBUG    https://api.telegram.org:443 "POST /bot597935817:AAGAbCwCGnHD7yqsGLbPKXj1pNn-NaD8bCs/sendMessage?chat_id=562036772&text=%D0%92%D0%B0%D1%81+%D0%BF%D1%80%D0%B8%D0%B2%D0%B5%D1%82%D1%81%D1%82%D0%B2%D1%83%D0%B5%D1%82+%D0%B1%D0%BE%D1%82+DigitalCitizen%2C+%D0%B7%D0%B4%D0%B5%D1%81%D1%8C+%D0%B2%D1%8B+%D0%BC%D0%BE%D0%B6%D0%B5%D1%82%D0%B5+%D0%BF%D0%BE%D0%B4%D0%B0%D1%82%D1%8C+%D0%B2%D0%B0%D1%88%D1%83+%D0%B6%D0%B0%D0%BB%D0%BE%D0%B1%D1%83 HTTP/1.1" 200 569
Sat, 12 May 2018 16:14:08 DEBUG    https://api.telegram.org:443 "POST /bot597935817:AAGAbCwCGnHD7yqsGLbPKXj1pNn-NaD8bCs/sendMessage?chat_id=562036772&text=Whats+your+name%3F HTTP/1.1" 200 279
Sat, 12 May 2018 16:14:13 DEBUG    https://api.telegram.org:443 "GET /bot597935817:AAGAbCwCGnHD7yqsGLbPKXj1pNn-NaD8bCs/getUpdates?offset=461431512&timeout=20 HTTP/1.1" 200 336
Sat, 12 May 2018 16:14:13 DEBUG    Starting new HTTPS connection (1): api.telegram.org
Sat, 12 May 2018 16:14:14 DEBUG    https://api.telegram.org:443 "POST /bot597935817:AAGAbCwCGnHD7yqsGLbPKXj1pNn-NaD8bCs/sendMessage?chat_id=562036772&text=Write+your+addres+and+city HTTP/1.1" 200 289
Sat, 12 May 2018 16:14:19 DEBUG    https://api.telegram.org:443 "GET /bot597935817:AAGAbCwCGnHD7yqsGLbPKXj1pNn-NaD8bCs/getUpdates?offset=461431513&timeout=20 HTTP/1.1" 200 338
Sat, 12 May 2018 16:14:19 DEBUG    https://api.telegram.org:443 "POST /bot597935817:AAGAbCwCGnHD7yqsGLbPKXj1pNn-NaD8bCs/sendMessage?chat_id=562036772&text=How+old+are+you%3F HTTP/1.1" 200 279
Sat, 12 May 2018 16:14:21 DEBUG    https://api.telegram.org:443 "GET /bot597935817:AAGAbCwCGnHD7yqsGLbPKXj1pNn-NaD8bCs/getUpdates?offset=461431514&timeout=20 HTTP/1.1" 200 334
Sat, 12 May 2018 16:14:21 DEBUG    https://api.telegram.org:443 "POST /bot597935817:AAGAbCwCGnHD7yqsGLbPKXj1pNn-NaD8bCs/sendMessage?chat_id=562036772&text=Write+essence+of+complaint HTTP/1.1" 200 289
Sat, 12 May 2018 16:14:24 DEBUG    https://api.telegram.org:443 "GET /bot597935817:AAGAbCwCGnHD7yqsGLbPKXj1pNn-NaD8bCs/getUpdates?offset=461431515&timeout=20 HTTP/1.1" 200 336
Sat, 12 May 2018 16:14:24 DEBUG    https://api.telegram.org:443 "POST /bot597935817:AAGAbCwCGnHD7yqsGLbPKXj1pNn-NaD8bCs/sendMessage?chat_id=562036772&text=%D0%95%D1%81%D0%BB%D0%B8+%D0%B2%D1%81%D0%B5+%D0%B4%D0%B0%D0%BD%D0%BD%D1%8B%D0%B5+%D0%B2%D0%B5%D1%80%D0%BD%D1%8B+%D0%BD%D0%B0%D0%B6%D0%BC%D0%B8%D1%82%D0%B5+%27%D0%9E%D1%82%D0%BF%D1%80%D0%B0%D0%B2%D0%B8%D1%82%D1%8C%27%2C+%D0%B2+%D0%BF%D1%80%D0%BE%D1%82%D0%B8%D0%B2%D0%BD%D0%BE%D0%BC+%D1%81%D0%BB%D1%83%D1%87%D0%B0%D0%B5+%D0%B2%D0%B2%D0%B5%D0%B4%D0%B8%D1%82%D0%B5+%D0%B4%D0%B0%D0%BD%D0%BD%D1%8B%D0%B5+%D0%B7%D0%B0%D0%BD%D0%BE%D0%B2%D0%BE+%D0%BD%D0%B0%D0%B6%D0%B0%D0%B2+%D0%BD%D0%B0+%2Fstart&reply_markup=%7B%22keyboard%22%3A+%5B%5B%7B%22text%22%3A+%22%5Cu041e%5Cu0442%5Cu043f%5Cu0440%5Cu0430%5Cu0432%5Cu0438%5Cu0442%5Cu044c%22%7D%5D%5D%2C+%22resize_keyboard%22%3A+true%7D HTTP/1.1" 200 801
Sat, 12 May 2018 16:14:25 DEBUG    https://api.telegram.org:443 "GET /bot597935817:AAGAbCwCGnHD7yqsGLbPKXj1pNn-NaD8bCs/getUpdates?offset=461431516&timeout=20 HTTP/1.1" 200 386
Sat, 12 May 2018 16:14:26 DEBUG    https://api.telegram.org:443 "POST /bot597935817:AAGAbCwCGnHD7yqsGLbPKXj1pNn-NaD8bCs/sendMessage?chat_id=562036772&text=%D0%9F%D0%BE%D0%B7%D0%B4%D1%80%D0%B0%D0%B2%D0%BB%D1%8F%D1%8E+%D0%B2%D1%8B+%D0%BF%D1%80%D0%BE%D1%88%D0%BB%D0%B8+%D1%80%D0%B5%D0%B3%D0%B8%D1%81%D1%82%D1%80%D0%B0%D1%86%D0%B8%D1%8E%2C+%D0%B2%D0%B0%D1%88%D0%B0+%D0%B7%D0%B0%D1%8F%D0%B2%D0%BA%D0%B0+%D0%BD%D0%B0%D1%85%D0%BE%D0%B4%D0%B8%D1%82%D1%81%D1%8F+%D0%BD%D0%B0+%D1%80%D0%B0%D1%81%D1%81%D0%BC%D0%BE%D1%82%D1%80%D0%B5%D0%BD%D0%B8%D0%B8+%D0%B0%D0%B4%D0%BC%D0%B8%D0%BD%D0%B8%D1%81%D1%82%D1%80%D0%B0%D1%86%D0%B8%D0%B8 HTTP/1.1" 200 723
Sat, 12 May 2018 16:14:46 DEBUG    https://api.telegram.org:443 "GET /bot597935817:AAGAbCwCGnHD7yqsGLbPKXj1pNn-NaD8bCs/getUpdates?offset=461431517&timeout=20 HTTP/1.1" 200 23
Sat, 12 May 2018 16:15:06 DEBUG    https://api.telegram.org:443 "GET /bot597935817:AAGAbCwCGnHD7yqsGLbPKXj1pNn-NaD8bCs/getUpdates?offset=461431517&timeout=20 HTTP/1.1" 200 23
Sat, 12 May 2018 16:15:31 DEBUG    https://api.telegram.org:443 "GET /bot597935817:AAGAbCwCGnHD7yqsGLbPKXj1pNn-NaD8bCs/getUpdates?offset=461431517&timeout=20 HTTP/1.1" 200 23
Sat, 12 May 2018 16:15:44 DEBUG    Starting new HTTPS connection (1): api.telegram.org
Sat, 12 May 2018 16:15:44 DEBUG    https://api.telegram.org:443 "POST /bot597935817:AAGAbCwCGnHD7yqsGLbPKXj1pNn-NaD8bCs/sendMessage?chat_id=562036772&text=%D0%92%D0%B0%D1%81+%D0%BF%D1%80%D0%B8%D0%B2%D0%B5%D1%82%D1%81%D1%82%D0%B2%D1%83%D0%B5%D1%82+%D0%B1%D0%BE%D1%82+DigitalCitizen%2C+%D0%B7%D0%B4%D0%B5%D1%81%D1%8C+%D0%B2%D1%8B+%D0%BC%D0%BE%D0%B6%D0%B5%D1%82%D0%B5+%D0%BF%D0%BE%D0%B4%D0%B0%D1%82%D1%8C+%D0%B2%D0%B0%D1%88%D1%83+%D0%B6%D0%B0%D0%BB%D0%BE%D0%B1%D1%83 HTTP/1.1" 200 569
Sat, 12 May 2018 16:15:44 DEBUG    https://api.telegram.org:443 "POST /bot597935817:AAGAbCwCGnHD7yqsGLbPKXj1pNn-NaD8bCs/sendMessage?chat_id=562036772&text=Whats+your+name%3F HTTP/1.1" 200 279
Sat, 12 May 2018 16:15:52 DEBUG    https://api.telegram.org:443 "GET /bot597935817:AAGAbCwCGnHD7yqsGLbPKXj1pNn-NaD8bCs/getUpdates?offset=461431518&timeout=20 HTTP/1.1" 200 336
Sat, 12 May 2018 16:15:52 DEBUG    Starting new HTTPS connection (1): api.telegram.org
Sat, 12 May 2018 16:15:53 DEBUG    https://api.telegram.org:443 "POST /bot597935817:AAGAbCwCGnHD7yqsGLbPKXj1pNn-NaD8bCs/sendMessage?chat_id=562036772&text=Write+your+addres+and+city HTTP/1.1" 200 289
Sat, 12 May 2018 16:15:58 DEBUG    https://api.telegram.org:443 "GET /bot597935817:AAGAbCwCGnHD7yqsGLbPKXj1pNn-NaD8bCs/getUpdates?offset=461431519&timeout=20 HTTP/1.1" 200 338
Sat, 12 May 2018 16:15:58 DEBUG    https://api.telegram.org:443 "POST /bot597935817:AAGAbCwCGnHD7yqsGLbPKXj1pNn-NaD8bCs/sendMessage?chat_id=562036772&text=How+old+are+you%3F HTTP/1.1" 200 279
Sat, 12 May 2018 16:16:02 DEBUG    https://api.telegram.org:443 "GET /bot597935817:AAGAbCwCGnHD7yqsGLbPKXj1pNn-NaD8bCs/getUpdates?offset=461431520&timeout=20 HTTP/1.1" 200 334
Sat, 12 May 2018 16:16:04 DEBUG    https://api.telegram.org:443 "POST /bot597935817:AAGAbCwCGnHD7yqsGLbPKXj1pNn-NaD8bCs/sendMessage?chat_id=562036772&text=Write+essence+of+complaint HTTP/1.1" 200 289
Sat, 12 May 2018 16:16:12 DEBUG    https://api.telegram.org:443 "GET /bot597935817:AAGAbCwCGnHD7yqsGLbPKXj1pNn-NaD8bCs/getUpdates?offset=461431521&timeout=20 HTTP/1.1" 200 336
Sat, 12 May 2018 16:16:12 DEBUG    https://api.telegram.org:443 "POST /bot597935817:AAGAbCwCGnHD7yqsGLbPKXj1pNn-NaD8bCs/sendMessage?chat_id=562036772&text=%D0%95%D1%81%D0%BB%D0%B8+%D0%B2%D1%81%D0%B5+%D0%B4%D0%B0%D0%BD%D0%BD%D1%8B%D0%B5+%D0%B2%D0%B5%D1%80%D0%BD%D1%8B+%D0%BD%D0%B0%D0%B6%D0%BC%D0%B8%D1%82%D0%B5+%27%D0%9E%D1%82%D0%BF%D1%80%D0%B0%D0%B2%D0%B8%D1%82%D1%8C%27%2C+%D0%B2+%D0%BF%D1%80%D0%BE%D1%82%D0%B8%D0%B2%D0%BD%D0%BE%D0%BC+%D1%81%D0%BB%D1%83%D1%87%D0%B0%D0%B5+%D0%B2%D0%B2%D0%B5%D0%B4%D0%B8%D1%82%D0%B5+%D0%B4%D0%B0%D0%BD%D0%BD%D1%8B%D0%B5+%D0%B7%D0%B0%D0%BD%D0%BE%D0%B2%D0%BE+%D0%BD%D0%B0%D0%B6%D0%B0%D0%B2+%D0%BD%D0%B0+%2Fstart&reply_markup=%7B%22keyboard%22%3A+%5B%5B%7B%22text%22%3A+%22%5Cu041e%5Cu0442%5Cu043f%5Cu0440%5Cu0430%5Cu0432%5Cu0438%5Cu0442%5Cu044c%22%7D%5D%5D%2C+%22resize_keyboard%22%3A+true%7D HTTP/1.1" 200 801
Sat, 12 May 2018 16:16:15 DEBUG    https://api.telegram.org:443 "GET /bot597935817:AAGAbCwCGnHD7yqsGLbPKXj1pNn-NaD8bCs/getUpdates?offset=461431522&timeout=20 HTTP/1.1" 200 396
Sat, 12 May 2018 16:16:35 DEBUG    https://api.telegram.org:443 "GET /bot597935817:AAGAbCwCGnHD7yqsGLbPKXj1pNn-NaD8bCs/getUpdates?offset=461431523&timeout=20 HTTP/1.1" 200 23
Sat, 12 May 2018 16:16:55 DEBUG    https://api.telegram.org:443 "GET /bot597935817:AAGAbCwCGnHD7yqsGLbPKXj1pNn-NaD8bCs/getUpdates?offset=461431523&timeout=20 HTTP/1.1" 200 23
Sat, 12 May 2018 16:17:03 DEBUG    https://api.telegram.org:443 "GET /bot597935817:AAGAbCwCGnHD7yqsGLbPKXj1pNn-NaD8bCs/getUpdates?offset=461431523&timeout=20 HTTP/1.1" 200 396
Sat, 12 May 2018 16:17:03 DEBUG    https://api.telegram.org:443 "POST /bot597935817:AAGAbCwCGnHD7yqsGLbPKXj1pNn-NaD8bCs/sendMessage?chat_id=562036772&text=%D0%92%D0%B0%D1%81+%D0%BF%D1%80%D0%B8%D0%B2%D0%B5%D1%82%D1%81%D1%82%D0%B2%D1%83%D0%B5%D1%82+%D0%B1%D0%BE%D1%82+DigitalCitizen%2C+%D0%B7%D0%B4%D0%B5%D1%81%D1%8C+%D0%B2%D1%8B+%D0%BC%D0%BE%D0%B6%D0%B5%D1%82%D0%B5+%D0%BF%D0%BE%D0%B4%D0%B0%D1%82%D1%8C+%D0%B2%D0%B0%D1%88%D1%83+%D0%B6%D0%B0%D0%BB%D0%BE%D0%B1%D1%83 HTTP/1.1" 200 569
Sat, 12 May 2018 16:17:03 DEBUG    https://api.telegram.org:443 "POST /bot597935817:AAGAbCwCGnHD7yqsGLbPKXj1pNn-NaD8bCs/sendMessage?chat_id=562036772&text=Whats+your+name%3F HTTP/1.1" 200 279
Sat, 12 May 2018 16:33:54 DEBUG    Starting new HTTPS connection (1): api.telegram.org
Sat, 12 May 2018 16:33:55 DEBUG    https://api.telegram.org:443 "POST /bot597935817:AAGAbCwCGnHD7yqsGLbPKXj1pNn-NaD8bCs/sendMessage?chat_id=562036772&text=%D0%92%D0%B0%D1%81+%D0%BF%D1%80%D0%B8%D0%B2%D0%B5%D1%82%D1%81%D1%82%D0%B2%D1%83%D0%B5%D1%82+%D0%B1%D0%BE%D1%82+DigitalCitizen%2C+%D0%B7%D0%B4%D0%B5%D1%81%D1%8C+%D0%B2%D1%8B+%D0%BC%D0%BE%D0%B6%D0%B5%D1%82%D0%B5+%D0%BF%D0%BE%D0%B4%D0%B0%D1%82%D1%8C+%D0%B2%D0%B0%D1%88%D1%83+%D0%B6%D0%B0%D0%BB%D0%BE%D0%B1%D1%83 HTTP/1.1" 200 569
Sat, 12 May 2018 16:33:55 DEBUG    https://api.telegram.org:443 "POST /bot597935817:AAGAbCwCGnHD7yqsGLbPKXj1pNn-NaD8bCs/sendMessage?chat_id=562036772&text=Whats+your+name%3F HTTP/1.1" 200 279
Sat, 12 May 2018 16:33:57 DEBUG    https://api.telegram.org:443 "GET /bot597935817:AAGAbCwCGnHD7yqsGLbPKXj1pNn-NaD8bCs/getUpdates?offset=461431525&timeout=20 HTTP/1.1" 409 143
Sat, 12 May 2018 16:33:57 ERROR    ApiException occurred, args=('A request to the Telegram API was unsuccessful. The server returned HTTP 409 Conflict. Response body:\n[b\'{"ok":false,"error_code":409,"description":"Conflict: terminated by other getUpdates request; make sure that only one bot instance is running"}\']',)
Traceback (most recent call last):
  File "C:\Program Files\Python36\lib\site-packages\telebot\util.py", line 59, in run
    task(*args, **kwargs)
  File "C:\Program Files\Python36\lib\site-packages\telebot\__init__.py", line 159, in __retrieve_updates
    updates = self.get_updates(offset=(self.last_update_id + 1), timeout=timeout)
  File "C:\Program Files\Python36\lib\site-packages\telebot\__init__.py", line 129, in get_updates
    json_updates = apihelper.get_updates(self.token, offset, limit, timeout, allowed_updates)
  File "C:\Program Files\Python36\lib\site-packages\telebot\apihelper.py", line 175, in get_updates
    return _make_request(token, method_url, params=payload)
  File "C:\Program Files\Python36\lib\site-packages\telebot\apihelper.py", line 56, in _make_request
    return _check_result(method_name, result)['result']
  File "C:\Program Files\Python36\lib\site-packages\telebot\apihelper.py", line 75, in _check_result
    raise ApiException(msg, method_name, result)
telebot.apihelper.ApiException: A request to the Telegram API was unsuccessful. The server returned HTTP 409 Conflict. Response body:
[b'{"ok":false,"error_code":409,"description":"Conflict: terminated by other getUpdates request; make sure that only one bot instance is running"}']

Sat, 12 May 2018 16:33:57 ERROR    A request to the Telegram API was unsuccessful. The server returned HTTP 409 Conflict. Response body:
[b'{"ok":false,"error_code":409,"description":"Conflict: terminated by other getUpdates request; make sure that only one bot instance is running"}']
Sat, 12 May 2018 16:34:01 DEBUG    https://api.telegram.org:443 "GET /bot597935817:AAGAbCwCGnHD7yqsGLbPKXj1pNn-NaD8bCs/getUpdates?offset=461431525&timeout=20 HTTP/1.1" 409 143
Sat, 12 May 2018 16:34:01 ERROR    ApiException occurred, args=('A request to the Telegram API was unsuccessful. The server returned HTTP 409 Conflict. Response body:\n[b\'{"ok":false,"error_code":409,"description":"Conflict: terminated by other getUpdates request; make sure that only one bot instance is running"}\']',)
Traceback (most recent call last):
  File "C:\Program Files\Python36\lib\site-packages\telebot\util.py", line 59, in run
    task(*args, **kwargs)
  File "C:\Program Files\Python36\lib\site-packages\telebot\__init__.py", line 159, in __retrieve_updates
    updates = self.get_updates(offset=(self.last_update_id + 1), timeout=timeout)
  File "C:\Program Files\Python36\lib\site-packages\telebot\__init__.py", line 129, in get_updates
    json_updates = apihelper.get_updates(self.token, offset, limit, timeout, allowed_updates)
  File "C:\Program Files\Python36\lib\site-packages\telebot\apihelper.py", line 175, in get_updates
    return _make_request(token, method_url, params=payload)
  File "C:\Program Files\Python36\lib\site-packages\telebot\apihelper.py", line 56, in _make_request
    return _check_result(method_name, result)['result']
  File "C:\Program Files\Python36\lib\site-packages\telebot\apihelper.py", line 75, in _check_result
    raise ApiException(msg, method_name, result)
telebot.apihelper.ApiException: A request to the Telegram API was unsuccessful. The server returned HTTP 409 Conflict. Response body:
[b'{"ok":false,"error_code":409,"description":"Conflict: terminated by other getUpdates request; make sure that only one bot instance is running"}']

Sat, 12 May 2018 16:34:01 ERROR    A request to the Telegram API was unsuccessful. The server returned HTTP 409 Conflict. Response body:
[b'{"ok":false,"error_code":409,"description":"Conflict: terminated by other getUpdates request; make sure that only one bot instance is running"}']
Sat, 12 May 2018 16:34:05 DEBUG    https://api.telegram.org:443 "GET /bot597935817:AAGAbCwCGnHD7yqsGLbPKXj1pNn-NaD8bCs/getUpdates?offset=461431525&timeout=20 HTTP/1.1" 409 143
Sat, 12 May 2018 16:34:05 ERROR    ApiException occurred, args=('A request to the Telegram API was unsuccessful. The server returned HTTP 409 Conflict. Response body:\n[b\'{"ok":false,"error_code":409,"description":"Conflict: terminated by other getUpdates request; make sure that only one bot instance is running"}\']',)
Traceback (most recent call last):
  File "C:\Program Files\Python36\lib\site-packages\telebot\util.py", line 59, in run
    task(*args, **kwargs)
  File "C:\Program Files\Python36\lib\site-packages\telebot\__init__.py", line 159, in __retrieve_updates
    updates = self.get_updates(offset=(self.last_update_id + 1), timeout=timeout)
  File "C:\Program Files\Python36\lib\site-packages\telebot\__init__.py", line 129, in get_updates
    json_updates = apihelper.get_updates(self.token, offset, limit, timeout, allowed_updates)
  File "C:\Program Files\Python36\lib\site-packages\telebot\apihelper.py", line 175, in get_updates
    return _make_request(token, method_url, params=payload)
  File "C:\Program Files\Python36\lib\site-packages\telebot\apihelper.py", line 56, in _make_request
    return _check_result(method_name, result)['result']
  File "C:\Program Files\Python36\lib\site-packages\telebot\apihelper.py", line 75, in _check_result
    raise ApiException(msg, method_name, result)
telebot.apihelper.ApiException: A request to the Telegram API was unsuccessful. The server returned HTTP 409 Conflict. Response body:
[b'{"ok":false,"error_code":409,"description":"Conflict: terminated by other getUpdates request; make sure that only one bot instance is running"}']

Sat, 12 May 2018 16:34:05 ERROR    A request to the Telegram API was unsuccessful. The server returned HTTP 409 Conflict. Response body:
[b'{"ok":false,"error_code":409,"description":"Conflict: terminated by other getUpdates request; make sure that only one bot instance is running"}']
Sat, 12 May 2018 16:34:12 DEBUG    https://api.telegram.org:443 "GET /bot597935817:AAGAbCwCGnHD7yqsGLbPKXj1pNn-NaD8bCs/getUpdates?offset=461431525&timeout=20 HTTP/1.1" 409 143
Sat, 12 May 2018 16:34:12 ERROR    ApiException occurred, args=('A request to the Telegram API was unsuccessful. The server returned HTTP 409 Conflict. Response body:\n[b\'{"ok":false,"error_code":409,"description":"Conflict: terminated by other getUpdates request; make sure that only one bot instance is running"}\']',)
Traceback (most recent call last):
  File "C:\Program Files\Python36\lib\site-packages\telebot\util.py", line 59, in run
    task(*args, **kwargs)
  File "C:\Program Files\Python36\lib\site-packages\telebot\__init__.py", line 159, in __retrieve_updates
    updates = self.get_updates(offset=(self.last_update_id + 1), timeout=timeout)
  File "C:\Program Files\Python36\lib\site-packages\telebot\__init__.py", line 129, in get_updates
    json_updates = apihelper.get_updates(self.token, offset, limit, timeout, allowed_updates)
  File "C:\Program Files\Python36\lib\site-packages\telebot\apihelper.py", line 175, in get_updates
    return _make_request(token, method_url, params=payload)
  File "C:\Program Files\Python36\lib\site-packages\telebot\apihelper.py", line 56, in _make_request
    return _check_result(method_name, result)['result']
  File "C:\Program Files\Python36\lib\site-packages\telebot\apihelper.py", line 75, in _check_result
    raise ApiException(msg, method_name, result)
telebot.apihelper.ApiException: A request to the Telegram API was unsuccessful. The server returned HTTP 409 Conflict. Response body:
[b'{"ok":false,"error_code":409,"description":"Conflict: terminated by other getUpdates request; make sure that only one bot instance is running"}']

Sat, 12 May 2018 16:34:12 ERROR    A request to the Telegram API was unsuccessful. The server returned HTTP 409 Conflict. Response body:
[b'{"ok":false,"error_code":409,"description":"Conflict: terminated by other getUpdates request; make sure that only one bot instance is running"}']
Sat, 12 May 2018 16:34:17 DEBUG    https://api.telegram.org:443 "GET /bot597935817:AAGAbCwCGnHD7yqsGLbPKXj1pNn-NaD8bCs/getUpdates?offset=461431525&timeout=20 HTTP/1.1" 409 143
Sat, 12 May 2018 16:34:17 ERROR    ApiException occurred, args=('A request to the Telegram API was unsuccessful. The server returned HTTP 409 Conflict. Response body:\n[b\'{"ok":false,"error_code":409,"description":"Conflict: terminated by other getUpdates request; make sure that only one bot instance is running"}\']',)
Traceback (most recent call last):
  File "C:\Program Files\Python36\lib\site-packages\telebot\util.py", line 59, in run
    task(*args, **kwargs)
  File "C:\Program Files\Python36\lib\site-packages\telebot\__init__.py", line 159, in __retrieve_updates
    updates = self.get_updates(offset=(self.last_update_id + 1), timeout=timeout)
  File "C:\Program Files\Python36\lib\site-packages\telebot\__init__.py", line 129, in get_updates
    json_updates = apihelper.get_updates(self.token, offset, limit, timeout, allowed_updates)
  File "C:\Program Files\Python36\lib\site-packages\telebot\apihelper.py", line 175, in get_updates
    return _make_request(token, method_url, params=payload)
  File "C:\Program Files\Python36\lib\site-packages\telebot\apihelper.py", line 56, in _make_request
    return _check_result(method_name, result)['result']
  File "C:\Program Files\Python36\lib\site-packages\telebot\apihelper.py", line 75, in _check_result
    raise ApiException(msg, method_name, result)
telebot.apihelper.ApiException: A request to the Telegram API was unsuccessful. The server returned HTTP 409 Conflict. Response body:
[b'{"ok":false,"error_code":409,"description":"Conflict: terminated by other getUpdates request; make sure that only one bot instance is running"}']

Sat, 12 May 2018 16:34:17 ERROR    A request to the Telegram API was unsuccessful. The server returned HTTP 409 Conflict. Response body:
[b'{"ok":false,"error_code":409,"description":"Conflict: terminated by other getUpdates request; make sure that only one bot instance is running"}']
Sat, 12 May 2018 16:34:25 DEBUG    https://api.telegram.org:443 "GET /bot597935817:AAGAbCwCGnHD7yqsGLbPKXj1pNn-NaD8bCs/getUpdates?offset=461431525&timeout=20 HTTP/1.1" 409 143
Sat, 12 May 2018 16:34:25 ERROR    ApiException occurred, args=('A request to the Telegram API was unsuccessful. The server returned HTTP 409 Conflict. Response body:\n[b\'{"ok":false,"error_code":409,"description":"Conflict: terminated by other getUpdates request; make sure that only one bot instance is running"}\']',)
Traceback (most recent call last):
  File "C:\Program Files\Python36\lib\site-packages\telebot\util.py", line 59, in run
    task(*args, **kwargs)
  File "C:\Program Files\Python36\lib\site-packages\telebot\__init__.py", line 159, in __retrieve_updates
    updates = self.get_updates(offset=(self.last_update_id + 1), timeout=timeout)
  File "C:\Program Files\Python36\lib\site-packages\telebot\__init__.py", line 129, in get_updates
    json_updates = apihelper.get_updates(self.token, offset, limit, timeout, allowed_updates)
  File "C:\Program Files\Python36\lib\site-packages\telebot\apihelper.py", line 175, in get_updates
    return _make_request(token, method_url, params=payload)
  File "C:\Program Files\Python36\lib\site-packages\telebot\apihelper.py", line 56, in _make_request
    return _check_result(method_name, result)['result']
  File "C:\Program Files\Python36\lib\site-packages\telebot\apihelper.py", line 75, in _check_result
    raise ApiException(msg, method_name, result)
telebot.apihelper.ApiException: A request to the Telegram API was unsuccessful. The server returned HTTP 409 Conflict. Response body:
[b'{"ok":false,"error_code":409,"description":"Conflict: terminated by other getUpdates request; make sure that only one bot instance is running"}']

Sat, 12 May 2018 16:34:25 ERROR    A request to the Telegram API was unsuccessful. The server returned HTTP 409 Conflict. Response body:
[b'{"ok":false,"error_code":409,"description":"Conflict: terminated by other getUpdates request; make sure that only one bot instance is running"}']
Sat, 12 May 2018 16:34:45 DEBUG    https://api.telegram.org:443 "GET /bot597935817:AAGAbCwCGnHD7yqsGLbPKXj1pNn-NaD8bCs/getUpdates?offset=461431525&timeout=20 HTTP/1.1" 409 143
Sat, 12 May 2018 16:34:45 ERROR    ApiException occurred, args=('A request to the Telegram API was unsuccessful. The server returned HTTP 409 Conflict. Response body:\n[b\'{"ok":false,"error_code":409,"description":"Conflict: terminated by other getUpdates request; make sure that only one bot instance is running"}\']',)
Traceback (most recent call last):
  File "C:\Program Files\Python36\lib\site-packages\telebot\util.py", line 59, in run
    task(*args, **kwargs)
  File "C:\Program Files\Python36\lib\site-packages\telebot\__init__.py", line 159, in __retrieve_updates
    updates = self.get_updates(offset=(self.last_update_id + 1), timeout=timeout)
  File "C:\Program Files\Python36\lib\site-packages\telebot\__init__.py", line 129, in get_updates
    json_updates = apihelper.get_updates(self.token, offset, limit, timeout, allowed_updates)
  File "C:\Program Files\Python36\lib\site-packages\telebot\apihelper.py", line 175, in get_updates
    return _make_request(token, method_url, params=payload)
  File "C:\Program Files\Python36\lib\site-packages\telebot\apihelper.py", line 56, in _make_request
    return _check_result(method_name, result)['result']
  File "C:\Program Files\Python36\lib\site-packages\telebot\apihelper.py", line 75, in _check_result
    raise ApiException(msg, method_name, result)
telebot.apihelper.ApiException: A request to the Telegram API was unsuccessful. The server returned HTTP 409 Conflict. Response body:
[b'{"ok":false,"error_code":409,"description":"Conflict: terminated by other getUpdates request; make sure that only one bot instance is running"}']

Sat, 12 May 2018 16:34:45 ERROR    A request to the Telegram API was unsuccessful. The server returned HTTP 409 Conflict. Response body:
[b'{"ok":false,"error_code":409,"description":"Conflict: terminated by other getUpdates request; make sure that only one bot instance is running"}']
Sat, 12 May 2018 16:35:15 DEBUG    https://api.telegram.org:443 "GET /bot597935817:AAGAbCwCGnHD7yqsGLbPKXj1pNn-NaD8bCs/getUpdates?offset=461431525&timeout=20 HTTP/1.1" 200 336
Sat, 12 May 2018 16:35:15 DEBUG    Starting new HTTPS connection (1): api.telegram.org
Sat, 12 May 2018 16:35:16 DEBUG    https://api.telegram.org:443 "POST /bot597935817:AAGAbCwCGnHD7yqsGLbPKXj1pNn-NaD8bCs/sendMessage?chat_id=562036772&text=Write+your+addres+and+city HTTP/1.1" 200 289
Sat, 12 May 2018 16:35:21 DEBUG    https://api.telegram.org:443 "GET /bot597935817:AAGAbCwCGnHD7yqsGLbPKXj1pNn-NaD8bCs/getUpdates?offset=461431526&timeout=20 HTTP/1.1" 409 143
Sat, 12 May 2018 16:35:21 ERROR    ApiException occurred, args=('A request to the Telegram API was unsuccessful. The server returned HTTP 409 Conflict. Response body:\n[b\'{"ok":false,"error_code":409,"description":"Conflict: terminated by other getUpdates request; make sure that only one bot instance is running"}\']',)
Traceback (most recent call last):
  File "C:\Program Files\Python36\lib\site-packages\telebot\util.py", line 59, in run
    task(*args, **kwargs)
  File "C:\Program Files\Python36\lib\site-packages\telebot\__init__.py", line 159, in __retrieve_updates
    updates = self.get_updates(offset=(self.last_update_id + 1), timeout=timeout)
  File "C:\Program Files\Python36\lib\site-packages\telebot\__init__.py", line 129, in get_updates
    json_updates = apihelper.get_updates(self.token, offset, limit, timeout, allowed_updates)
  File "C:\Program Files\Python36\lib\site-packages\telebot\apihelper.py", line 175, in get_updates
    return _make_request(token, method_url, params=payload)
  File "C:\Program Files\Python36\lib\site-packages\telebot\apihelper.py", line 56, in _make_request
    return _check_result(method_name, result)['result']
  File "C:\Program Files\Python36\lib\site-packages\telebot\apihelper.py", line 75, in _check_result
    raise ApiException(msg, method_name, result)
telebot.apihelper.ApiException: A request to the Telegram API was unsuccessful. The server returned HTTP 409 Conflict. Response body:
[b'{"ok":false,"error_code":409,"description":"Conflict: terminated by other getUpdates request; make sure that only one bot instance is running"}']

Sat, 12 May 2018 16:35:21 ERROR    A request to the Telegram API was unsuccessful. The server returned HTTP 409 Conflict. Response body:
[b'{"ok":false,"error_code":409,"description":"Conflict: terminated by other getUpdates request; make sure that only one bot instance is running"}']
Sat, 12 May 2018 16:35:23 DEBUG    https://api.telegram.org:443 "GET /bot597935817:AAGAbCwCGnHD7yqsGLbPKXj1pNn-NaD8bCs/getUpdates?offset=461431526&timeout=20 HTTP/1.1" 200 338
Sat, 12 May 2018 16:35:23 DEBUG    https://api.telegram.org:443 "POST /bot597935817:AAGAbCwCGnHD7yqsGLbPKXj1pNn-NaD8bCs/sendMessage?chat_id=562036772&text=How+old+are+you%3F HTTP/1.1" 200 279
Sat, 12 May 2018 16:35:26 DEBUG    https://api.telegram.org:443 "GET /bot597935817:AAGAbCwCGnHD7yqsGLbPKXj1pNn-NaD8bCs/getUpdates?offset=461431527&timeout=20 HTTP/1.1" 200 334
Sat, 12 May 2018 16:35:26 DEBUG    https://api.telegram.org:443 "POST /bot597935817:AAGAbCwCGnHD7yqsGLbPKXj1pNn-NaD8bCs/sendMessage?chat_id=562036772&text=Write+essence+of+complaint HTTP/1.1" 200 289
Sat, 12 May 2018 16:35:30 DEBUG    https://api.telegram.org:443 "GET /bot597935817:AAGAbCwCGnHD7yqsGLbPKXj1pNn-NaD8bCs/getUpdates?offset=461431528&timeout=20 HTTP/1.1" 200 336
Sat, 12 May 2018 16:35:30 DEBUG    https://api.telegram.org:443 "POST /bot597935817:AAGAbCwCGnHD7yqsGLbPKXj1pNn-NaD8bCs/sendMessage?chat_id=562036772&text=%D0%95%D1%81%D0%BB%D0%B8+%D0%B2%D1%81%D0%B5+%D0%B4%D0%B0%D0%BD%D0%BD%D1%8B%D0%B5+%D0%B2%D0%B5%D1%80%D0%BD%D1%8B+%D0%BD%D0%B0%D0%B6%D0%BC%D0%B8%D1%82%D0%B5+%27%D0%9E%D1%82%D0%BF%D1%80%D0%B0%D0%B2%D0%B8%D1%82%D1%8C%27%2C+%D0%B2+%D0%BF%D1%80%D0%BE%D1%82%D0%B8%D0%B2%D0%BD%D0%BE%D0%BC+%D1%81%D0%BB%D1%83%D1%87%D0%B0%D0%B5+%D0%B2%D0%B2%D0%B5%D0%B4%D0%B8%D1%82%D0%B5+%D0%B4%D0%B0%D0%BD%D0%BD%D1%8B%D0%B5+%D0%B7%D0%B0%D0%BD%D0%BE%D0%B2%D0%BE+%D0%BD%D0%B0%D0%B6%D0%B0%D0%B2+%D0%BD%D0%B0+%2Fstart&reply_markup=%7B%22keyboard%22%3A+%5B%5B%7B%22text%22%3A+%22%5Cu041e%5Cu0442%5Cu043f%5Cu0440%5Cu0430%5Cu0432%5Cu0438%5Cu0442%5Cu044c%22%7D%5D%5D%2C+%22resize_keyboard%22%3A+true%7D HTTP/1.1" 200 801
Sat, 12 May 2018 16:35:33 DEBUG    https://api.telegram.org:443 "GET /bot597935817:AAGAbCwCGnHD7yqsGLbPKXj1pNn-NaD8bCs/getUpdates?offset=461431529&timeout=20 HTTP/1.1" 200 386
Sat, 12 May 2018 16:35:34 DEBUG    https://api.telegram.org:443 "GET /bot597935817:AAGAbCwCGnHD7yqsGLbPKXj1pNn-NaD8bCs/getUpdates?offset=461431530&timeout=20 HTTP/1.1" 409 143
Sat, 12 May 2018 16:35:34 ERROR    ApiException occurred, args=('A request to the Telegram API was unsuccessful. The server returned HTTP 409 Conflict. Response body:\n[b\'{"ok":false,"error_code":409,"description":"Conflict: terminated by other getUpdates request; make sure that only one bot instance is running"}\']',)
Traceback (most recent call last):
  File "C:\Program Files\Python36\lib\site-packages\telebot\util.py", line 59, in run
    task(*args, **kwargs)
  File "C:\Program Files\Python36\lib\site-packages\telebot\__init__.py", line 159, in __retrieve_updates
    updates = self.get_updates(offset=(self.last_update_id + 1), timeout=timeout)
  File "C:\Program Files\Python36\lib\site-packages\telebot\__init__.py", line 129, in get_updates
    json_updates = apihelper.get_updates(self.token, offset, limit, timeout, allowed_updates)
  File "C:\Program Files\Python36\lib\site-packages\telebot\apihelper.py", line 175, in get_updates
    return _make_request(token, method_url, params=payload)
  File "C:\Program Files\Python36\lib\site-packages\telebot\apihelper.py", line 56, in _make_request
    return _check_result(method_name, result)['result']
  File "C:\Program Files\Python36\lib\site-packages\telebot\apihelper.py", line 75, in _check_result
    raise ApiException(msg, method_name, result)
telebot.apihelper.ApiException: A request to the Telegram API was unsuccessful. The server returned HTTP 409 Conflict. Response body:
[b'{"ok":false,"error_code":409,"description":"Conflict: terminated by other getUpdates request; make sure that only one bot instance is running"}']

Sat, 12 May 2018 16:35:34 ERROR    A request to the Telegram API was unsuccessful. The server returned HTTP 409 Conflict. Response body:
[b'{"ok":false,"error_code":409,"description":"Conflict: terminated by other getUpdates request; make sure that only one bot instance is running"}']
Sat, 12 May 2018 16:35:34 DEBUG    https://api.telegram.org:443 "POST /bot597935817:AAGAbCwCGnHD7yqsGLbPKXj1pNn-NaD8bCs/sendMessage?chat_id=562036772&text=%D0%9F%D0%BE%D0%B7%D0%B4%D1%80%D0%B0%D0%B2%D0%BB%D1%8F%D1%8E+%D0%B2%D1%8B+%D0%BF%D1%80%D0%BE%D1%88%D0%BB%D0%B8+%D1%80%D0%B5%D0%B3%D0%B8%D1%81%D1%82%D1%80%D0%B0%D1%86%D0%B8%D1%8E%2C+%D0%B2%D0%B0%D1%88%D0%B0+%D0%B7%D0%B0%D1%8F%D0%B2%D0%BA%D0%B0+%D0%BD%D0%B0%D1%85%D0%BE%D0%B4%D0%B8%D1%82%D1%81%D1%8F+%D0%BD%D0%B0+%D1%80%D0%B0%D1%81%D1%81%D0%BC%D0%BE%D1%82%D1%80%D0%B5%D0%BD%D0%B8%D0%B8+%D0%B0%D0%B4%D0%BC%D0%B8%D0%BD%D0%B8%D1%81%D1%82%D1%80%D0%B0%D1%86%D0%B8%D0%B8 HTTP/1.1" 200 723
Sat, 12 May 2018 16:35:49 DEBUG    https://api.telegram.org:443 "GET /bot597935817:AAGAbCwCGnHD7yqsGLbPKXj1pNn-NaD8bCs/getUpdates?offset=461431530&timeout=20 HTTP/1.1" 409 143
Sat, 12 May 2018 16:35:49 ERROR    ApiException occurred, args=('A request to the Telegram API was unsuccessful. The server returned HTTP 409 Conflict. Response body:\n[b\'{"ok":false,"error_code":409,"description":"Conflict: terminated by other getUpdates request; make sure that only one bot instance is running"}\']',)
Traceback (most recent call last):
  File "C:\Program Files\Python36\lib\site-packages\telebot\util.py", line 59, in run
    task(*args, **kwargs)
  File "C:\Program Files\Python36\lib\site-packages\telebot\__init__.py", line 159, in __retrieve_updates
    updates = self.get_updates(offset=(self.last_update_id + 1), timeout=timeout)
  File "C:\Program Files\Python36\lib\site-packages\telebot\__init__.py", line 129, in get_updates
    json_updates = apihelper.get_updates(self.token, offset, limit, timeout, allowed_updates)
  File "C:\Program Files\Python36\lib\site-packages\telebot\apihelper.py", line 175, in get_updates
    return _make_request(token, method_url, params=payload)
  File "C:\Program Files\Python36\lib\site-packages\telebot\apihelper.py", line 56, in _make_request
    return _check_result(method_name, result)['result']
  File "C:\Program Files\Python36\lib\site-packages\telebot\apihelper.py", line 75, in _check_result
    raise ApiException(msg, method_name, result)
telebot.apihelper.ApiException: A request to the Telegram API was unsuccessful. The server returned HTTP 409 Conflict. Response body:
[b'{"ok":false,"error_code":409,"description":"Conflict: terminated by other getUpdates request; make sure that only one bot instance is running"}']

Sat, 12 May 2018 16:35:49 ERROR    A request to the Telegram API was unsuccessful. The server returned HTTP 409 Conflict. Response body:
[b'{"ok":false,"error_code":409,"description":"Conflict: terminated by other getUpdates request; make sure that only one bot instance is running"}']
Sat, 12 May 2018 16:35:53 DEBUG    https://api.telegram.org:443 "GET /bot597935817:AAGAbCwCGnHD7yqsGLbPKXj1pNn-NaD8bCs/getUpdates?offset=461431530&timeout=20 HTTP/1.1" 409 143
Sat, 12 May 2018 16:35:53 ERROR    ApiException occurred, args=('A request to the Telegram API was unsuccessful. The server returned HTTP 409 Conflict. Response body:\n[b\'{"ok":false,"error_code":409,"description":"Conflict: terminated by other getUpdates request; make sure that only one bot instance is running"}\']',)
Traceback (most recent call last):
  File "C:\Program Files\Python36\lib\site-packages\telebot\util.py", line 59, in run
    task(*args, **kwargs)
  File "C:\Program Files\Python36\lib\site-packages\telebot\__init__.py", line 159, in __retrieve_updates
    updates = self.get_updates(offset=(self.last_update_id + 1), timeout=timeout)
  File "C:\Program Files\Python36\lib\site-packages\telebot\__init__.py", line 129, in get_updates
    json_updates = apihelper.get_updates(self.token, offset, limit, timeout, allowed_updates)
  File "C:\Program Files\Python36\lib\site-packages\telebot\apihelper.py", line 175, in get_updates
    return _make_request(token, method_url, params=payload)
  File "C:\Program Files\Python36\lib\site-packages\telebot\apihelper.py", line 56, in _make_request
    return _check_result(method_name, result)['result']
  File "C:\Program Files\Python36\lib\site-packages\telebot\apihelper.py", line 75, in _check_result
    raise ApiException(msg, method_name, result)
telebot.apihelper.ApiException: A request to the Telegram API was unsuccessful. The server returned HTTP 409 Conflict. Response body:
[b'{"ok":false,"error_code":409,"description":"Conflict: terminated by other getUpdates request; make sure that only one bot instance is running"}']

Sat, 12 May 2018 16:35:53 ERROR    A request to the Telegram API was unsuccessful. The server returned HTTP 409 Conflict. Response body:
[b'{"ok":false,"error_code":409,"description":"Conflict: terminated by other getUpdates request; make sure that only one bot instance is running"}']
Sat, 12 May 2018 16:35:58 DEBUG    https://api.telegram.org:443 "GET /bot597935817:AAGAbCwCGnHD7yqsGLbPKXj1pNn-NaD8bCs/getUpdates?offset=461431530&timeout=20 HTTP/1.1" 409 143
Sat, 12 May 2018 16:35:58 ERROR    ApiException occurred, args=('A request to the Telegram API was unsuccessful. The server returned HTTP 409 Conflict. Response body:\n[b\'{"ok":false,"error_code":409,"description":"Conflict: terminated by other getUpdates request; make sure that only one bot instance is running"}\']',)
Traceback (most recent call last):
  File "C:\Program Files\Python36\lib\site-packages\telebot\util.py", line 59, in run
    task(*args, **kwargs)
  File "C:\Program Files\Python36\lib\site-packages\telebot\__init__.py", line 159, in __retrieve_updates
    updates = self.get_updates(offset=(self.last_update_id + 1), timeout=timeout)
  File "C:\Program Files\Python36\lib\site-packages\telebot\__init__.py", line 129, in get_updates
    json_updates = apihelper.get_updates(self.token, offset, limit, timeout, allowed_updates)
  File "C:\Program Files\Python36\lib\site-packages\telebot\apihelper.py", line 175, in get_updates
    return _make_request(token, method_url, params=payload)
  File "C:\Program Files\Python36\lib\site-packages\telebot\apihelper.py", line 56, in _make_request
    return _check_result(method_name, result)['result']
  File "C:\Program Files\Python36\lib\site-packages\telebot\apihelper.py", line 75, in _check_result
    raise ApiException(msg, method_name, result)
telebot.apihelper.ApiException: A request to the Telegram API was unsuccessful. The server returned HTTP 409 Conflict. Response body:
[b'{"ok":false,"error_code":409,"description":"Conflict: terminated by other getUpdates request; make sure that only one bot instance is running"}']

Sat, 12 May 2018 16:35:58 ERROR    A request to the Telegram API was unsuccessful. The server returned HTTP 409 Conflict. Response body:
[b'{"ok":false,"error_code":409,"description":"Conflict: terminated by other getUpdates request; make sure that only one bot instance is running"}']
Sat, 12 May 2018 16:36:04 DEBUG    https://api.telegram.org:443 "GET /bot597935817:AAGAbCwCGnHD7yqsGLbPKXj1pNn-NaD8bCs/getUpdates?offset=461431530&timeout=20 HTTP/1.1" 409 143
Sat, 12 May 2018 16:36:04 ERROR    ApiException occurred, args=('A request to the Telegram API was unsuccessful. The server returned HTTP 409 Conflict. Response body:\n[b\'{"ok":false,"error_code":409,"description":"Conflict: terminated by other getUpdates request; make sure that only one bot instance is running"}\']',)
Traceback (most recent call last):
  File "C:\Program Files\Python36\lib\site-packages\telebot\util.py", line 59, in run
    task(*args, **kwargs)
  File "C:\Program Files\Python36\lib\site-packages\telebot\__init__.py", line 159, in __retrieve_updates
    updates = self.get_updates(offset=(self.last_update_id + 1), timeout=timeout)
  File "C:\Program Files\Python36\lib\site-packages\telebot\__init__.py", line 129, in get_updates
    json_updates = apihelper.get_updates(self.token, offset, limit, timeout, allowed_updates)
  File "C:\Program Files\Python36\lib\site-packages\telebot\apihelper.py", line 175, in get_updates
    return _make_request(token, method_url, params=payload)
  File "C:\Program Files\Python36\lib\site-packages\telebot\apihelper.py", line 56, in _make_request
    return _check_result(method_name, result)['result']
  File "C:\Program Files\Python36\lib\site-packages\telebot\apihelper.py", line 75, in _check_result
    raise ApiException(msg, method_name, result)
telebot.apihelper.ApiException: A request to the Telegram API was unsuccessful. The server returned HTTP 409 Conflict. Response body:
[b'{"ok":false,"error_code":409,"description":"Conflict: terminated by other getUpdates request; make sure that only one bot instance is running"}']

Sat, 12 May 2018 16:36:04 ERROR    A request to the Telegram API was unsuccessful. The server returned HTTP 409 Conflict. Response body:
[b'{"ok":false,"error_code":409,"description":"Conflict: terminated by other getUpdates request; make sure that only one bot instance is running"}']
Sat, 12 May 2018 16:36:13 DEBUG    https://api.telegram.org:443 "GET /bot597935817:AAGAbCwCGnHD7yqsGLbPKXj1pNn-NaD8bCs/getUpdates?offset=461431530&timeout=20 HTTP/1.1" 409 143
Sat, 12 May 2018 16:36:13 ERROR    ApiException occurred, args=('A request to the Telegram API was unsuccessful. The server returned HTTP 409 Conflict. Response body:\n[b\'{"ok":false,"error_code":409,"description":"Conflict: terminated by other getUpdates request; make sure that only one bot instance is running"}\']',)
Traceback (most recent call last):
  File "C:\Program Files\Python36\lib\site-packages\telebot\util.py", line 59, in run
    task(*args, **kwargs)
  File "C:\Program Files\Python36\lib\site-packages\telebot\__init__.py", line 159, in __retrieve_updates
    updates = self.get_updates(offset=(self.last_update_id + 1), timeout=timeout)
  File "C:\Program Files\Python36\lib\site-packages\telebot\__init__.py", line 129, in get_updates
    json_updates = apihelper.get_updates(self.token, offset, limit, timeout, allowed_updates)
  File "C:\Program Files\Python36\lib\site-packages\telebot\apihelper.py", line 175, in get_updates
    return _make_request(token, method_url, params=payload)
  File "C:\Program Files\Python36\lib\site-packages\telebot\apihelper.py", line 56, in _make_request
    return _check_result(method_name, result)['result']
  File "C:\Program Files\Python36\lib\site-packages\telebot\apihelper.py", line 75, in _check_result
    raise ApiException(msg, method_name, result)
telebot.apihelper.ApiException: A request to the Telegram API was unsuccessful. The server returned HTTP 409 Conflict. Response body:
[b'{"ok":false,"error_code":409,"description":"Conflict: terminated by other getUpdates request; make sure that only one bot instance is running"}']

Sat, 12 May 2018 16:36:13 ERROR    A request to the Telegram API was unsuccessful. The server returned HTTP 409 Conflict. Response body:
[b'{"ok":false,"error_code":409,"description":"Conflict: terminated by other getUpdates request; make sure that only one bot instance is running"}']
Sat, 12 May 2018 16:36:25 DEBUG    https://api.telegram.org:443 "GET /bot597935817:AAGAbCwCGnHD7yqsGLbPKXj1pNn-NaD8bCs/getUpdates?offset=461431530&timeout=20 HTTP/1.1" 409 143
Sat, 12 May 2018 16:36:25 ERROR    ApiException occurred, args=('A request to the Telegram API was unsuccessful. The server returned HTTP 409 Conflict. Response body:\n[b\'{"ok":false,"error_code":409,"description":"Conflict: terminated by other getUpdates request; make sure that only one bot instance is running"}\']',)
Traceback (most recent call last):
  File "C:\Program Files\Python36\lib\site-packages\telebot\util.py", line 59, in run
    task(*args, **kwargs)
  File "C:\Program Files\Python36\lib\site-packages\telebot\__init__.py", line 159, in __retrieve_updates
    updates = self.get_updates(offset=(self.last_update_id + 1), timeout=timeout)
  File "C:\Program Files\Python36\lib\site-packages\telebot\__init__.py", line 129, in get_updates
    json_updates = apihelper.get_updates(self.token, offset, limit, timeout, allowed_updates)
  File "C:\Program Files\Python36\lib\site-packages\telebot\apihelper.py", line 175, in get_updates
    return _make_request(token, method_url, params=payload)
  File "C:\Program Files\Python36\lib\site-packages\telebot\apihelper.py", line 56, in _make_request
    return _check_result(method_name, result)['result']
  File "C:\Program Files\Python36\lib\site-packages\telebot\apihelper.py", line 75, in _check_result
    raise ApiException(msg, method_name, result)
telebot.apihelper.ApiException: A request to the Telegram API was unsuccessful. The server returned HTTP 409 Conflict. Response body:
[b'{"ok":false,"error_code":409,"description":"Conflict: terminated by other getUpdates request; make sure that only one bot instance is running"}']

Sat, 12 May 2018 16:36:25 ERROR    A request to the Telegram API was unsuccessful. The server returned HTTP 409 Conflict. Response body:
[b'{"ok":false,"error_code":409,"description":"Conflict: terminated by other getUpdates request; make sure that only one bot instance is running"}']
Sat, 12 May 2018 16:37:02 DEBUG    https://api.telegram.org:443 "GET /bot597935817:AAGAbCwCGnHD7yqsGLbPKXj1pNn-NaD8bCs/getUpdates?offset=461431530&timeout=20 HTTP/1.1" 200 23
Sat, 12 May 2018 16:37:22 DEBUG    https://api.telegram.org:443 "GET /bot597935817:AAGAbCwCGnHD7yqsGLbPKXj1pNn-NaD8bCs/getUpdates?offset=461431530&timeout=20 HTTP/1.1" 200 23
Sat, 12 May 2018 16:37:34 DEBUG    https://api.telegram.org:443 "GET /bot597935817:AAGAbCwCGnHD7yqsGLbPKXj1pNn-NaD8bCs/getUpdates?offset=461431530&timeout=20 HTTP/1.1" 409 143
Sat, 12 May 2018 16:37:34 ERROR    ApiException occurred, args=('A request to the Telegram API was unsuccessful. The server returned HTTP 409 Conflict. Response body:\n[b\'{"ok":false,"error_code":409,"description":"Conflict: terminated by other getUpdates request; make sure that only one bot instance is running"}\']',)
Traceback (most recent call last):
  File "C:\Program Files\Python36\lib\site-packages\telebot\util.py", line 59, in run
    task(*args, **kwargs)
  File "C:\Program Files\Python36\lib\site-packages\telebot\__init__.py", line 159, in __retrieve_updates
    updates = self.get_updates(offset=(self.last_update_id + 1), timeout=timeout)
  File "C:\Program Files\Python36\lib\site-packages\telebot\__init__.py", line 129, in get_updates
    json_updates = apihelper.get_updates(self.token, offset, limit, timeout, allowed_updates)
  File "C:\Program Files\Python36\lib\site-packages\telebot\apihelper.py", line 175, in get_updates
    return _make_request(token, method_url, params=payload)
  File "C:\Program Files\Python36\lib\site-packages\telebot\apihelper.py", line 56, in _make_request
    return _check_result(method_name, result)['result']
  File "C:\Program Files\Python36\lib\site-packages\telebot\apihelper.py", line 75, in _check_result
    raise ApiException(msg, method_name, result)
telebot.apihelper.ApiException: A request to the Telegram API was unsuccessful. The server returned HTTP 409 Conflict. Response body:
[b'{"ok":false,"error_code":409,"description":"Conflict: terminated by other getUpdates request; make sure that only one bot instance is running"}']

Sat, 12 May 2018 16:37:34 ERROR    A request to the Telegram API was unsuccessful. The server returned HTTP 409 Conflict. Response body:
[b'{"ok":false,"error_code":409,"description":"Conflict: terminated by other getUpdates request; make sure that only one bot instance is running"}']
Sat, 12 May 2018 16:37:54 DEBUG    https://api.telegram.org:443 "GET /bot597935817:AAGAbCwCGnHD7yqsGLbPKXj1pNn-NaD8bCs/getUpdates?offset=461431530&timeout=20 HTTP/1.1" 200 23
Sat, 12 May 2018 16:38:15 DEBUG    https://api.telegram.org:443 "GET /bot597935817:AAGAbCwCGnHD7yqsGLbPKXj1pNn-NaD8bCs/getUpdates?offset=461431530&timeout=20 HTTP/1.1" 200 23
Sat, 12 May 2018 16:38:35 DEBUG    https://api.telegram.org:443 "GET /bot597935817:AAGAbCwCGnHD7yqsGLbPKXj1pNn-NaD8bCs/getUpdates?offset=461431530&timeout=20 HTTP/1.1" 200 23
Sat, 12 May 2018 16:38:42 DEBUG    https://api.telegram.org:443 "GET /bot597935817:AAGAbCwCGnHD7yqsGLbPKXj1pNn-NaD8bCs/getUpdates?offset=461431530&timeout=20 HTTP/1.1" 409 143
Sat, 12 May 2018 16:38:42 ERROR    ApiException occurred, args=('A request to the Telegram API was unsuccessful. The server returned HTTP 409 Conflict. Response body:\n[b\'{"ok":false,"error_code":409,"description":"Conflict: terminated by other getUpdates request; make sure that only one bot instance is running"}\']',)
Traceback (most recent call last):
  File "C:\Program Files\Python36\lib\site-packages\telebot\util.py", line 59, in run
    task(*args, **kwargs)
  File "C:\Program Files\Python36\lib\site-packages\telebot\__init__.py", line 159, in __retrieve_updates
    updates = self.get_updates(offset=(self.last_update_id + 1), timeout=timeout)
  File "C:\Program Files\Python36\lib\site-packages\telebot\__init__.py", line 129, in get_updates
    json_updates = apihelper.get_updates(self.token, offset, limit, timeout, allowed_updates)
  File "C:\Program Files\Python36\lib\site-packages\telebot\apihelper.py", line 175, in get_updates
    return _make_request(token, method_url, params=payload)
  File "C:\Program Files\Python36\lib\site-packages\telebot\apihelper.py", line 56, in _make_request
    return _check_result(method_name, result)['result']
  File "C:\Program Files\Python36\lib\site-packages\telebot\apihelper.py", line 75, in _check_result
    raise ApiException(msg, method_name, result)
telebot.apihelper.ApiException: A request to the Telegram API was unsuccessful. The server returned HTTP 409 Conflict. Response body:
[b'{"ok":false,"error_code":409,"description":"Conflict: terminated by other getUpdates request; make sure that only one bot instance is running"}']

Sat, 12 May 2018 16:38:42 ERROR    A request to the Telegram API was unsuccessful. The server returned HTTP 409 Conflict. Response body:
[b'{"ok":false,"error_code":409,"description":"Conflict: terminated by other getUpdates request; make sure that only one bot instance is running"}']
Sat, 12 May 2018 16:38:45 DEBUG    https://api.telegram.org:443 "GET /bot597935817:AAGAbCwCGnHD7yqsGLbPKXj1pNn-NaD8bCs/getUpdates?offset=461431530&timeout=20 HTTP/1.1" 409 143
Sat, 12 May 2018 16:38:45 ERROR    ApiException occurred, args=('A request to the Telegram API was unsuccessful. The server returned HTTP 409 Conflict. Response body:\n[b\'{"ok":false,"error_code":409,"description":"Conflict: terminated by other getUpdates request; make sure that only one bot instance is running"}\']',)
Traceback (most recent call last):
  File "C:\Program Files\Python36\lib\site-packages\telebot\util.py", line 59, in run
    task(*args, **kwargs)
  File "C:\Program Files\Python36\lib\site-packages\telebot\__init__.py", line 159, in __retrieve_updates
    updates = self.get_updates(offset=(self.last_update_id + 1), timeout=timeout)
  File "C:\Program Files\Python36\lib\site-packages\telebot\__init__.py", line 129, in get_updates
    json_updates = apihelper.get_updates(self.token, offset, limit, timeout, allowed_updates)
  File "C:\Program Files\Python36\lib\site-packages\telebot\apihelper.py", line 175, in get_updates
    return _make_request(token, method_url, params=payload)
  File "C:\Program Files\Python36\lib\site-packages\telebot\apihelper.py", line 56, in _make_request
    return _check_result(method_name, result)['result']
  File "C:\Program Files\Python36\lib\site-packages\telebot\apihelper.py", line 75, in _check_result
    raise ApiException(msg, method_name, result)
telebot.apihelper.ApiException: A request to the Telegram API was unsuccessful. The server returned HTTP 409 Conflict. Response body:
[b'{"ok":false,"error_code":409,"description":"Conflict: terminated by other getUpdates request; make sure that only one bot instance is running"}']

Sat, 12 May 2018 16:38:45 ERROR    A request to the Telegram API was unsuccessful. The server returned HTTP 409 Conflict. Response body:
[b'{"ok":false,"error_code":409,"description":"Conflict: terminated by other getUpdates request; make sure that only one bot instance is running"}']
Sat, 12 May 2018 16:38:52 DEBUG    https://api.telegram.org:443 "GET /bot597935817:AAGAbCwCGnHD7yqsGLbPKXj1pNn-NaD8bCs/getUpdates?offset=461431530&timeout=20 HTTP/1.1" 409 143
Sat, 12 May 2018 16:38:52 ERROR    ApiException occurred, args=('A request to the Telegram API was unsuccessful. The server returned HTTP 409 Conflict. Response body:\n[b\'{"ok":false,"error_code":409,"description":"Conflict: terminated by other getUpdates request; make sure that only one bot instance is running"}\']',)
Traceback (most recent call last):
  File "C:\Program Files\Python36\lib\site-packages\telebot\util.py", line 59, in run
    task(*args, **kwargs)
  File "C:\Program Files\Python36\lib\site-packages\telebot\__init__.py", line 159, in __retrieve_updates
    updates = self.get_updates(offset=(self.last_update_id + 1), timeout=timeout)
  File "C:\Program Files\Python36\lib\site-packages\telebot\__init__.py", line 129, in get_updates
    json_updates = apihelper.get_updates(self.token, offset, limit, timeout, allowed_updates)
  File "C:\Program Files\Python36\lib\site-packages\telebot\apihelper.py", line 175, in get_updates
    return _make_request(token, method_url, params=payload)
  File "C:\Program Files\Python36\lib\site-packages\telebot\apihelper.py", line 56, in _make_request
    return _check_result(method_name, result)['result']
  File "C:\Program Files\Python36\lib\site-packages\telebot\apihelper.py", line 75, in _check_result
    raise ApiException(msg, method_name, result)
telebot.apihelper.ApiException: A request to the Telegram API was unsuccessful. The server returned HTTP 409 Conflict. Response body:
[b'{"ok":false,"error_code":409,"description":"Conflict: terminated by other getUpdates request; make sure that only one bot instance is running"}']

Sat, 12 May 2018 16:38:52 ERROR    A request to the Telegram API was unsuccessful. The server returned HTTP 409 Conflict. Response body:
[b'{"ok":false,"error_code":409,"description":"Conflict: terminated by other getUpdates request; make sure that only one bot instance is running"}']
Sat, 12 May 2018 16:39:14 DEBUG    https://api.telegram.org:443 "GET /bot597935817:AAGAbCwCGnHD7yqsGLbPKXj1pNn-NaD8bCs/getUpdates?offset=461431530&timeout=20 HTTP/1.1" 200 23
Sat, 12 May 2018 16:39:34 DEBUG    https://api.telegram.org:443 "GET /bot597935817:AAGAbCwCGnHD7yqsGLbPKXj1pNn-NaD8bCs/getUpdates?offset=461431530&timeout=20 HTTP/1.1" 200 23
Sat, 12 May 2018 16:39:54 DEBUG    https://api.telegram.org:443 "GET /bot597935817:AAGAbCwCGnHD7yqsGLbPKXj1pNn-NaD8bCs/getUpdates?offset=461431530&timeout=20 HTTP/1.1" 200 23
Sat, 12 May 2018 16:40:14 DEBUG    https://api.telegram.org:443 "GET /bot597935817:AAGAbCwCGnHD7yqsGLbPKXj1pNn-NaD8bCs/getUpdates?offset=461431530&timeout=20 HTTP/1.1" 200 23
Sat, 12 May 2018 16:40:34 DEBUG    https://api.telegram.org:443 "GET /bot597935817:AAGAbCwCGnHD7yqsGLbPKXj1pNn-NaD8bCs/getUpdates?offset=461431530&timeout=20 HTTP/1.1" 200 23
Sat, 12 May 2018 16:40:53 DEBUG    https://api.telegram.org:443 "GET /bot597935817:AAGAbCwCGnHD7yqsGLbPKXj1pNn-NaD8bCs/getUpdates?offset=461431530&timeout=20 HTTP/1.1" 409 143
Sat, 12 May 2018 16:40:53 ERROR    ApiException occurred, args=('A request to the Telegram API was unsuccessful. The server returned HTTP 409 Conflict. Response body:\n[b\'{"ok":false,"error_code":409,"description":"Conflict: terminated by other getUpdates request; make sure that only one bot instance is running"}\']',)
Traceback (most recent call last):
  File "C:\Program Files\Python36\lib\site-packages\telebot\util.py", line 59, in run
    task(*args, **kwargs)
  File "C:\Program Files\Python36\lib\site-packages\telebot\__init__.py", line 159, in __retrieve_updates
    updates = self.get_updates(offset=(self.last_update_id + 1), timeout=timeout)
  File "C:\Program Files\Python36\lib\site-packages\telebot\__init__.py", line 129, in get_updates
    json_updates = apihelper.get_updates(self.token, offset, limit, timeout, allowed_updates)
  File "C:\Program Files\Python36\lib\site-packages\telebot\apihelper.py", line 175, in get_updates
    return _make_request(token, method_url, params=payload)
  File "C:\Program Files\Python36\lib\site-packages\telebot\apihelper.py", line 56, in _make_request
    return _check_result(method_name, result)['result']
  File "C:\Program Files\Python36\lib\site-packages\telebot\apihelper.py", line 75, in _check_result
    raise ApiException(msg, method_name, result)
telebot.apihelper.ApiException: A request to the Telegram API was unsuccessful. The server returned HTTP 409 Conflict. Response body:
[b'{"ok":false,"error_code":409,"description":"Conflict: terminated by other getUpdates request; make sure that only one bot instance is running"}']

Sat, 12 May 2018 16:40:53 ERROR    A request to the Telegram API was unsuccessful. The server returned HTTP 409 Conflict. Response body:
[b'{"ok":false,"error_code":409,"description":"Conflict: terminated by other getUpdates request; make sure that only one bot instance is running"}']
Sat, 12 May 2018 16:41:13 DEBUG    https://api.telegram.org:443 "GET /bot597935817:AAGAbCwCGnHD7yqsGLbPKXj1pNn-NaD8bCs/getUpdates?offset=461431530&timeout=20 HTTP/1.1" 200 23
Sat, 12 May 2018 16:41:34 DEBUG    https://api.telegram.org:443 "GET /bot597935817:AAGAbCwCGnHD7yqsGLbPKXj1pNn-NaD8bCs/getUpdates?offset=461431530&timeout=20 HTTP/1.1" 200 23
Sat, 12 May 2018 16:41:54 DEBUG    https://api.telegram.org:443 "GET /bot597935817:AAGAbCwCGnHD7yqsGLbPKXj1pNn-NaD8bCs/getUpdates?offset=461431530&timeout=20 HTTP/1.1" 200 23
Sat, 12 May 2018 16:42:18 DEBUG    https://api.telegram.org:443 "GET /bot597935817:AAGAbCwCGnHD7yqsGLbPKXj1pNn-NaD8bCs/getUpdates?offset=461431530&timeout=20 HTTP/1.1" 200 23
Sat, 12 May 2018 16:42:39 DEBUG    https://api.telegram.org:443 "GET /bot597935817:AAGAbCwCGnHD7yqsGLbPKXj1pNn-NaD8bCs/getUpdates?offset=461431530&timeout=20 HTTP/1.1" 200 23
Sat, 12 May 2018 16:42:59 DEBUG    https://api.telegram.org:443 "GET /bot597935817:AAGAbCwCGnHD7yqsGLbPKXj1pNn-NaD8bCs/getUpdates?offset=461431530&timeout=20 HTTP/1.1" 200 23
Sat, 12 May 2018 16:43:05 DEBUG    https://api.telegram.org:443 "GET /bot597935817:AAGAbCwCGnHD7yqsGLbPKXj1pNn-NaD8bCs/getUpdates?offset=461431530&timeout=20 HTTP/1.1" 409 143
Sat, 12 May 2018 16:43:05 ERROR    ApiException occurred, args=('A request to the Telegram API was unsuccessful. The server returned HTTP 409 Conflict. Response body:\n[b\'{"ok":false,"error_code":409,"description":"Conflict: terminated by other getUpdates request; make sure that only one bot instance is running"}\']',)
Traceback (most recent call last):
  File "C:\Program Files\Python36\lib\site-packages\telebot\util.py", line 59, in run
    task(*args, **kwargs)
  File "C:\Program Files\Python36\lib\site-packages\telebot\__init__.py", line 159, in __retrieve_updates
    updates = self.get_updates(offset=(self.last_update_id + 1), timeout=timeout)
  File "C:\Program Files\Python36\lib\site-packages\telebot\__init__.py", line 129, in get_updates
    json_updates = apihelper.get_updates(self.token, offset, limit, timeout, allowed_updates)
  File "C:\Program Files\Python36\lib\site-packages\telebot\apihelper.py", line 175, in get_updates
    return _make_request(token, method_url, params=payload)
  File "C:\Program Files\Python36\lib\site-packages\telebot\apihelper.py", line 56, in _make_request
    return _check_result(method_name, result)['result']
  File "C:\Program Files\Python36\lib\site-packages\telebot\apihelper.py", line 75, in _check_result
    raise ApiException(msg, method_name, result)
telebot.apihelper.ApiException: A request to the Telegram API was unsuccessful. The server returned HTTP 409 Conflict. Response body:
[b'{"ok":false,"error_code":409,"description":"Conflict: terminated by other getUpdates request; make sure that only one bot instance is running"}']

Sat, 12 May 2018 16:43:05 ERROR    A request to the Telegram API was unsuccessful. The server returned HTTP 409 Conflict. Response body:
[b'{"ok":false,"error_code":409,"description":"Conflict: terminated by other getUpdates request; make sure that only one bot instance is running"}']
Sat, 12 May 2018 16:43:18 DEBUG    https://api.telegram.org:443 "GET /bot597935817:AAGAbCwCGnHD7yqsGLbPKXj1pNn-NaD8bCs/getUpdates?offset=461431530&timeout=20 HTTP/1.1" 409 143
Sat, 12 May 2018 16:43:18 ERROR    ApiException occurred, args=('A request to the Telegram API was unsuccessful. The server returned HTTP 409 Conflict. Response body:\n[b\'{"ok":false,"error_code":409,"description":"Conflict: terminated by other getUpdates request; make sure that only one bot instance is running"}\']',)
Traceback (most recent call last):
  File "C:\Program Files\Python36\lib\site-packages\telebot\util.py", line 59, in run
    task(*args, **kwargs)
  File "C:\Program Files\Python36\lib\site-packages\telebot\__init__.py", line 159, in __retrieve_updates
    updates = self.get_updates(offset=(self.last_update_id + 1), timeout=timeout)
  File "C:\Program Files\Python36\lib\site-packages\telebot\__init__.py", line 129, in get_updates
    json_updates = apihelper.get_updates(self.token, offset, limit, timeout, allowed_updates)
  File "C:\Program Files\Python36\lib\site-packages\telebot\apihelper.py", line 175, in get_updates
    return _make_request(token, method_url, params=payload)
  File "C:\Program Files\Python36\lib\site-packages\telebot\apihelper.py", line 56, in _make_request
    return _check_result(method_name, result)['result']
  File "C:\Program Files\Python36\lib\site-packages\telebot\apihelper.py", line 75, in _check_result
    raise ApiException(msg, method_name, result)
telebot.apihelper.ApiException: A request to the Telegram API was unsuccessful. The server returned HTTP 409 Conflict. Response body:
[b'{"ok":false,"error_code":409,"description":"Conflict: terminated by other getUpdates request; make sure that only one bot instance is running"}']

Sat, 12 May 2018 16:43:18 ERROR    A request to the Telegram API was unsuccessful. The server returned HTTP 409 Conflict. Response body:
[b'{"ok":false,"error_code":409,"description":"Conflict: terminated by other getUpdates request; make sure that only one bot instance is running"}']
Sat, 12 May 2018 16:43:44 DEBUG    https://api.telegram.org:443 "GET /bot597935817:AAGAbCwCGnHD7yqsGLbPKXj1pNn-NaD8bCs/getUpdates?offset=461431530&timeout=20 HTTP/1.1" 200 23
Sat, 12 May 2018 16:44:05 DEBUG    https://api.telegram.org:443 "GET /bot597935817:AAGAbCwCGnHD7yqsGLbPKXj1pNn-NaD8bCs/getUpdates?offset=461431530&timeout=20 HTTP/1.1" 200 23
Sat, 12 May 2018 16:44:25 DEBUG    https://api.telegram.org:443 "GET /bot597935817:AAGAbCwCGnHD7yqsGLbPKXj1pNn-NaD8bCs/getUpdates?offset=461431530&timeout=20 HTTP/1.1" 200 23
Sat, 12 May 2018 16:44:45 DEBUG    https://api.telegram.org:443 "GET /bot597935817:AAGAbCwCGnHD7yqsGLbPKXj1pNn-NaD8bCs/getUpdates?offset=461431530&timeout=20 HTTP/1.1" 200 23
Sat, 12 May 2018 16:45:05 DEBUG    https://api.telegram.org:443 "GET /bot597935817:AAGAbCwCGnHD7yqsGLbPKXj1pNn-NaD8bCs/getUpdates?offset=461431530&timeout=20 HTTP/1.1" 200 23
Sat, 12 May 2018 16:45:12 DEBUG    https://api.telegram.org:443 "GET /bot597935817:AAGAbCwCGnHD7yqsGLbPKXj1pNn-NaD8bCs/getUpdates?offset=461431530&timeout=20 HTTP/1.1" 409 143
Sat, 12 May 2018 16:45:12 ERROR    ApiException occurred, args=('A request to the Telegram API was unsuccessful. The server returned HTTP 409 Conflict. Response body:\n[b\'{"ok":false,"error_code":409,"description":"Conflict: terminated by other getUpdates request; make sure that only one bot instance is running"}\']',)
Traceback (most recent call last):
  File "C:\Program Files\Python36\lib\site-packages\telebot\util.py", line 59, in run
    task(*args, **kwargs)
  File "C:\Program Files\Python36\lib\site-packages\telebot\__init__.py", line 159, in __retrieve_updates
    updates = self.get_updates(offset=(self.last_update_id + 1), timeout=timeout)
  File "C:\Program Files\Python36\lib\site-packages\telebot\__init__.py", line 129, in get_updates
    json_updates = apihelper.get_updates(self.token, offset, limit, timeout, allowed_updates)
  File "C:\Program Files\Python36\lib\site-packages\telebot\apihelper.py", line 175, in get_updates
    return _make_request(token, method_url, params=payload)
  File "C:\Program Files\Python36\lib\site-packages\telebot\apihelper.py", line 56, in _make_request
    return _check_result(method_name, result)['result']
  File "C:\Program Files\Python36\lib\site-packages\telebot\apihelper.py", line 75, in _check_result
    raise ApiException(msg, method_name, result)
telebot.apihelper.ApiException: A request to the Telegram API was unsuccessful. The server returned HTTP 409 Conflict. Response body:
[b'{"ok":false,"error_code":409,"description":"Conflict: terminated by other getUpdates request; make sure that only one bot instance is running"}']

Sat, 12 May 2018 16:45:12 ERROR    A request to the Telegram API was unsuccessful. The server returned HTTP 409 Conflict. Response body:
[b'{"ok":false,"error_code":409,"description":"Conflict: terminated by other getUpdates request; make sure that only one bot instance is running"}']
Sat, 12 May 2018 16:45:33 DEBUG    https://api.telegram.org:443 "GET /bot597935817:AAGAbCwCGnHD7yqsGLbPKXj1pNn-NaD8bCs/getUpdates?offset=461431530&timeout=20 HTTP/1.1" 200 23
Sat, 12 May 2018 16:45:53 DEBUG    https://api.telegram.org:443 "GET /bot597935817:AAGAbCwCGnHD7yqsGLbPKXj1pNn-NaD8bCs/getUpdates?offset=461431530&timeout=20 HTTP/1.1" 200 23
Sat, 12 May 2018 16:46:13 DEBUG    https://api.telegram.org:443 "GET /bot597935817:AAGAbCwCGnHD7yqsGLbPKXj1pNn-NaD8bCs/getUpdates?offset=461431530&timeout=20 HTTP/1.1" 200 23
Sat, 12 May 2018 16:46:33 DEBUG    https://api.telegram.org:443 "GET /bot597935817:AAGAbCwCGnHD7yqsGLbPKXj1pNn-NaD8bCs/getUpdates?offset=461431530&timeout=20 HTTP/1.1" 200 23
Sat, 12 May 2018 16:46:53 DEBUG    https://api.telegram.org:443 "GET /bot597935817:AAGAbCwCGnHD7yqsGLbPKXj1pNn-NaD8bCs/getUpdates?offset=461431530&timeout=20 HTTP/1.1" 200 23
Sat, 12 May 2018 16:47:13 DEBUG    https://api.telegram.org:443 "GET /bot597935817:AAGAbCwCGnHD7yqsGLbPKXj1pNn-NaD8bCs/getUpdates?offset=461431530&timeout=20 HTTP/1.1" 200 23
Sat, 12 May 2018 16:47:34 DEBUG    https://api.telegram.org:443 "GET /bot597935817:AAGAbCwCGnHD7yqsGLbPKXj1pNn-NaD8bCs/getUpdates?offset=461431530&timeout=20 HTTP/1.1" 200 23
Sat, 12 May 2018 16:47:54 DEBUG    https://api.telegram.org:443 "GET /bot597935817:AAGAbCwCGnHD7yqsGLbPKXj1pNn-NaD8bCs/getUpdates?offset=461431530&timeout=20 HTTP/1.1" 200 23
Sat, 12 May 2018 16:48:15 DEBUG    https://api.telegram.org:443 "GET /bot597935817:AAGAbCwCGnHD7yqsGLbPKXj1pNn-NaD8bCs/getUpdates?offset=461431530&timeout=20 HTTP/1.1" 200 23
Sat, 12 May 2018 16:48:35 DEBUG    https://api.telegram.org:443 "GET /bot597935817:AAGAbCwCGnHD7yqsGLbPKXj1pNn-NaD8bCs/getUpdates?offset=461431530&timeout=20 HTTP/1.1" 200 23
Sat, 12 May 2018 16:48:56 DEBUG    https://api.telegram.org:443 "GET /bot597935817:AAGAbCwCGnHD7yqsGLbPKXj1pNn-NaD8bCs/getUpdates?offset=461431530&timeout=20 HTTP/1.1" 200 23
Sat, 12 May 2018 16:49:16 DEBUG    https://api.telegram.org:443 "GET /bot597935817:AAGAbCwCGnHD7yqsGLbPKXj1pNn-NaD8bCs/getUpdates?offset=461431530&timeout=20 HTTP/1.1" 200 23
Sat, 12 May 2018 16:49:36 DEBUG    https://api.telegram.org:443 "GET /bot597935817:AAGAbCwCGnHD7yqsGLbPKXj1pNn-NaD8bCs/getUpdates?offset=461431530&timeout=20 HTTP/1.1" 200 23
Sat, 12 May 2018 16:49:56 DEBUG    https://api.telegram.org:443 "GET /bot597935817:AAGAbCwCGnHD7yqsGLbPKXj1pNn-NaD8bCs/getUpdates?offset=461431530&timeout=20 HTTP/1.1" 200 23
Sat, 12 May 2018 16:50:16 DEBUG    https://api.telegram.org:443 "GET /bot597935817:AAGAbCwCGnHD7yqsGLbPKXj1pNn-NaD8bCs/getUpdates?offset=461431530&timeout=20 HTTP/1.1" 200 23
Sat, 12 May 2018 16:50:36 DEBUG    https://api.telegram.org:443 "GET /bot597935817:AAGAbCwCGnHD7yqsGLbPKXj1pNn-NaD8bCs/getUpdates?offset=461431530&timeout=20 HTTP/1.1" 200 23
Sat, 12 May 2018 16:50:56 DEBUG    https://api.telegram.org:443 "GET /bot597935817:AAGAbCwCGnHD7yqsGLbPKXj1pNn-NaD8bCs/getUpdates?offset=461431530&timeout=20 HTTP/1.1" 200 23
Sat, 12 May 2018 16:51:17 DEBUG    https://api.telegram.org:443 "GET /bot597935817:AAGAbCwCGnHD7yqsGLbPKXj1pNn-NaD8bCs/getUpdates?offset=461431530&timeout=20 HTTP/1.1" 200 23
Sat, 12 May 2018 16:51:32 DEBUG    https://api.telegram.org:443 "GET /bot597935817:AAGAbCwCGnHD7yqsGLbPKXj1pNn-NaD8bCs/getUpdates?offset=461431530&timeout=20 HTTP/1.1" 200 338
Sat, 12 May 2018 16:51:32 DEBUG    Resetting dropped connection: api.telegram.org
Sat, 12 May 2018 16:51:32 DEBUG    https://api.telegram.org:443 "POST /bot597935817:AAGAbCwCGnHD7yqsGLbPKXj1pNn-NaD8bCs/sendMessage?chat_id=410680216&text=%D0%92%D0%B0%D1%81+%D0%BF%D1%80%D0%B8%D0%B2%D0%B5%D1%82%D1%81%D1%82%D0%B2%D1%83%D0%B5%D1%82+%D0%B1%D0%BE%D1%82+DigitalCitizen%2C+%D0%B7%D0%B4%D0%B5%D1%81%D1%8C+%D0%B2%D1%8B+%D0%BC%D0%BE%D0%B6%D0%B5%D1%82%D0%B5+%D0%BF%D0%BE%D0%B4%D0%B0%D1%82%D1%8C+%D0%B2%D0%B0%D1%88%D1%83+%D0%B6%D0%B0%D0%BB%D0%BE%D0%B1%D1%83 HTTP/1.1" 200 552
Sat, 12 May 2018 16:51:32 DEBUG    https://api.telegram.org:443 "POST /bot597935817:AAGAbCwCGnHD7yqsGLbPKXj1pNn-NaD8bCs/sendMessage?chat_id=410680216&text=Whats+your+name%3F HTTP/1.1" 200 262
Sat, 12 May 2018 16:51:37 DEBUG    https://api.telegram.org:443 "GET /bot597935817:AAGAbCwCGnHD7yqsGLbPKXj1pNn-NaD8bCs/getUpdates?offset=461431531&timeout=20 HTTP/1.1" 200 304
Sat, 12 May 2018 16:51:37 DEBUG    Resetting dropped connection: api.telegram.org
Sat, 12 May 2018 16:51:37 DEBUG    https://api.telegram.org:443 "POST /bot597935817:AAGAbCwCGnHD7yqsGLbPKXj1pNn-NaD8bCs/sendMessage?chat_id=410680216&text=Write+your+addres+and+city HTTP/1.1" 200 272
Sat, 12 May 2018 16:51:39 DEBUG    https://api.telegram.org:443 "GET /bot597935817:AAGAbCwCGnHD7yqsGLbPKXj1pNn-NaD8bCs/getUpdates?offset=461431532&timeout=20 HTTP/1.1" 200 302
Sat, 12 May 2018 16:51:39 DEBUG    https://api.telegram.org:443 "POST /bot597935817:AAGAbCwCGnHD7yqsGLbPKXj1pNn-NaD8bCs/sendMessage?chat_id=410680216&text=How+old+are+you%3F HTTP/1.1" 200 262
Sat, 12 May 2018 16:51:40 DEBUG    https://api.telegram.org:443 "GET /bot597935817:AAGAbCwCGnHD7yqsGLbPKXj1pNn-NaD8bCs/getUpdates?offset=461431533&timeout=20 HTTP/1.1" 409 143
Sat, 12 May 2018 16:51:40 ERROR    ApiException occurred, args=('A request to the Telegram API was unsuccessful. The server returned HTTP 409 Conflict. Response body:\n[b\'{"ok":false,"error_code":409,"description":"Conflict: terminated by other getUpdates request; make sure that only one bot instance is running"}\']',)
Traceback (most recent call last):
  File "C:\Program Files\Python36\lib\site-packages\telebot\util.py", line 59, in run
    task(*args, **kwargs)
  File "C:\Program Files\Python36\lib\site-packages\telebot\__init__.py", line 159, in __retrieve_updates
    updates = self.get_updates(offset=(self.last_update_id + 1), timeout=timeout)
  File "C:\Program Files\Python36\lib\site-packages\telebot\__init__.py", line 129, in get_updates
    json_updates = apihelper.get_updates(self.token, offset, limit, timeout, allowed_updates)
  File "C:\Program Files\Python36\lib\site-packages\telebot\apihelper.py", line 175, in get_updates
    return _make_request(token, method_url, params=payload)
  File "C:\Program Files\Python36\lib\site-packages\telebot\apihelper.py", line 56, in _make_request
    return _check_result(method_name, result)['result']
  File "C:\Program Files\Python36\lib\site-packages\telebot\apihelper.py", line 75, in _check_result
    raise ApiException(msg, method_name, result)
telebot.apihelper.ApiException: A request to the Telegram API was unsuccessful. The server returned HTTP 409 Conflict. Response body:
[b'{"ok":false,"error_code":409,"description":"Conflict: terminated by other getUpdates request; make sure that only one bot instance is running"}']

Sat, 12 May 2018 16:51:40 ERROR    A request to the Telegram API was unsuccessful. The server returned HTTP 409 Conflict. Response body:
[b'{"ok":false,"error_code":409,"description":"Conflict: terminated by other getUpdates request; make sure that only one bot instance is running"}']
Sat, 12 May 2018 16:51:42 DEBUG    https://api.telegram.org:443 "GET /bot597935817:AAGAbCwCGnHD7yqsGLbPKXj1pNn-NaD8bCs/getUpdates?offset=461431533&timeout=20 HTTP/1.1" 200 300
Sat, 12 May 2018 16:51:42 DEBUG    https://api.telegram.org:443 "POST /bot597935817:AAGAbCwCGnHD7yqsGLbPKXj1pNn-NaD8bCs/sendMessage?chat_id=410680216&text=Write+essence+of+complaint HTTP/1.1" 200 272
Sat, 12 May 2018 16:51:44 DEBUG    https://api.telegram.org:443 "GET /bot597935817:AAGAbCwCGnHD7yqsGLbPKXj1pNn-NaD8bCs/getUpdates?offset=461431534&timeout=20 HTTP/1.1" 200 303
Sat, 12 May 2018 16:51:44 DEBUG    https://api.telegram.org:443 "POST /bot597935817:AAGAbCwCGnHD7yqsGLbPKXj1pNn-NaD8bCs/sendMessage?chat_id=410680216&text=%D0%95%D1%81%D0%BB%D0%B8+%D0%B2%D1%81%D0%B5+%D0%B4%D0%B0%D0%BD%D0%BD%D1%8B%D0%B5+%D0%B2%D0%B5%D1%80%D0%BD%D1%8B+%D0%BD%D0%B0%D0%B6%D0%BC%D0%B8%D1%82%D0%B5+%27%D0%9E%D1%82%D0%BF%D1%80%D0%B0%D0%B2%D0%B8%D1%82%D1%8C%27%2C+%D0%B2+%D0%BF%D1%80%D0%BE%D1%82%D0%B8%D0%B2%D0%BD%D0%BE%D0%BC+%D1%81%D0%BB%D1%83%D1%87%D0%B0%D0%B5+%D0%B2%D0%B2%D0%B5%D0%B4%D0%B8%D1%82%D0%B5+%D0%B4%D0%B0%D0%BD%D0%BD%D1%8B%D0%B5+%D0%B7%D0%B0%D0%BD%D0%BE%D0%B2%D0%BE+%D0%BD%D0%B0%D0%B6%D0%B0%D0%B2+%D0%BD%D0%B0+%2Fstart&reply_markup=%7B%22keyboard%22%3A+%5B%5B%7B%22text%22%3A+%22%5Cu041e%5Cu0442%5Cu043f%5Cu0440%5Cu0430%5Cu0432%5Cu0438%5Cu0442%5Cu044c%22%7D%5D%5D%2C+%22resize_keyboard%22%3A+true%7D HTTP/1.1" 200 784
Sat, 12 May 2018 16:51:48 DEBUG    https://api.telegram.org:443 "GET /bot597935817:AAGAbCwCGnHD7yqsGLbPKXj1pNn-NaD8bCs/getUpdates?offset=461431535&timeout=20 HTTP/1.1" 200 352
Sat, 12 May 2018 16:51:48 DEBUG    https://api.telegram.org:443 "POST /bot597935817:AAGAbCwCGnHD7yqsGLbPKXj1pNn-NaD8bCs/sendMessage?chat_id=410680216&text=%D0%9F%D0%BE%D0%B7%D0%B4%D1%80%D0%B0%D0%B2%D0%BB%D1%8F%D1%8E+%D0%B2%D1%8B+%D0%BF%D1%80%D0%BE%D1%88%D0%BB%D0%B8+%D1%80%D0%B5%D0%B3%D0%B8%D1%81%D1%82%D1%80%D0%B0%D1%86%D0%B8%D1%8E%2C+%D0%B2%D0%B0%D1%88%D0%B0+%D0%B7%D0%B0%D1%8F%D0%B2%D0%BA%D0%B0+%D0%BD%D0%B0%D1%85%D0%BE%D0%B4%D0%B8%D1%82%D1%81%D1%8F+%D0%BD%D0%B0+%D1%80%D0%B0%D1%81%D1%81%D0%BC%D0%BE%D1%82%D1%80%D0%B5%D0%BD%D0%B8%D0%B8+%D0%B0%D0%B4%D0%BC%D0%B8%D0%BD%D0%B8%D1%81%D1%82%D1%80%D0%B0%D1%86%D0%B8%D0%B8 HTTP/1.1" 200 706
Sat, 12 May 2018 16:51:54 DEBUG    https://api.telegram.org:443 "GET /bot597935817:AAGAbCwCGnHD7yqsGLbPKXj1pNn-NaD8bCs/getUpdates?offset=461431536&timeout=20 HTTP/1.1" 409 143
Sat, 12 May 2018 16:51:54 ERROR    ApiException occurred, args=('A request to the Telegram API was unsuccessful. The server returned HTTP 409 Conflict. Response body:\n[b\'{"ok":false,"error_code":409,"description":"Conflict: terminated by other getUpdates request; make sure that only one bot instance is running"}\']',)
Traceback (most recent call last):
  File "C:\Program Files\Python36\lib\site-packages\telebot\util.py", line 59, in run
    task(*args, **kwargs)
  File "C:\Program Files\Python36\lib\site-packages\telebot\__init__.py", line 159, in __retrieve_updates
    updates = self.get_updates(offset=(self.last_update_id + 1), timeout=timeout)
  File "C:\Program Files\Python36\lib\site-packages\telebot\__init__.py", line 129, in get_updates
    json_updates = apihelper.get_updates(self.token, offset, limit, timeout, allowed_updates)
  File "C:\Program Files\Python36\lib\site-packages\telebot\apihelper.py", line 175, in get_updates
    return _make_request(token, method_url, params=payload)
  File "C:\Program Files\Python36\lib\site-packages\telebot\apihelper.py", line 56, in _make_request
    return _check_result(method_name, result)['result']
  File "C:\Program Files\Python36\lib\site-packages\telebot\apihelper.py", line 75, in _check_result
    raise ApiException(msg, method_name, result)
telebot.apihelper.ApiException: A request to the Telegram API was unsuccessful. The server returned HTTP 409 Conflict. Response body:
[b'{"ok":false,"error_code":409,"description":"Conflict: terminated by other getUpdates request; make sure that only one bot instance is running"}']

Sat, 12 May 2018 16:51:54 ERROR    A request to the Telegram API was unsuccessful. The server returned HTTP 409 Conflict. Response body:
[b'{"ok":false,"error_code":409,"description":"Conflict: terminated by other getUpdates request; make sure that only one bot instance is running"}']
Sat, 12 May 2018 16:52:14 DEBUG    https://api.telegram.org:443 "GET /bot597935817:AAGAbCwCGnHD7yqsGLbPKXj1pNn-NaD8bCs/getUpdates?offset=461431536&timeout=20 HTTP/1.1" 200 23
Sat, 12 May 2018 16:52:35 DEBUG    https://api.telegram.org:443 "GET /bot597935817:AAGAbCwCGnHD7yqsGLbPKXj1pNn-NaD8bCs/getUpdates?offset=461431536&timeout=20 HTTP/1.1" 200 23
Sat, 12 May 2018 16:52:55 DEBUG    https://api.telegram.org:443 "GET /bot597935817:AAGAbCwCGnHD7yqsGLbPKXj1pNn-NaD8bCs/getUpdates?offset=461431536&timeout=20 HTTP/1.1" 200 23
Sat, 12 May 2018 16:53:15 DEBUG    https://api.telegram.org:443 "GET /bot597935817:AAGAbCwCGnHD7yqsGLbPKXj1pNn-NaD8bCs/getUpdates?offset=461431536&timeout=20 HTTP/1.1" 200 23
Sat, 12 May 2018 16:53:35 DEBUG    https://api.telegram.org:443 "GET /bot597935817:AAGAbCwCGnHD7yqsGLbPKXj1pNn-NaD8bCs/getUpdates?offset=461431536&timeout=20 HTTP/1.1" 200 23
Sat, 12 May 2018 16:53:48 DEBUG    https://api.telegram.org:443 "GET /bot597935817:AAGAbCwCGnHD7yqsGLbPKXj1pNn-NaD8bCs/getUpdates?offset=461431536&timeout=20 HTTP/1.1" 409 143
Sat, 12 May 2018 16:53:48 ERROR    ApiException occurred, args=('A request to the Telegram API was unsuccessful. The server returned HTTP 409 Conflict. Response body:\n[b\'{"ok":false,"error_code":409,"description":"Conflict: terminated by other getUpdates request; make sure that only one bot instance is running"}\']',)
Traceback (most recent call last):
  File "C:\Program Files\Python36\lib\site-packages\telebot\util.py", line 59, in run
    task(*args, **kwargs)
  File "C:\Program Files\Python36\lib\site-packages\telebot\__init__.py", line 159, in __retrieve_updates
    updates = self.get_updates(offset=(self.last_update_id + 1), timeout=timeout)
  File "C:\Program Files\Python36\lib\site-packages\telebot\__init__.py", line 129, in get_updates
    json_updates = apihelper.get_updates(self.token, offset, limit, timeout, allowed_updates)
  File "C:\Program Files\Python36\lib\site-packages\telebot\apihelper.py", line 175, in get_updates
    return _make_request(token, method_url, params=payload)
  File "C:\Program Files\Python36\lib\site-packages\telebot\apihelper.py", line 56, in _make_request
    return _check_result(method_name, result)['result']
  File "C:\Program Files\Python36\lib\site-packages\telebot\apihelper.py", line 75, in _check_result
    raise ApiException(msg, method_name, result)
telebot.apihelper.ApiException: A request to the Telegram API was unsuccessful. The server returned HTTP 409 Conflict. Response body:
[b'{"ok":false,"error_code":409,"description":"Conflict: terminated by other getUpdates request; make sure that only one bot instance is running"}']

Sat, 12 May 2018 16:53:48 ERROR    A request to the Telegram API was unsuccessful. The server returned HTTP 409 Conflict. Response body:
[b'{"ok":false,"error_code":409,"description":"Conflict: terminated by other getUpdates request; make sure that only one bot instance is running"}']
Sat, 12 May 2018 16:54:08 DEBUG    https://api.telegram.org:443 "GET /bot597935817:AAGAbCwCGnHD7yqsGLbPKXj1pNn-NaD8bCs/getUpdates?offset=461431536&timeout=20 HTTP/1.1" 200 23
Sat, 12 May 2018 16:54:28 DEBUG    https://api.telegram.org:443 "GET /bot597935817:AAGAbCwCGnHD7yqsGLbPKXj1pNn-NaD8bCs/getUpdates?offset=461431536&timeout=20 HTTP/1.1" 200 23
Sat, 12 May 2018 16:54:48 DEBUG    https://api.telegram.org:443 "GET /bot597935817:AAGAbCwCGnHD7yqsGLbPKXj1pNn-NaD8bCs/getUpdates?offset=461431536&timeout=20 HTTP/1.1" 200 23
Sat, 12 May 2018 16:55:09 DEBUG    https://api.telegram.org:443 "GET /bot597935817:AAGAbCwCGnHD7yqsGLbPKXj1pNn-NaD8bCs/getUpdates?offset=461431536&timeout=20 HTTP/1.1" 200 23
Sat, 12 May 2018 16:55:29 DEBUG    https://api.telegram.org:443 "GET /bot597935817:AAGAbCwCGnHD7yqsGLbPKXj1pNn-NaD8bCs/getUpdates?offset=461431536&timeout=20 HTTP/1.1" 200 23
Sat, 12 May 2018 16:55:49 DEBUG    https://api.telegram.org:443 "GET /bot597935817:AAGAbCwCGnHD7yqsGLbPKXj1pNn-NaD8bCs/getUpdates?offset=461431536&timeout=20 HTTP/1.1" 200 23
Sat, 12 May 2018 16:56:09 DEBUG    https://api.telegram.org:443 "GET /bot597935817:AAGAbCwCGnHD7yqsGLbPKXj1pNn-NaD8bCs/getUpdates?offset=461431536&timeout=20 HTTP/1.1" 200 23
Sat, 12 May 2018 16:56:29 DEBUG    https://api.telegram.org:443 "GET /bot597935817:AAGAbCwCGnHD7yqsGLbPKXj1pNn-NaD8bCs/getUpdates?offset=461431536&timeout=20 HTTP/1.1" 200 23
Sat, 12 May 2018 16:56:49 DEBUG    https://api.telegram.org:443 "GET /bot597935817:AAGAbCwCGnHD7yqsGLbPKXj1pNn-NaD8bCs/getUpdates?offset=461431536&timeout=20 HTTP/1.1" 200 23
Sat, 12 May 2018 16:57:10 DEBUG    https://api.telegram.org:443 "GET /bot597935817:AAGAbCwCGnHD7yqsGLbPKXj1pNn-NaD8bCs/getUpdates?offset=461431536&timeout=20 HTTP/1.1" 200 23
Sat, 12 May 2018 16:57:30 DEBUG    https://api.telegram.org:443 "GET /bot597935817:AAGAbCwCGnHD7yqsGLbPKXj1pNn-NaD8bCs/getUpdates?offset=461431536&timeout=20 HTTP/1.1" 200 23
Sat, 12 May 2018 16:57:50 DEBUG    https://api.telegram.org:443 "GET /bot597935817:AAGAbCwCGnHD7yqsGLbPKXj1pNn-NaD8bCs/getUpdates?offset=461431536&timeout=20 HTTP/1.1" 200 23
Sat, 12 May 2018 16:58:10 DEBUG    https://api.telegram.org:443 "GET /bot597935817:AAGAbCwCGnHD7yqsGLbPKXj1pNn-NaD8bCs/getUpdates?offset=461431536&timeout=20 HTTP/1.1" 200 23
Sat, 12 May 2018 16:58:34 DEBUG    https://api.telegram.org:443 "GET /bot597935817:AAGAbCwCGnHD7yqsGLbPKXj1pNn-NaD8bCs/getUpdates?offset=461431536&timeout=20 HTTP/1.1" 200 23
Sat, 12 May 2018 16:58:54 DEBUG    https://api.telegram.org:443 "GET /bot597935817:AAGAbCwCGnHD7yqsGLbPKXj1pNn-NaD8bCs/getUpdates?offset=461431536&timeout=20 HTTP/1.1" 200 23
Sat, 12 May 2018 16:59:14 DEBUG    https://api.telegram.org:443 "GET /bot597935817:AAGAbCwCGnHD7yqsGLbPKXj1pNn-NaD8bCs/getUpdates?offset=461431536&timeout=20 HTTP/1.1" 200 23
Sat, 12 May 2018 16:59:34 DEBUG    https://api.telegram.org:443 "GET /bot597935817:AAGAbCwCGnHD7yqsGLbPKXj1pNn-NaD8bCs/getUpdates?offset=461431536&timeout=20 HTTP/1.1" 200 23
Sat, 12 May 2018 16:59:34 DEBUG    Resetting dropped connection: api.telegram.org
Sat, 12 May 2018 16:59:55 DEBUG    https://api.telegram.org:443 "GET /bot597935817:AAGAbCwCGnHD7yqsGLbPKXj1pNn-NaD8bCs/getUpdates?offset=461431536&timeout=20 HTTP/1.1" 200 23
Sat, 12 May 2018 17:00:15 DEBUG    https://api.telegram.org:443 "GET /bot597935817:AAGAbCwCGnHD7yqsGLbPKXj1pNn-NaD8bCs/getUpdates?offset=461431536&timeout=20 HTTP/1.1" 200 23
Sat, 12 May 2018 17:00:35 DEBUG    https://api.telegram.org:443 "GET /bot597935817:AAGAbCwCGnHD7yqsGLbPKXj1pNn-NaD8bCs/getUpdates?offset=461431536&timeout=20 HTTP/1.1" 200 23
Sat, 12 May 2018 17:00:55 DEBUG    https://api.telegram.org:443 "GET /bot597935817:AAGAbCwCGnHD7yqsGLbPKXj1pNn-NaD8bCs/getUpdates?offset=461431536&timeout=20 HTTP/1.1" 200 23
Sat, 12 May 2018 17:01:15 DEBUG    https://api.telegram.org:443 "GET /bot597935817:AAGAbCwCGnHD7yqsGLbPKXj1pNn-NaD8bCs/getUpdates?offset=461431536&timeout=20 HTTP/1.1" 200 23
Sat, 12 May 2018 17:01:35 DEBUG    https://api.telegram.org:443 "GET /bot597935817:AAGAbCwCGnHD7yqsGLbPKXj1pNn-NaD8bCs/getUpdates?offset=461431536&timeout=20 HTTP/1.1" 200 23
Sat, 12 May 2018 17:01:56 DEBUG    https://api.telegram.org:443 "GET /bot597935817:AAGAbCwCGnHD7yqsGLbPKXj1pNn-NaD8bCs/getUpdates?offset=461431536&timeout=20 HTTP/1.1" 200 23
Sat, 12 May 2018 17:02:16 DEBUG    https://api.telegram.org:443 "GET /bot597935817:AAGAbCwCGnHD7yqsGLbPKXj1pNn-NaD8bCs/getUpdates?offset=461431536&timeout=20 HTTP/1.1" 200 23
Sat, 12 May 2018 17:02:36 DEBUG    https://api.telegram.org:443 "GET /bot597935817:AAGAbCwCGnHD7yqsGLbPKXj1pNn-NaD8bCs/getUpdates?offset=461431536&timeout=20 HTTP/1.1" 200 23
Sat, 12 May 2018 17:02:56 DEBUG    https://api.telegram.org:443 "GET /bot597935817:AAGAbCwCGnHD7yqsGLbPKXj1pNn-NaD8bCs/getUpdates?offset=461431536&timeout=20 HTTP/1.1" 200 23
Sat, 12 May 2018 17:03:17 DEBUG    https://api.telegram.org:443 "GET /bot597935817:AAGAbCwCGnHD7yqsGLbPKXj1pNn-NaD8bCs/getUpdates?offset=461431536&timeout=20 HTTP/1.1" 200 23
Sat, 12 May 2018 17:03:43 DEBUG    https://api.telegram.org:443 "GET /bot597935817:AAGAbCwCGnHD7yqsGLbPKXj1pNn-NaD8bCs/getUpdates?offset=461431536&timeout=20 HTTP/1.1" 200 23
Sat, 12 May 2018 17:04:03 DEBUG    https://api.telegram.org:443 "GET /bot597935817:AAGAbCwCGnHD7yqsGLbPKXj1pNn-NaD8bCs/getUpdates?offset=461431536&timeout=20 HTTP/1.1" 200 23
Sat, 12 May 2018 17:04:24 DEBUG    https://api.telegram.org:443 "GET /bot597935817:AAGAbCwCGnHD7yqsGLbPKXj1pNn-NaD8bCs/getUpdates?offset=461431536&timeout=20 HTTP/1.1" 200 23
Sat, 12 May 2018 17:04:44 DEBUG    https://api.telegram.org:443 "GET /bot597935817:AAGAbCwCGnHD7yqsGLbPKXj1pNn-NaD8bCs/getUpdates?offset=461431536&timeout=20 HTTP/1.1" 200 23
Sat, 12 May 2018 17:05:05 DEBUG    https://api.telegram.org:443 "GET /bot597935817:AAGAbCwCGnHD7yqsGLbPKXj1pNn-NaD8bCs/getUpdates?offset=461431536&timeout=20 HTTP/1.1" 200 23
Sat, 12 May 2018 17:05:26 DEBUG    https://api.telegram.org:443 "GET /bot597935817:AAGAbCwCGnHD7yqsGLbPKXj1pNn-NaD8bCs/getUpdates?offset=461431536&timeout=20 HTTP/1.1" 200 23
Sat, 12 May 2018 17:05:46 DEBUG    https://api.telegram.org:443 "GET /bot597935817:AAGAbCwCGnHD7yqsGLbPKXj1pNn-NaD8bCs/getUpdates?offset=461431536&timeout=20 HTTP/1.1" 200 23
Sat, 12 May 2018 17:06:06 DEBUG    https://api.telegram.org:443 "GET /bot597935817:AAGAbCwCGnHD7yqsGLbPKXj1pNn-NaD8bCs/getUpdates?offset=461431536&timeout=20 HTTP/1.1" 200 23
Sat, 12 May 2018 17:06:26 DEBUG    https://api.telegram.org:443 "GET /bot597935817:AAGAbCwCGnHD7yqsGLbPKXj1pNn-NaD8bCs/getUpdates?offset=461431536&timeout=20 HTTP/1.1" 200 23
Sat, 12 May 2018 17:06:46 DEBUG    https://api.telegram.org:443 "GET /bot597935817:AAGAbCwCGnHD7yqsGLbPKXj1pNn-NaD8bCs/getUpdates?offset=461431536&timeout=20 HTTP/1.1" 200 23
Sat, 12 May 2018 17:07:06 DEBUG    https://api.telegram.org:443 "GET /bot597935817:AAGAbCwCGnHD7yqsGLbPKXj1pNn-NaD8bCs/getUpdates?offset=461431536&timeout=20 HTTP/1.1" 200 23
Sat, 12 May 2018 17:07:26 DEBUG    https://api.telegram.org:443 "GET /bot597935817:AAGAbCwCGnHD7yqsGLbPKXj1pNn-NaD8bCs/getUpdates?offset=461431536&timeout=20 HTTP/1.1" 200 23
Sat, 12 May 2018 17:07:46 DEBUG    https://api.telegram.org:443 "GET /bot597935817:AAGAbCwCGnHD7yqsGLbPKXj1pNn-NaD8bCs/getUpdates?offset=461431536&timeout=20 HTTP/1.1" 200 23
Sat, 12 May 2018 17:08:06 DEBUG    https://api.telegram.org:443 "GET /bot597935817:AAGAbCwCGnHD7yqsGLbPKXj1pNn-NaD8bCs/getUpdates?offset=461431536&timeout=20 HTTP/1.1" 200 23
Sat, 12 May 2018 17:08:27 DEBUG    https://api.telegram.org:443 "GET /bot597935817:AAGAbCwCGnHD7yqsGLbPKXj1pNn-NaD8bCs/getUpdates?offset=461431536&timeout=20 HTTP/1.1" 200 23
Sat, 12 May 2018 17:08:47 DEBUG    https://api.telegram.org:443 "GET /bot597935817:AAGAbCwCGnHD7yqsGLbPKXj1pNn-NaD8bCs/getUpdates?offset=461431536&timeout=20 HTTP/1.1" 200 23
Sat, 12 May 2018 17:08:48 DEBUG    https://api.telegram.org:443 "GET /bot597935817:AAGAbCwCGnHD7yqsGLbPKXj1pNn-NaD8bCs/getUpdates?offset=461431536&timeout=20 HTTP/1.1" 409 143
Sat, 12 May 2018 17:08:48 ERROR    ApiException occurred, args=('A request to the Telegram API was unsuccessful. The server returned HTTP 409 Conflict. Response body:\n[b\'{"ok":false,"error_code":409,"description":"Conflict: terminated by other getUpdates request; make sure that only one bot instance is running"}\']',)
Traceback (most recent call last):
  File "C:\Program Files\Python36\lib\site-packages\telebot\util.py", line 59, in run
    task(*args, **kwargs)
  File "C:\Program Files\Python36\lib\site-packages\telebot\__init__.py", line 159, in __retrieve_updates
    updates = self.get_updates(offset=(self.last_update_id + 1), timeout=timeout)
  File "C:\Program Files\Python36\lib\site-packages\telebot\__init__.py", line 129, in get_updates
    json_updates = apihelper.get_updates(self.token, offset, limit, timeout, allowed_updates)
  File "C:\Program Files\Python36\lib\site-packages\telebot\apihelper.py", line 175, in get_updates
    return _make_request(token, method_url, params=payload)
  File "C:\Program Files\Python36\lib\site-packages\telebot\apihelper.py", line 56, in _make_request
    return _check_result(method_name, result)['result']
  File "C:\Program Files\Python36\lib\site-packages\telebot\apihelper.py", line 75, in _check_result
    raise ApiException(msg, method_name, result)
telebot.apihelper.ApiException: A request to the Telegram API was unsuccessful. The server returned HTTP 409 Conflict. Response body:
[b'{"ok":false,"error_code":409,"description":"Conflict: terminated by other getUpdates request; make sure that only one bot instance is running"}']

Sat, 12 May 2018 17:08:48 ERROR    A request to the Telegram API was unsuccessful. The server returned HTTP 409 Conflict. Response body:
[b'{"ok":false,"error_code":409,"description":"Conflict: terminated by other getUpdates request; make sure that only one bot instance is running"}']
Sat, 12 May 2018 17:09:03 DEBUG    https://api.telegram.org:443 "GET /bot597935817:AAGAbCwCGnHD7yqsGLbPKXj1pNn-NaD8bCs/getUpdates?offset=461431536&timeout=20 HTTP/1.1" 409 143
Sat, 12 May 2018 17:09:03 ERROR    ApiException occurred, args=('A request to the Telegram API was unsuccessful. The server returned HTTP 409 Conflict. Response body:\n[b\'{"ok":false,"error_code":409,"description":"Conflict: terminated by other getUpdates request; make sure that only one bot instance is running"}\']',)
Traceback (most recent call last):
  File "C:\Program Files\Python36\lib\site-packages\telebot\util.py", line 59, in run
    task(*args, **kwargs)
  File "C:\Program Files\Python36\lib\site-packages\telebot\__init__.py", line 159, in __retrieve_updates
    updates = self.get_updates(offset=(self.last_update_id + 1), timeout=timeout)
  File "C:\Program Files\Python36\lib\site-packages\telebot\__init__.py", line 129, in get_updates
    json_updates = apihelper.get_updates(self.token, offset, limit, timeout, allowed_updates)
  File "C:\Program Files\Python36\lib\site-packages\telebot\apihelper.py", line 175, in get_updates
    return _make_request(token, method_url, params=payload)
  File "C:\Program Files\Python36\lib\site-packages\telebot\apihelper.py", line 56, in _make_request
    return _check_result(method_name, result)['result']
  File "C:\Program Files\Python36\lib\site-packages\telebot\apihelper.py", line 75, in _check_result
    raise ApiException(msg, method_name, result)
telebot.apihelper.ApiException: A request to the Telegram API was unsuccessful. The server returned HTTP 409 Conflict. Response body:
[b'{"ok":false,"error_code":409,"description":"Conflict: terminated by other getUpdates request; make sure that only one bot instance is running"}']

Sat, 12 May 2018 17:09:03 ERROR    A request to the Telegram API was unsuccessful. The server returned HTTP 409 Conflict. Response body:
[b'{"ok":false,"error_code":409,"description":"Conflict: terminated by other getUpdates request; make sure that only one bot instance is running"}']
Sat, 12 May 2018 17:09:23 DEBUG    https://api.telegram.org:443 "GET /bot597935817:AAGAbCwCGnHD7yqsGLbPKXj1pNn-NaD8bCs/getUpdates?offset=461431536&timeout=20 HTTP/1.1" 200 23
Sat, 12 May 2018 17:09:43 DEBUG    https://api.telegram.org:443 "GET /bot597935817:AAGAbCwCGnHD7yqsGLbPKXj1pNn-NaD8bCs/getUpdates?offset=461431536&timeout=20 HTTP/1.1" 200 23
Sat, 12 May 2018 17:10:03 DEBUG    https://api.telegram.org:443 "GET /bot597935817:AAGAbCwCGnHD7yqsGLbPKXj1pNn-NaD8bCs/getUpdates?offset=461431536&timeout=20 HTTP/1.1" 200 23
Sat, 12 May 2018 17:10:23 DEBUG    https://api.telegram.org:443 "GET /bot597935817:AAGAbCwCGnHD7yqsGLbPKXj1pNn-NaD8bCs/getUpdates?offset=461431536&timeout=20 HTTP/1.1" 200 23
Sat, 12 May 2018 17:10:44 DEBUG    https://api.telegram.org:443 "GET /bot597935817:AAGAbCwCGnHD7yqsGLbPKXj1pNn-NaD8bCs/getUpdates?offset=461431536&timeout=20 HTTP/1.1" 200 23
Sat, 12 May 2018 17:10:56 DEBUG    https://api.telegram.org:443 "GET /bot597935817:AAGAbCwCGnHD7yqsGLbPKXj1pNn-NaD8bCs/getUpdates?offset=461431536&timeout=20 HTTP/1.1" 409 143
Sat, 12 May 2018 17:10:56 ERROR    ApiException occurred, args=('A request to the Telegram API was unsuccessful. The server returned HTTP 409 Conflict. Response body:\n[b\'{"ok":false,"error_code":409,"description":"Conflict: terminated by other getUpdates request; make sure that only one bot instance is running"}\']',)
Traceback (most recent call last):
  File "C:\Program Files\Python36\lib\site-packages\telebot\util.py", line 59, in run
    task(*args, **kwargs)
  File "C:\Program Files\Python36\lib\site-packages\telebot\__init__.py", line 159, in __retrieve_updates
    updates = self.get_updates(offset=(self.last_update_id + 1), timeout=timeout)
  File "C:\Program Files\Python36\lib\site-packages\telebot\__init__.py", line 129, in get_updates
    json_updates = apihelper.get_updates(self.token, offset, limit, timeout, allowed_updates)
  File "C:\Program Files\Python36\lib\site-packages\telebot\apihelper.py", line 175, in get_updates
    return _make_request(token, method_url, params=payload)
  File "C:\Program Files\Python36\lib\site-packages\telebot\apihelper.py", line 56, in _make_request
    return _check_result(method_name, result)['result']
  File "C:\Program Files\Python36\lib\site-packages\telebot\apihelper.py", line 75, in _check_result
    raise ApiException(msg, method_name, result)
telebot.apihelper.ApiException: A request to the Telegram API was unsuccessful. The server returned HTTP 409 Conflict. Response body:
[b'{"ok":false,"error_code":409,"description":"Conflict: terminated by other getUpdates request; make sure that only one bot instance is running"}']

Sat, 12 May 2018 17:10:56 ERROR    A request to the Telegram API was unsuccessful. The server returned HTTP 409 Conflict. Response body:
[b'{"ok":false,"error_code":409,"description":"Conflict: terminated by other getUpdates request; make sure that only one bot instance is running"}']
Sat, 12 May 2018 17:11:16 DEBUG    https://api.telegram.org:443 "GET /bot597935817:AAGAbCwCGnHD7yqsGLbPKXj1pNn-NaD8bCs/getUpdates?offset=461431536&timeout=20 HTTP/1.1" 200 23
Sat, 12 May 2018 17:11:36 DEBUG    https://api.telegram.org:443 "GET /bot597935817:AAGAbCwCGnHD7yqsGLbPKXj1pNn-NaD8bCs/getUpdates?offset=461431536&timeout=20 HTTP/1.1" 200 23
Sat, 12 May 2018 17:11:56 DEBUG    https://api.telegram.org:443 "GET /bot597935817:AAGAbCwCGnHD7yqsGLbPKXj1pNn-NaD8bCs/getUpdates?offset=461431536&timeout=20 HTTP/1.1" 200 23
Sat, 12 May 2018 17:12:17 DEBUG    https://api.telegram.org:443 "GET /bot597935817:AAGAbCwCGnHD7yqsGLbPKXj1pNn-NaD8bCs/getUpdates?offset=461431536&timeout=20 HTTP/1.1" 200 23
Sat, 12 May 2018 17:12:37 DEBUG    https://api.telegram.org:443 "GET /bot597935817:AAGAbCwCGnHD7yqsGLbPKXj1pNn-NaD8bCs/getUpdates?offset=461431536&timeout=20 HTTP/1.1" 200 23
Sat, 12 May 2018 17:12:57 DEBUG    https://api.telegram.org:443 "GET /bot597935817:AAGAbCwCGnHD7yqsGLbPKXj1pNn-NaD8bCs/getUpdates?offset=461431536&timeout=20 HTTP/1.1" 200 23
Sat, 12 May 2018 17:13:17 DEBUG    https://api.telegram.org:443 "GET /bot597935817:AAGAbCwCGnHD7yqsGLbPKXj1pNn-NaD8bCs/getUpdates?offset=461431536&timeout=20 HTTP/1.1" 200 23
Sat, 12 May 2018 17:13:37 DEBUG    https://api.telegram.org:443 "GET /bot597935817:AAGAbCwCGnHD7yqsGLbPKXj1pNn-NaD8bCs/getUpdates?offset=461431536&timeout=20 HTTP/1.1" 200 23
Sat, 12 May 2018 17:13:57 DEBUG    https://api.telegram.org:443 "GET /bot597935817:AAGAbCwCGnHD7yqsGLbPKXj1pNn-NaD8bCs/getUpdates?offset=461431536&timeout=20 HTTP/1.1" 200 23
Sat, 12 May 2018 17:14:17 DEBUG    https://api.telegram.org:443 "GET /bot597935817:AAGAbCwCGnHD7yqsGLbPKXj1pNn-NaD8bCs/getUpdates?offset=461431536&timeout=20 HTTP/1.1" 200 23
Sat, 12 May 2018 17:14:37 DEBUG    https://api.telegram.org:443 "GET /bot597935817:AAGAbCwCGnHD7yqsGLbPKXj1pNn-NaD8bCs/getUpdates?offset=461431536&timeout=20 HTTP/1.1" 200 23
Sat, 12 May 2018 17:14:58 DEBUG    https://api.telegram.org:443 "GET /bot597935817:AAGAbCwCGnHD7yqsGLbPKXj1pNn-NaD8bCs/getUpdates?offset=461431536&timeout=20 HTTP/1.1" 200 23
Sat, 12 May 2018 17:15:18 DEBUG    https://api.telegram.org:443 "GET /bot597935817:AAGAbCwCGnHD7yqsGLbPKXj1pNn-NaD8bCs/getUpdates?offset=461431536&timeout=20 HTTP/1.1" 200 23
Sat, 12 May 2018 17:15:38 DEBUG    https://api.telegram.org:443 "GET /bot597935817:AAGAbCwCGnHD7yqsGLbPKXj1pNn-NaD8bCs/getUpdates?offset=461431536&timeout=20 HTTP/1.1" 200 23
Sat, 12 May 2018 17:15:58 DEBUG    https://api.telegram.org:443 "GET /bot597935817:AAGAbCwCGnHD7yqsGLbPKXj1pNn-NaD8bCs/getUpdates?offset=461431536&timeout=20 HTTP/1.1" 200 23
Sat, 12 May 2018 17:16:18 DEBUG    https://api.telegram.org:443 "GET /bot597935817:AAGAbCwCGnHD7yqsGLbPKXj1pNn-NaD8bCs/getUpdates?offset=461431536&timeout=20 HTTP/1.1" 200 23
Sat, 12 May 2018 17:16:38 DEBUG    https://api.telegram.org:443 "GET /bot597935817:AAGAbCwCGnHD7yqsGLbPKXj1pNn-NaD8bCs/getUpdates?offset=461431536&timeout=20 HTTP/1.1" 200 23
Sat, 12 May 2018 17:17:05 DEBUG    https://api.telegram.org:443 "GET /bot597935817:AAGAbCwCGnHD7yqsGLbPKXj1pNn-NaD8bCs/getUpdates?offset=461431536&timeout=20 HTTP/1.1" 200 23
Sat, 12 May 2018 17:17:25 DEBUG    https://api.telegram.org:443 "GET /bot597935817:AAGAbCwCGnHD7yqsGLbPKXj1pNn-NaD8bCs/getUpdates?offset=461431536&timeout=20 HTTP/1.1" 200 23
Sat, 12 May 2018 17:17:45 DEBUG    https://api.telegram.org:443 "GET /bot597935817:AAGAbCwCGnHD7yqsGLbPKXj1pNn-NaD8bCs/getUpdates?offset=461431536&timeout=20 HTTP/1.1" 200 23
Sat, 12 May 2018 17:18:05 DEBUG    https://api.telegram.org:443 "GET /bot597935817:AAGAbCwCGnHD7yqsGLbPKXj1pNn-NaD8bCs/getUpdates?offset=461431536&timeout=20 HTTP/1.1" 200 23
Sat, 12 May 2018 17:18:26 DEBUG    https://api.telegram.org:443 "GET /bot597935817:AAGAbCwCGnHD7yqsGLbPKXj1pNn-NaD8bCs/getUpdates?offset=461431536&timeout=20 HTTP/1.1" 200 23
Sat, 12 May 2018 17:18:46 DEBUG    https://api.telegram.org:443 "GET /bot597935817:AAGAbCwCGnHD7yqsGLbPKXj1pNn-NaD8bCs/getUpdates?offset=461431536&timeout=20 HTTP/1.1" 200 23
Sat, 12 May 2018 17:19:06 DEBUG    https://api.telegram.org:443 "GET /bot597935817:AAGAbCwCGnHD7yqsGLbPKXj1pNn-NaD8bCs/getUpdates?offset=461431536&timeout=20 HTTP/1.1" 200 23
Sat, 12 May 2018 17:19:26 DEBUG    https://api.telegram.org:443 "GET /bot597935817:AAGAbCwCGnHD7yqsGLbPKXj1pNn-NaD8bCs/getUpdates?offset=461431536&timeout=20 HTTP/1.1" 200 23
Sat, 12 May 2018 17:19:46 DEBUG    https://api.telegram.org:443 "GET /bot597935817:AAGAbCwCGnHD7yqsGLbPKXj1pNn-NaD8bCs/getUpdates?offset=461431536&timeout=20 HTTP/1.1" 200 23
Sat, 12 May 2018 17:20:06 DEBUG    https://api.telegram.org:443 "GET /bot597935817:AAGAbCwCGnHD7yqsGLbPKXj1pNn-NaD8bCs/getUpdates?offset=461431536&timeout=20 HTTP/1.1" 200 23
Sat, 12 May 2018 17:20:26 DEBUG    https://api.telegram.org:443 "GET /bot597935817:AAGAbCwCGnHD7yqsGLbPKXj1pNn-NaD8bCs/getUpdates?offset=461431536&timeout=20 HTTP/1.1" 200 23
Sat, 12 May 2018 17:20:46 DEBUG    https://api.telegram.org:443 "GET /bot597935817:AAGAbCwCGnHD7yqsGLbPKXj1pNn-NaD8bCs/getUpdates?offset=461431536&timeout=20 HTTP/1.1" 200 23
Sat, 12 May 2018 17:21:06 DEBUG    https://api.telegram.org:443 "GET /bot597935817:AAGAbCwCGnHD7yqsGLbPKXj1pNn-NaD8bCs/getUpdates?offset=461431536&timeout=20 HTTP/1.1" 200 23
Sat, 12 May 2018 17:21:26 DEBUG    https://api.telegram.org:443 "GET /bot597935817:AAGAbCwCGnHD7yqsGLbPKXj1pNn-NaD8bCs/getUpdates?offset=461431536&timeout=20 HTTP/1.1" 200 23
Sat, 12 May 2018 17:21:47 DEBUG    https://api.telegram.org:443 "GET /bot597935817:AAGAbCwCGnHD7yqsGLbPKXj1pNn-NaD8bCs/getUpdates?offset=461431536&timeout=20 HTTP/1.1" 200 23
Sat, 12 May 2018 17:22:07 DEBUG    https://api.telegram.org:443 "GET /bot597935817:AAGAbCwCGnHD7yqsGLbPKXj1pNn-NaD8bCs/getUpdates?offset=461431536&timeout=20 HTTP/1.1" 200 23
Sat, 12 May 2018 17:22:27 DEBUG    https://api.telegram.org:443 "GET /bot597935817:AAGAbCwCGnHD7yqsGLbPKXj1pNn-NaD8bCs/getUpdates?offset=461431536&timeout=20 HTTP/1.1" 200 23
Sat, 12 May 2018 17:22:47 DEBUG    https://api.telegram.org:443 "GET /bot597935817:AAGAbCwCGnHD7yqsGLbPKXj1pNn-NaD8bCs/getUpdates?offset=461431536&timeout=20 HTTP/1.1" 200 23
Sat, 12 May 2018 17:23:07 DEBUG    https://api.telegram.org:443 "GET /bot597935817:AAGAbCwCGnHD7yqsGLbPKXj1pNn-NaD8bCs/getUpdates?offset=461431536&timeout=20 HTTP/1.1" 200 23
Sat, 12 May 2018 17:23:27 DEBUG    https://api.telegram.org:443 "GET /bot597935817:AAGAbCwCGnHD7yqsGLbPKXj1pNn-NaD8bCs/getUpdates?offset=461431536&timeout=20 HTTP/1.1" 200 23
Sat, 12 May 2018 17:23:47 DEBUG    https://api.telegram.org:443 "GET /bot597935817:AAGAbCwCGnHD7yqsGLbPKXj1pNn-NaD8bCs/getUpdates?offset=461431536&timeout=20 HTTP/1.1" 200 23
Sat, 12 May 2018 17:24:07 DEBUG    https://api.telegram.org:443 "GET /bot597935817:AAGAbCwCGnHD7yqsGLbPKXj1pNn-NaD8bCs/getUpdates?offset=461431536&timeout=20 HTTP/1.1" 200 23
Sat, 12 May 2018 17:24:27 DEBUG    https://api.telegram.org:443 "GET /bot597935817:AAGAbCwCGnHD7yqsGLbPKXj1pNn-NaD8bCs/getUpdates?offset=461431536&timeout=20 HTTP/1.1" 200 23
Sat, 12 May 2018 17:24:48 DEBUG    https://api.telegram.org:443 "GET /bot597935817:AAGAbCwCGnHD7yqsGLbPKXj1pNn-NaD8bCs/getUpdates?offset=461431536&timeout=20 HTTP/1.1" 200 23
Sat, 12 May 2018 17:25:08 DEBUG    https://api.telegram.org:443 "GET /bot597935817:AAGAbCwCGnHD7yqsGLbPKXj1pNn-NaD8bCs/getUpdates?offset=461431536&timeout=20 HTTP/1.1" 200 23
Sat, 12 May 2018 17:25:28 DEBUG    https://api.telegram.org:443 "GET /bot597935817:AAGAbCwCGnHD7yqsGLbPKXj1pNn-NaD8bCs/getUpdates?offset=461431536&timeout=20 HTTP/1.1" 200 23
Sat, 12 May 2018 17:25:48 DEBUG    https://api.telegram.org:443 "GET /bot597935817:AAGAbCwCGnHD7yqsGLbPKXj1pNn-NaD8bCs/getUpdates?offset=461431536&timeout=20 HTTP/1.1" 200 23
Sat, 12 May 2018 17:26:08 DEBUG    https://api.telegram.org:443 "GET /bot597935817:AAGAbCwCGnHD7yqsGLbPKXj1pNn-NaD8bCs/getUpdates?offset=461431536&timeout=20 HTTP/1.1" 200 23
Sat, 12 May 2018 17:26:28 DEBUG    https://api.telegram.org:443 "GET /bot597935817:AAGAbCwCGnHD7yqsGLbPKXj1pNn-NaD8bCs/getUpdates?offset=461431536&timeout=20 HTTP/1.1" 200 23
Sat, 12 May 2018 17:26:48 DEBUG    https://api.telegram.org:443 "GET /bot597935817:AAGAbCwCGnHD7yqsGLbPKXj1pNn-NaD8bCs/getUpdates?offset=461431536&timeout=20 HTTP/1.1" 200 23
Sat, 12 May 2018 17:27:08 DEBUG    https://api.telegram.org:443 "GET /bot597935817:AAGAbCwCGnHD7yqsGLbPKXj1pNn-NaD8bCs/getUpdates?offset=461431536&timeout=20 HTTP/1.1" 200 23
Sat, 12 May 2018 17:27:28 DEBUG    https://api.telegram.org:443 "GET /bot597935817:AAGAbCwCGnHD7yqsGLbPKXj1pNn-NaD8bCs/getUpdates?offset=461431536&timeout=20 HTTP/1.1" 200 23
Sat, 12 May 2018 17:27:48 DEBUG    https://api.telegram.org:443 "GET /bot597935817:AAGAbCwCGnHD7yqsGLbPKXj1pNn-NaD8bCs/getUpdates?offset=461431536&timeout=20 HTTP/1.1" 200 23
Sat, 12 May 2018 17:28:09 DEBUG    https://api.telegram.org:443 "GET /bot597935817:AAGAbCwCGnHD7yqsGLbPKXj1pNn-NaD8bCs/getUpdates?offset=461431536&timeout=20 HTTP/1.1" 200 23
Sat, 12 May 2018 17:28:29 DEBUG    https://api.telegram.org:443 "GET /bot597935817:AAGAbCwCGnHD7yqsGLbPKXj1pNn-NaD8bCs/getUpdates?offset=461431536&timeout=20 HTTP/1.1" 200 23
Sat, 12 May 2018 17:28:49 DEBUG    https://api.telegram.org:443 "GET /bot597935817:AAGAbCwCGnHD7yqsGLbPKXj1pNn-NaD8bCs/getUpdates?offset=461431536&timeout=20 HTTP/1.1" 200 23
Sat, 12 May 2018 17:29:09 DEBUG    https://api.telegram.org:443 "GET /bot597935817:AAGAbCwCGnHD7yqsGLbPKXj1pNn-NaD8bCs/getUpdates?offset=461431536&timeout=20 HTTP/1.1" 200 23
Sat, 12 May 2018 17:29:29 DEBUG    https://api.telegram.org:443 "GET /bot597935817:AAGAbCwCGnHD7yqsGLbPKXj1pNn-NaD8bCs/getUpdates?offset=461431536&timeout=20 HTTP/1.1" 200 23
Sat, 12 May 2018 17:29:49 DEBUG    https://api.telegram.org:443 "GET /bot597935817:AAGAbCwCGnHD7yqsGLbPKXj1pNn-NaD8bCs/getUpdates?offset=461431536&timeout=20 HTTP/1.1" 200 23
Sat, 12 May 2018 17:30:09 DEBUG    https://api.telegram.org:443 "GET /bot597935817:AAGAbCwCGnHD7yqsGLbPKXj1pNn-NaD8bCs/getUpdates?offset=461431536&timeout=20 HTTP/1.1" 200 23
Sat, 12 May 2018 17:30:29 DEBUG    https://api.telegram.org:443 "GET /bot597935817:AAGAbCwCGnHD7yqsGLbPKXj1pNn-NaD8bCs/getUpdates?offset=461431536&timeout=20 HTTP/1.1" 200 23
Sat, 12 May 2018 17:30:50 DEBUG    https://api.telegram.org:443 "GET /bot597935817:AAGAbCwCGnHD7yqsGLbPKXj1pNn-NaD8bCs/getUpdates?offset=461431536&timeout=20 HTTP/1.1" 200 23
Sat, 12 May 2018 17:31:10 DEBUG    https://api.telegram.org:443 "GET /bot597935817:AAGAbCwCGnHD7yqsGLbPKXj1pNn-NaD8bCs/getUpdates?offset=461431536&timeout=20 HTTP/1.1" 200 23
Sat, 12 May 2018 17:31:34 DEBUG    https://api.telegram.org:443 "GET /bot597935817:AAGAbCwCGnHD7yqsGLbPKXj1pNn-NaD8bCs/getUpdates?offset=461431536&timeout=20 HTTP/1.1" 200 23
Sat, 12 May 2018 17:31:54 DEBUG    https://api.telegram.org:443 "GET /bot597935817:AAGAbCwCGnHD7yqsGLbPKXj1pNn-NaD8bCs/getUpdates?offset=461431536&timeout=20 HTTP/1.1" 200 23
Sat, 12 May 2018 17:32:14 DEBUG    https://api.telegram.org:443 "GET /bot597935817:AAGAbCwCGnHD7yqsGLbPKXj1pNn-NaD8bCs/getUpdates?offset=461431536&timeout=20 HTTP/1.1" 200 23
Sat, 12 May 2018 17:32:34 DEBUG    https://api.telegram.org:443 "GET /bot597935817:AAGAbCwCGnHD7yqsGLbPKXj1pNn-NaD8bCs/getUpdates?offset=461431536&timeout=20 HTTP/1.1" 200 23
Sat, 12 May 2018 17:32:55 DEBUG    https://api.telegram.org:443 "GET /bot597935817:AAGAbCwCGnHD7yqsGLbPKXj1pNn-NaD8bCs/getUpdates?offset=461431536&timeout=20 HTTP/1.1" 200 23
Sat, 12 May 2018 17:32:55 DEBUG    Resetting dropped connection: api.telegram.org
Sat, 12 May 2018 17:33:15 DEBUG    https://api.telegram.org:443 "GET /bot597935817:AAGAbCwCGnHD7yqsGLbPKXj1pNn-NaD8bCs/getUpdates?offset=461431536&timeout=20 HTTP/1.1" 200 23
Sat, 12 May 2018 17:33:35 DEBUG    https://api.telegram.org:443 "GET /bot597935817:AAGAbCwCGnHD7yqsGLbPKXj1pNn-NaD8bCs/getUpdates?offset=461431536&timeout=20 HTTP/1.1" 200 23
Sat, 12 May 2018 17:33:55 DEBUG    https://api.telegram.org:443 "GET /bot597935817:AAGAbCwCGnHD7yqsGLbPKXj1pNn-NaD8bCs/getUpdates?offset=461431536&timeout=20 HTTP/1.1" 200 23
Sat, 12 May 2018 17:34:15 DEBUG    https://api.telegram.org:443 "GET /bot597935817:AAGAbCwCGnHD7yqsGLbPKXj1pNn-NaD8bCs/getUpdates?offset=461431536&timeout=20 HTTP/1.1" 200 23
Sat, 12 May 2018 17:34:35 DEBUG    https://api.telegram.org:443 "GET /bot597935817:AAGAbCwCGnHD7yqsGLbPKXj1pNn-NaD8bCs/getUpdates?offset=461431536&timeout=20 HTTP/1.1" 200 23
Sat, 12 May 2018 17:34:56 DEBUG    https://api.telegram.org:443 "GET /bot597935817:AAGAbCwCGnHD7yqsGLbPKXj1pNn-NaD8bCs/getUpdates?offset=461431536&timeout=20 HTTP/1.1" 200 23
Sat, 12 May 2018 17:35:16 DEBUG    https://api.telegram.org:443 "GET /bot597935817:AAGAbCwCGnHD7yqsGLbPKXj1pNn-NaD8bCs/getUpdates?offset=461431536&timeout=20 HTTP/1.1" 200 23
Sat, 12 May 2018 17:35:36 DEBUG    https://api.telegram.org:443 "GET /bot597935817:AAGAbCwCGnHD7yqsGLbPKXj1pNn-NaD8bCs/getUpdates?offset=461431536&timeout=20 HTTP/1.1" 200 23
Sat, 12 May 2018 17:35:56 DEBUG    https://api.telegram.org:443 "GET /bot597935817:AAGAbCwCGnHD7yqsGLbPKXj1pNn-NaD8bCs/getUpdates?offset=461431536&timeout=20 HTTP/1.1" 200 23
Sat, 12 May 2018 17:36:16 DEBUG    https://api.telegram.org:443 "GET /bot597935817:AAGAbCwCGnHD7yqsGLbPKXj1pNn-NaD8bCs/getUpdates?offset=461431536&timeout=20 HTTP/1.1" 200 23
Sat, 12 May 2018 17:36:36 DEBUG    https://api.telegram.org:443 "GET /bot597935817:AAGAbCwCGnHD7yqsGLbPKXj1pNn-NaD8bCs/getUpdates?offset=461431536&timeout=20 HTTP/1.1" 200 23
Sat, 12 May 2018 17:36:56 DEBUG    https://api.telegram.org:443 "GET /bot597935817:AAGAbCwCGnHD7yqsGLbPKXj1pNn-NaD8bCs/getUpdates?offset=461431536&timeout=20 HTTP/1.1" 200 23
Sat, 12 May 2018 17:37:16 DEBUG    https://api.telegram.org:443 "GET /bot597935817:AAGAbCwCGnHD7yqsGLbPKXj1pNn-NaD8bCs/getUpdates?offset=461431536&timeout=20 HTTP/1.1" 200 23
Sat, 12 May 2018 17:37:36 DEBUG    https://api.telegram.org:443 "GET /bot597935817:AAGAbCwCGnHD7yqsGLbPKXj1pNn-NaD8bCs/getUpdates?offset=461431536&timeout=20 HTTP/1.1" 200 23
Sat, 12 May 2018 17:37:56 DEBUG    https://api.telegram.org:443 "GET /bot597935817:AAGAbCwCGnHD7yqsGLbPKXj1pNn-NaD8bCs/getUpdates?offset=461431536&timeout=20 HTTP/1.1" 200 23
Sat, 12 May 2018 17:38:17 DEBUG    https://api.telegram.org:443 "GET /bot597935817:AAGAbCwCGnHD7yqsGLbPKXj1pNn-NaD8bCs/getUpdates?offset=461431536&timeout=20 HTTP/1.1" 200 23
Sat, 12 May 2018 17:38:37 DEBUG    https://api.telegram.org:443 "GET /bot597935817:AAGAbCwCGnHD7yqsGLbPKXj1pNn-NaD8bCs/getUpdates?offset=461431536&timeout=20 HTTP/1.1" 200 23
Sat, 12 May 2018 17:38:57 DEBUG    https://api.telegram.org:443 "GET /bot597935817:AAGAbCwCGnHD7yqsGLbPKXj1pNn-NaD8bCs/getUpdates?offset=461431536&timeout=20 HTTP/1.1" 200 23
Sat, 12 May 2018 17:39:17 DEBUG    https://api.telegram.org:443 "GET /bot597935817:AAGAbCwCGnHD7yqsGLbPKXj1pNn-NaD8bCs/getUpdates?offset=461431536&timeout=20 HTTP/1.1" 200 23
Sat, 12 May 2018 17:39:37 DEBUG    https://api.telegram.org:443 "GET /bot597935817:AAGAbCwCGnHD7yqsGLbPKXj1pNn-NaD8bCs/getUpdates?offset=461431536&timeout=20 HTTP/1.1" 200 23
Sat, 12 May 2018 17:39:57 DEBUG    https://api.telegram.org:443 "GET /bot597935817:AAGAbCwCGnHD7yqsGLbPKXj1pNn-NaD8bCs/getUpdates?offset=461431536&timeout=20 HTTP/1.1" 200 23
Sat, 12 May 2018 17:40:17 DEBUG    https://api.telegram.org:443 "GET /bot597935817:AAGAbCwCGnHD7yqsGLbPKXj1pNn-NaD8bCs/getUpdates?offset=461431536&timeout=20 HTTP/1.1" 200 23
Sat, 12 May 2018 17:40:37 DEBUG    https://api.telegram.org:443 "GET /bot597935817:AAGAbCwCGnHD7yqsGLbPKXj1pNn-NaD8bCs/getUpdates?offset=461431536&timeout=20 HTTP/1.1" 200 23
Sat, 12 May 2018 17:40:57 DEBUG    https://api.telegram.org:443 "GET /bot597935817:AAGAbCwCGnHD7yqsGLbPKXj1pNn-NaD8bCs/getUpdates?offset=461431536&timeout=20 HTTP/1.1" 200 23
Sat, 12 May 2018 17:41:18 DEBUG    https://api.telegram.org:443 "GET /bot597935817:AAGAbCwCGnHD7yqsGLbPKXj1pNn-NaD8bCs/getUpdates?offset=461431536&timeout=20 HTTP/1.1" 200 23
Sat, 12 May 2018 17:41:38 DEBUG    https://api.telegram.org:443 "GET /bot597935817:AAGAbCwCGnHD7yqsGLbPKXj1pNn-NaD8bCs/getUpdates?offset=461431536&timeout=20 HTTP/1.1" 200 23
Sat, 12 May 2018 17:41:58 DEBUG    https://api.telegram.org:443 "GET /bot597935817:AAGAbCwCGnHD7yqsGLbPKXj1pNn-NaD8bCs/getUpdates?offset=461431536&timeout=20 HTTP/1.1" 200 23
Sat, 12 May 2018 17:42:18 DEBUG    https://api.telegram.org:443 "GET /bot597935817:AAGAbCwCGnHD7yqsGLbPKXj1pNn-NaD8bCs/getUpdates?offset=461431536&timeout=20 HTTP/1.1" 200 23
Sat, 12 May 2018 17:42:38 DEBUG    https://api.telegram.org:443 "GET /bot597935817:AAGAbCwCGnHD7yqsGLbPKXj1pNn-NaD8bCs/getUpdates?offset=461431536&timeout=20 HTTP/1.1" 200 23
Sat, 12 May 2018 17:42:58 DEBUG    https://api.telegram.org:443 "GET /bot597935817:AAGAbCwCGnHD7yqsGLbPKXj1pNn-NaD8bCs/getUpdates?offset=461431536&timeout=20 HTTP/1.1" 200 23
Sat, 12 May 2018 17:43:00 DEBUG    https://api.telegram.org:443 "GET /bot597935817:AAGAbCwCGnHD7yqsGLbPKXj1pNn-NaD8bCs/getUpdates?offset=461431536&timeout=20 HTTP/1.1" 409 143
Sat, 12 May 2018 17:43:00 ERROR    ApiException occurred, args=('A request to the Telegram API was unsuccessful. The server returned HTTP 409 Conflict. Response body:\n[b\'{"ok":false,"error_code":409,"description":"Conflict: terminated by other getUpdates request; make sure that only one bot instance is running"}\']',)
Traceback (most recent call last):
  File "C:\Program Files\Python36\lib\site-packages\telebot\util.py", line 59, in run
    task(*args, **kwargs)
  File "C:\Program Files\Python36\lib\site-packages\telebot\__init__.py", line 159, in __retrieve_updates
    updates = self.get_updates(offset=(self.last_update_id + 1), timeout=timeout)
  File "C:\Program Files\Python36\lib\site-packages\telebot\__init__.py", line 129, in get_updates
    json_updates = apihelper.get_updates(self.token, offset, limit, timeout, allowed_updates)
  File "C:\Program Files\Python36\lib\site-packages\telebot\apihelper.py", line 175, in get_updates
    return _make_request(token, method_url, params=payload)
  File "C:\Program Files\Python36\lib\site-packages\telebot\apihelper.py", line 56, in _make_request
    return _check_result(method_name, result)['result']
  File "C:\Program Files\Python36\lib\site-packages\telebot\apihelper.py", line 75, in _check_result
    raise ApiException(msg, method_name, result)
telebot.apihelper.ApiException: A request to the Telegram API was unsuccessful. The server returned HTTP 409 Conflict. Response body:
[b'{"ok":false,"error_code":409,"description":"Conflict: terminated by other getUpdates request; make sure that only one bot instance is running"}']

Sat, 12 May 2018 17:43:00 ERROR    A request to the Telegram API was unsuccessful. The server returned HTTP 409 Conflict. Response body:
[b'{"ok":false,"error_code":409,"description":"Conflict: terminated by other getUpdates request; make sure that only one bot instance is running"}']
Sat, 12 May 2018 17:43:16 DEBUG    https://api.telegram.org:443 "GET /bot597935817:AAGAbCwCGnHD7yqsGLbPKXj1pNn-NaD8bCs/getUpdates?offset=461431536&timeout=20 HTTP/1.1" 409 143
Sat, 12 May 2018 17:43:16 ERROR    ApiException occurred, args=('A request to the Telegram API was unsuccessful. The server returned HTTP 409 Conflict. Response body:\n[b\'{"ok":false,"error_code":409,"description":"Conflict: terminated by other getUpdates request; make sure that only one bot instance is running"}\']',)
Traceback (most recent call last):
  File "C:\Program Files\Python36\lib\site-packages\telebot\util.py", line 59, in run
    task(*args, **kwargs)
  File "C:\Program Files\Python36\lib\site-packages\telebot\__init__.py", line 159, in __retrieve_updates
    updates = self.get_updates(offset=(self.last_update_id + 1), timeout=timeout)
  File "C:\Program Files\Python36\lib\site-packages\telebot\__init__.py", line 129, in get_updates
    json_updates = apihelper.get_updates(self.token, offset, limit, timeout, allowed_updates)
  File "C:\Program Files\Python36\lib\site-packages\telebot\apihelper.py", line 175, in get_updates
    return _make_request(token, method_url, params=payload)
  File "C:\Program Files\Python36\lib\site-packages\telebot\apihelper.py", line 56, in _make_request
    return _check_result(method_name, result)['result']
  File "C:\Program Files\Python36\lib\site-packages\telebot\apihelper.py", line 75, in _check_result
    raise ApiException(msg, method_name, result)
telebot.apihelper.ApiException: A request to the Telegram API was unsuccessful. The server returned HTTP 409 Conflict. Response body:
[b'{"ok":false,"error_code":409,"description":"Conflict: terminated by other getUpdates request; make sure that only one bot instance is running"}']

Sat, 12 May 2018 17:43:16 ERROR    A request to the Telegram API was unsuccessful. The server returned HTTP 409 Conflict. Response body:
[b'{"ok":false,"error_code":409,"description":"Conflict: terminated by other getUpdates request; make sure that only one bot instance is running"}']
Sat, 12 May 2018 17:43:43 DEBUG    https://api.telegram.org:443 "GET /bot597935817:AAGAbCwCGnHD7yqsGLbPKXj1pNn-NaD8bCs/getUpdates?offset=461431536&timeout=20 HTTP/1.1" 200 23
Sat, 12 May 2018 17:44:03 DEBUG    https://api.telegram.org:443 "GET /bot597935817:AAGAbCwCGnHD7yqsGLbPKXj1pNn-NaD8bCs/getUpdates?offset=461431536&timeout=20 HTTP/1.1" 200 23
Sat, 12 May 2018 17:44:23 DEBUG    https://api.telegram.org:443 "GET /bot597935817:AAGAbCwCGnHD7yqsGLbPKXj1pNn-NaD8bCs/getUpdates?offset=461431536&timeout=20 HTTP/1.1" 200 23
Sat, 12 May 2018 17:44:45 DEBUG    https://api.telegram.org:443 "GET /bot597935817:AAGAbCwCGnHD7yqsGLbPKXj1pNn-NaD8bCs/getUpdates?offset=461431536&timeout=20 HTTP/1.1" 200 23
Sat, 12 May 2018 17:45:13 DEBUG    https://api.telegram.org:443 "GET /bot597935817:AAGAbCwCGnHD7yqsGLbPKXj1pNn-NaD8bCs/getUpdates?offset=461431536&timeout=20 HTTP/1.1" 200 23
Sat, 12 May 2018 17:45:43 ERROR    ReadTimeout occurred, args=(ReadTimeoutError("HTTPSConnectionPool(host='api.telegram.org', port=443): Read timed out. (read timeout=30)",),)
Traceback (most recent call last):
  File "C:\Program Files\Python36\lib\site-packages\urllib3\connectionpool.py", line 387, in _make_request
    six.raise_from(e, None)
  File "<string>", line 2, in raise_from
  File "C:\Program Files\Python36\lib\site-packages\urllib3\connectionpool.py", line 383, in _make_request
    httplib_response = conn.getresponse()
  File "C:\Program Files\Python36\lib\http\client.py", line 1331, in getresponse
    response.begin()
  File "C:\Program Files\Python36\lib\http\client.py", line 297, in begin
    version, status, reason = self._read_status()
  File "C:\Program Files\Python36\lib\http\client.py", line 258, in _read_status
    line = str(self.fp.readline(_MAXLINE + 1), "iso-8859-1")
  File "C:\Program Files\Python36\lib\socket.py", line 586, in readinto
    return self._sock.recv_into(b)
  File "C:\Program Files\Python36\lib\ssl.py", line 1009, in recv_into
    return self.read(nbytes, buffer)
  File "C:\Program Files\Python36\lib\ssl.py", line 871, in read
    return self._sslobj.read(len, buffer)
  File "C:\Program Files\Python36\lib\ssl.py", line 631, in read
    v = self._sslobj.read(len, buffer)
socket.timeout: The read operation timed out

During handling of the above exception, another exception occurred:

Traceback (most recent call last):
  File "C:\Program Files\Python36\lib\site-packages\requests\adapters.py", line 440, in send
    timeout=timeout
  File "C:\Program Files\Python36\lib\site-packages\urllib3\connectionpool.py", line 639, in urlopen
    _stacktrace=sys.exc_info()[2])
  File "C:\Program Files\Python36\lib\site-packages\urllib3\util\retry.py", line 357, in increment
    raise six.reraise(type(error), error, _stacktrace)
  File "C:\Program Files\Python36\lib\site-packages\urllib3\packages\six.py", line 686, in reraise
    raise value
  File "C:\Program Files\Python36\lib\site-packages\urllib3\connectionpool.py", line 601, in urlopen
    chunked=chunked)
  File "C:\Program Files\Python36\lib\site-packages\urllib3\connectionpool.py", line 389, in _make_request
    self._raise_timeout(err=e, url=url, timeout_value=read_timeout)
  File "C:\Program Files\Python36\lib\site-packages\urllib3\connectionpool.py", line 309, in _raise_timeout
    raise ReadTimeoutError(self, url, "Read timed out. (read timeout=%s)" % timeout_value)
urllib3.exceptions.ReadTimeoutError: HTTPSConnectionPool(host='api.telegram.org', port=443): Read timed out. (read timeout=30)

During handling of the above exception, another exception occurred:

Traceback (most recent call last):
  File "C:\Program Files\Python36\lib\site-packages\telebot\util.py", line 59, in run
    task(*args, **kwargs)
  File "C:\Program Files\Python36\lib\site-packages\telebot\__init__.py", line 159, in __retrieve_updates
    updates = self.get_updates(offset=(self.last_update_id + 1), timeout=timeout)
  File "C:\Program Files\Python36\lib\site-packages\telebot\__init__.py", line 129, in get_updates
    json_updates = apihelper.get_updates(self.token, offset, limit, timeout, allowed_updates)
  File "C:\Program Files\Python36\lib\site-packages\telebot\apihelper.py", line 175, in get_updates
    return _make_request(token, method_url, params=payload)
  File "C:\Program Files\Python36\lib\site-packages\telebot\apihelper.py", line 54, in _make_request
    timeout=(connect_timeout, read_timeout), proxies=proxy)
  File "C:\Program Files\Python36\lib\site-packages\requests\sessions.py", line 508, in request
    resp = self.send(prep, **send_kwargs)
  File "C:\Program Files\Python36\lib\site-packages\requests\sessions.py", line 618, in send
    r = adapter.send(request, **kwargs)
  File "C:\Program Files\Python36\lib\site-packages\requests\adapters.py", line 521, in send
    raise ReadTimeout(e, request=request)
requests.exceptions.ReadTimeout: HTTPSConnectionPool(host='api.telegram.org', port=443): Read timed out. (read timeout=30)

Sat, 12 May 2018 17:59:29 DEBUG    Starting new HTTPS connection (1): api.telegram.org
Sat, 12 May 2018 17:59:30 DEBUG    https://api.telegram.org:443 "POST /bot597935817:AAGAbCwCGnHD7yqsGLbPKXj1pNn-NaD8bCs/sendMessage?chat_id=562036772&text=%D0%92%D0%B0%D1%81+%D0%BF%D1%80%D0%B8%D0%B2%D0%B5%D1%82%D1%81%D1%82%D0%B2%D1%83%D0%B5%D1%82+%D0%B1%D0%BE%D1%82+DigitalCitizen%2C+%D0%B7%D0%B4%D0%B5%D1%81%D1%8C+%D0%B2%D1%8B+%D0%BC%D0%BE%D0%B6%D0%B5%D1%82%D0%B5+%D0%BF%D0%BE%D0%B4%D0%B0%D1%82%D1%8C+%D0%B2%D0%B0%D1%88%D1%83+%D0%B6%D0%B0%D0%BB%D0%BE%D0%B1%D1%83 HTTP/1.1" 200 569
Sat, 12 May 2018 17:59:30 DEBUG    https://api.telegram.org:443 "POST /bot597935817:AAGAbCwCGnHD7yqsGLbPKXj1pNn-NaD8bCs/sendMessage?chat_id=562036772&text=Whats+your+name%3F HTTP/1.1" 200 279
Sat, 12 May 2018 17:59:48 DEBUG    https://api.telegram.org:443 "GET /bot597935817:AAGAbCwCGnHD7yqsGLbPKXj1pNn-NaD8bCs/getUpdates?offset=461431537&timeout=20 HTTP/1.1" 200 336
Sat, 12 May 2018 17:59:48 DEBUG    Starting new HTTPS connection (1): api.telegram.org
Sat, 12 May 2018 17:59:48 DEBUG    https://api.telegram.org:443 "POST /bot597935817:AAGAbCwCGnHD7yqsGLbPKXj1pNn-NaD8bCs/sendMessage?chat_id=562036772&text=Write+your+addres+and+city HTTP/1.1" 200 289
Sat, 12 May 2018 17:59:54 DEBUG    https://api.telegram.org:443 "GET /bot597935817:AAGAbCwCGnHD7yqsGLbPKXj1pNn-NaD8bCs/getUpdates?offset=461431538&timeout=20 HTTP/1.1" 200 338
Sat, 12 May 2018 17:59:54 DEBUG    https://api.telegram.org:443 "POST /bot597935817:AAGAbCwCGnHD7yqsGLbPKXj1pNn-NaD8bCs/sendMessage?chat_id=562036772&text=How+old+are+you%3F HTTP/1.1" 200 279
Sat, 12 May 2018 18:00:04 DEBUG    https://api.telegram.org:443 "GET /bot597935817:AAGAbCwCGnHD7yqsGLbPKXj1pNn-NaD8bCs/getUpdates?offset=461431539&timeout=20 HTTP/1.1" 200 334
Sat, 12 May 2018 18:00:04 DEBUG    https://api.telegram.org:443 "POST /bot597935817:AAGAbCwCGnHD7yqsGLbPKXj1pNn-NaD8bCs/sendMessage?chat_id=562036772&text=Write+essence+of+complaint HTTP/1.1" 200 289
Sat, 12 May 2018 18:00:13 DEBUG    https://api.telegram.org:443 "GET /bot597935817:AAGAbCwCGnHD7yqsGLbPKXj1pNn-NaD8bCs/getUpdates?offset=461431540&timeout=20 HTTP/1.1" 200 336
Sat, 12 May 2018 18:00:13 DEBUG    https://api.telegram.org:443 "POST /bot597935817:AAGAbCwCGnHD7yqsGLbPKXj1pNn-NaD8bCs/sendMessage?chat_id=562036772&text=%D0%95%D1%81%D0%BB%D0%B8+%D0%B2%D1%81%D0%B5+%D0%B4%D0%B0%D0%BD%D0%BD%D1%8B%D0%B5+%D0%B2%D0%B5%D1%80%D0%BD%D1%8B+%D0%BD%D0%B0%D0%B6%D0%BC%D0%B8%D1%82%D0%B5+%27%D0%9E%D1%82%D0%BF%D1%80%D0%B0%D0%B2%D0%B8%D1%82%D1%8C%27%2C+%D0%B2+%D0%BF%D1%80%D0%BE%D1%82%D0%B8%D0%B2%D0%BD%D0%BE%D0%BC+%D1%81%D0%BB%D1%83%D1%87%D0%B0%D0%B5+%D0%B2%D0%B2%D0%B5%D0%B4%D0%B8%D1%82%D0%B5+%D0%B4%D0%B0%D0%BD%D0%BD%D1%8B%D0%B5+%D0%B7%D0%B0%D0%BD%D0%BE%D0%B2%D0%BE+%D0%BD%D0%B0%D0%B6%D0%B0%D0%B2+%D0%BD%D0%B0+%2Fstart&reply_markup=%7B%22keyboard%22%3A+%5B%5B%7B%22text%22%3A+%22%5Cu041e%5Cu0442%5Cu043f%5Cu0440%5Cu0430%5Cu0432%5Cu0438%5Cu0442%5Cu044c%22%7D%5D%5D%2C+%22one_time_keyboard%22%3A+true%2C+%22resize_keyboard%22%3A+true%7D HTTP/1.1" 200 801
Sat, 12 May 2018 18:00:18 DEBUG    https://api.telegram.org:443 "GET /bot597935817:AAGAbCwCGnHD7yqsGLbPKXj1pNn-NaD8bCs/getUpdates?offset=461431541&timeout=20 HTTP/1.1" 200 386
Sat, 12 May 2018 18:00:19 DEBUG    https://api.telegram.org:443 "POST /bot597935817:AAGAbCwCGnHD7yqsGLbPKXj1pNn-NaD8bCs/sendMessage?chat_id=562036772&text=%D0%9F%D0%BE%D0%B7%D0%B4%D1%80%D0%B0%D0%B2%D0%BB%D1%8F%D1%8E+%D0%B2%D1%8B+%D0%BF%D1%80%D0%BE%D1%88%D0%BB%D0%B8+%D1%80%D0%B5%D0%B3%D0%B8%D1%81%D1%82%D1%80%D0%B0%D1%86%D0%B8%D1%8E%2C+%D0%B2%D0%B0%D1%88%D0%B0+%D0%B7%D0%B0%D1%8F%D0%B2%D0%BA%D0%B0+%D0%BD%D0%B0%D1%85%D0%BE%D0%B4%D0%B8%D1%82%D1%81%D1%8F+%D0%BD%D0%B0+%D1%80%D0%B0%D1%81%D1%81%D0%BC%D0%BE%D1%82%D1%80%D0%B5%D0%BD%D0%B8%D0%B8+%D0%B0%D0%B4%D0%BC%D0%B8%D0%BD%D0%B8%D1%81%D1%82%D1%80%D0%B0%D1%86%D0%B8%D0%B8 HTTP/1.1" 200 723
Sat, 12 May 2018 18:00:19 ERROR    OperationalError occurred, args=('table First_4_answers has 6 columns but 5 values were supplied',)
Traceback (most recent call last):
  File "C:\Program Files\Python36\lib\site-packages\telebot\util.py", line 59, in run
    task(*args, **kwargs)
  File "C:/Users/БорсовН/Documents/GitHub/python/Дз по python/Дз8/ТЗ/TZ_code.py", line 131, in finalStepOfRegistration
    cursorConnectionAndWrite("First_4_answers", myArray)
  File "C:/Users/БорсовН/Documents/GitHub/python/Дз по python/Дз8/ТЗ/TZ_code.py", line 122, in cursorConnectionAndWrite
    cursor.execute("insert into %s values %s" %(tableName,insertingTurpleWithValues))
sqlite3.OperationalError: table First_4_answers has 6 columns but 5 values were supplied

Sat, 12 May 2018 18:01:28 DEBUG    Starting new HTTPS connection (1): api.telegram.org
Sat, 12 May 2018 18:01:29 DEBUG    https://api.telegram.org:443 "POST /bot597935817:AAGAbCwCGnHD7yqsGLbPKXj1pNn-NaD8bCs/sendMessage?chat_id=562036772&text=%D0%92%D0%B0%D1%81+%D0%BF%D1%80%D0%B8%D0%B2%D0%B5%D1%82%D1%81%D1%82%D0%B2%D1%83%D0%B5%D1%82+%D0%B1%D0%BE%D1%82+DigitalCitizen%2C+%D0%B7%D0%B4%D0%B5%D1%81%D1%8C+%D0%B2%D1%8B+%D0%BC%D0%BE%D0%B6%D0%B5%D1%82%D0%B5+%D0%BF%D0%BE%D0%B4%D0%B0%D1%82%D1%8C+%D0%B2%D0%B0%D1%88%D1%83+%D0%B6%D0%B0%D0%BB%D0%BE%D0%B1%D1%83 HTTP/1.1" 200 569
Sat, 12 May 2018 18:01:29 DEBUG    https://api.telegram.org:443 "POST /bot597935817:AAGAbCwCGnHD7yqsGLbPKXj1pNn-NaD8bCs/sendMessage?chat_id=562036772&text=Whats+your+name%3F HTTP/1.1" 200 279
Sat, 12 May 2018 18:01:37 DEBUG    https://api.telegram.org:443 "GET /bot597935817:AAGAbCwCGnHD7yqsGLbPKXj1pNn-NaD8bCs/getUpdates?offset=461431543&timeout=20 HTTP/1.1" 200 336
Sat, 12 May 2018 18:01:37 DEBUG    Starting new HTTPS connection (1): api.telegram.org
Sat, 12 May 2018 18:01:37 DEBUG    https://api.telegram.org:443 "POST /bot597935817:AAGAbCwCGnHD7yqsGLbPKXj1pNn-NaD8bCs/sendMessage?chat_id=562036772&text=Write+your+addres+and+city HTTP/1.1" 200 289
Sat, 12 May 2018 18:01:57 DEBUG    https://api.telegram.org:443 "GET /bot597935817:AAGAbCwCGnHD7yqsGLbPKXj1pNn-NaD8bCs/getUpdates?offset=461431544&timeout=20 HTTP/1.1" 200 23
Sat, 12 May 2018 18:02:17 DEBUG    https://api.telegram.org:443 "GET /bot597935817:AAGAbCwCGnHD7yqsGLbPKXj1pNn-NaD8bCs/getUpdates?offset=461431544&timeout=20 HTTP/1.1" 200 23
Sat, 12 May 2018 18:02:27 DEBUG    https://api.telegram.org:443 "GET /bot597935817:AAGAbCwCGnHD7yqsGLbPKXj1pNn-NaD8bCs/getUpdates?offset=461431544&timeout=20 HTTP/1.1" 409 143
Sat, 12 May 2018 18:02:27 ERROR    ApiException occurred, args=('A request to the Telegram API was unsuccessful. The server returned HTTP 409 Conflict. Response body:\n[b\'{"ok":false,"error_code":409,"description":"Conflict: terminated by other getUpdates request; make sure that only one bot instance is running"}\']',)
Traceback (most recent call last):
  File "C:\Program Files\Python36\lib\site-packages\telebot\util.py", line 59, in run
    task(*args, **kwargs)
  File "C:\Program Files\Python36\lib\site-packages\telebot\__init__.py", line 159, in __retrieve_updates
    updates = self.get_updates(offset=(self.last_update_id + 1), timeout=timeout)
  File "C:\Program Files\Python36\lib\site-packages\telebot\__init__.py", line 129, in get_updates
    json_updates = apihelper.get_updates(self.token, offset, limit, timeout, allowed_updates)
  File "C:\Program Files\Python36\lib\site-packages\telebot\apihelper.py", line 175, in get_updates
    return _make_request(token, method_url, params=payload)
  File "C:\Program Files\Python36\lib\site-packages\telebot\apihelper.py", line 56, in _make_request
    return _check_result(method_name, result)['result']
  File "C:\Program Files\Python36\lib\site-packages\telebot\apihelper.py", line 75, in _check_result
    raise ApiException(msg, method_name, result)
telebot.apihelper.ApiException: A request to the Telegram API was unsuccessful. The server returned HTTP 409 Conflict. Response body:
[b'{"ok":false,"error_code":409,"description":"Conflict: terminated by other getUpdates request; make sure that only one bot instance is running"}']

Sat, 12 May 2018 18:02:27 ERROR    A request to the Telegram API was unsuccessful. The server returned HTTP 409 Conflict. Response body:
[b'{"ok":false,"error_code":409,"description":"Conflict: terminated by other getUpdates request; make sure that only one bot instance is running"}']
Sat, 12 May 2018 18:02:33 DEBUG    https://api.telegram.org:443 "GET /bot597935817:AAGAbCwCGnHD7yqsGLbPKXj1pNn-NaD8bCs/getUpdates?offset=461431544&timeout=20 HTTP/1.1" 200 396
Sat, 12 May 2018 18:02:33 DEBUG    https://api.telegram.org:443 "GET /bot597935817:AAGAbCwCGnHD7yqsGLbPKXj1pNn-NaD8bCs/getUpdates?offset=461431545&timeout=20 HTTP/1.1" 409 143
Sat, 12 May 2018 18:02:33 ERROR    ApiException occurred, args=('A request to the Telegram API was unsuccessful. The server returned HTTP 409 Conflict. Response body:\n[b\'{"ok":false,"error_code":409,"description":"Conflict: terminated by other getUpdates request; make sure that only one bot instance is running"}\']',)
Traceback (most recent call last):
  File "C:\Program Files\Python36\lib\site-packages\telebot\util.py", line 59, in run
    task(*args, **kwargs)
  File "C:\Program Files\Python36\lib\site-packages\telebot\__init__.py", line 159, in __retrieve_updates
    updates = self.get_updates(offset=(self.last_update_id + 1), timeout=timeout)
  File "C:\Program Files\Python36\lib\site-packages\telebot\__init__.py", line 129, in get_updates
    json_updates = apihelper.get_updates(self.token, offset, limit, timeout, allowed_updates)
  File "C:\Program Files\Python36\lib\site-packages\telebot\apihelper.py", line 175, in get_updates
    return _make_request(token, method_url, params=payload)
  File "C:\Program Files\Python36\lib\site-packages\telebot\apihelper.py", line 56, in _make_request
    return _check_result(method_name, result)['result']
  File "C:\Program Files\Python36\lib\site-packages\telebot\apihelper.py", line 75, in _check_result
    raise ApiException(msg, method_name, result)
telebot.apihelper.ApiException: A request to the Telegram API was unsuccessful. The server returned HTTP 409 Conflict. Response body:
[b'{"ok":false,"error_code":409,"description":"Conflict: terminated by other getUpdates request; make sure that only one bot instance is running"}']

Sat, 12 May 2018 18:02:33 ERROR    A request to the Telegram API was unsuccessful. The server returned HTTP 409 Conflict. Response body:
[b'{"ok":false,"error_code":409,"description":"Conflict: terminated by other getUpdates request; make sure that only one bot instance is running"}']
Sat, 12 May 2018 18:02:33 DEBUG    https://api.telegram.org:443 "POST /bot597935817:AAGAbCwCGnHD7yqsGLbPKXj1pNn-NaD8bCs/sendMessage?chat_id=562036772&text=How+old+are+you%3F HTTP/1.1" 200 279
Sat, 12 May 2018 18:02:37 DEBUG    https://api.telegram.org:443 "GET /bot597935817:AAGAbCwCGnHD7yqsGLbPKXj1pNn-NaD8bCs/getUpdates?offset=461431545&timeout=20 HTTP/1.1" 409 143
Sat, 12 May 2018 18:02:37 ERROR    ApiException occurred, args=('A request to the Telegram API was unsuccessful. The server returned HTTP 409 Conflict. Response body:\n[b\'{"ok":false,"error_code":409,"description":"Conflict: terminated by other getUpdates request; make sure that only one bot instance is running"}\']',)
Traceback (most recent call last):
  File "C:\Program Files\Python36\lib\site-packages\telebot\util.py", line 59, in run
    task(*args, **kwargs)
  File "C:\Program Files\Python36\lib\site-packages\telebot\__init__.py", line 159, in __retrieve_updates
    updates = self.get_updates(offset=(self.last_update_id + 1), timeout=timeout)
  File "C:\Program Files\Python36\lib\site-packages\telebot\__init__.py", line 129, in get_updates
    json_updates = apihelper.get_updates(self.token, offset, limit, timeout, allowed_updates)
  File "C:\Program Files\Python36\lib\site-packages\telebot\apihelper.py", line 175, in get_updates
    return _make_request(token, method_url, params=payload)
  File "C:\Program Files\Python36\lib\site-packages\telebot\apihelper.py", line 56, in _make_request
    return _check_result(method_name, result)['result']
  File "C:\Program Files\Python36\lib\site-packages\telebot\apihelper.py", line 75, in _check_result
    raise ApiException(msg, method_name, result)
telebot.apihelper.ApiException: A request to the Telegram API was unsuccessful. The server returned HTTP 409 Conflict. Response body:
[b'{"ok":false,"error_code":409,"description":"Conflict: terminated by other getUpdates request; make sure that only one bot instance is running"}']

Sat, 12 May 2018 18:02:37 ERROR    A request to the Telegram API was unsuccessful. The server returned HTTP 409 Conflict. Response body:
[b'{"ok":false,"error_code":409,"description":"Conflict: terminated by other getUpdates request; make sure that only one bot instance is running"}']
Sat, 12 May 2018 18:02:41 DEBUG    https://api.telegram.org:443 "GET /bot597935817:AAGAbCwCGnHD7yqsGLbPKXj1pNn-NaD8bCs/getUpdates?offset=461431545&timeout=20 HTTP/1.1" 409 143
Sat, 12 May 2018 18:02:41 ERROR    ApiException occurred, args=('A request to the Telegram API was unsuccessful. The server returned HTTP 409 Conflict. Response body:\n[b\'{"ok":false,"error_code":409,"description":"Conflict: terminated by other getUpdates request; make sure that only one bot instance is running"}\']',)
Traceback (most recent call last):
  File "C:\Program Files\Python36\lib\site-packages\telebot\util.py", line 59, in run
    task(*args, **kwargs)
  File "C:\Program Files\Python36\lib\site-packages\telebot\__init__.py", line 159, in __retrieve_updates
    updates = self.get_updates(offset=(self.last_update_id + 1), timeout=timeout)
  File "C:\Program Files\Python36\lib\site-packages\telebot\__init__.py", line 129, in get_updates
    json_updates = apihelper.get_updates(self.token, offset, limit, timeout, allowed_updates)
  File "C:\Program Files\Python36\lib\site-packages\telebot\apihelper.py", line 175, in get_updates
    return _make_request(token, method_url, params=payload)
  File "C:\Program Files\Python36\lib\site-packages\telebot\apihelper.py", line 56, in _make_request
    return _check_result(method_name, result)['result']
  File "C:\Program Files\Python36\lib\site-packages\telebot\apihelper.py", line 75, in _check_result
    raise ApiException(msg, method_name, result)
telebot.apihelper.ApiException: A request to the Telegram API was unsuccessful. The server returned HTTP 409 Conflict. Response body:
[b'{"ok":false,"error_code":409,"description":"Conflict: terminated by other getUpdates request; make sure that only one bot instance is running"}']

Sat, 12 May 2018 18:02:41 ERROR    A request to the Telegram API was unsuccessful. The server returned HTTP 409 Conflict. Response body:
[b'{"ok":false,"error_code":409,"description":"Conflict: terminated by other getUpdates request; make sure that only one bot instance is running"}']
Sat, 12 May 2018 18:02:50 DEBUG    Starting new HTTPS connection (1): api.telegram.org
Sat, 12 May 2018 18:02:50 DEBUG    https://api.telegram.org:443 "POST /bot597935817:AAGAbCwCGnHD7yqsGLbPKXj1pNn-NaD8bCs/sendMessage?chat_id=562036772&text=%D0%92%D0%B0%D1%81+%D0%BF%D1%80%D0%B8%D0%B2%D0%B5%D1%82%D1%81%D1%82%D0%B2%D1%83%D0%B5%D1%82+%D0%B1%D0%BE%D1%82+DigitalCitizen%2C+%D0%B7%D0%B4%D0%B5%D1%81%D1%8C+%D0%B2%D1%8B+%D0%BC%D0%BE%D0%B6%D0%B5%D1%82%D0%B5+%D0%BF%D0%BE%D0%B4%D0%B0%D1%82%D1%8C+%D0%B2%D0%B0%D1%88%D1%83+%D0%B6%D0%B0%D0%BB%D0%BE%D0%B1%D1%83 HTTP/1.1" 200 569
Sat, 12 May 2018 18:02:50 DEBUG    https://api.telegram.org:443 "POST /bot597935817:AAGAbCwCGnHD7yqsGLbPKXj1pNn-NaD8bCs/sendMessage?chat_id=562036772&text=Whats+your+name%3F HTTP/1.1" 200 279
Sat, 12 May 2018 18:02:54 DEBUG    https://api.telegram.org:443 "GET /bot597935817:AAGAbCwCGnHD7yqsGLbPKXj1pNn-NaD8bCs/getUpdates?offset=461431546&timeout=20 HTTP/1.1" 200 336
Sat, 12 May 2018 18:02:54 DEBUG    https://api.telegram.org:443 "POST /bot597935817:AAGAbCwCGnHD7yqsGLbPKXj1pNn-NaD8bCs/sendMessage?chat_id=562036772&text=Write+your+addres+and+city HTTP/1.1" 200 289
Sat, 12 May 2018 18:02:57 DEBUG    https://api.telegram.org:443 "GET /bot597935817:AAGAbCwCGnHD7yqsGLbPKXj1pNn-NaD8bCs/getUpdates?offset=461431547&timeout=20 HTTP/1.1" 200 338
Sat, 12 May 2018 18:02:57 DEBUG    Starting new HTTPS connection (1): api.telegram.org
Sat, 12 May 2018 18:02:58 DEBUG    https://api.telegram.org:443 "POST /bot597935817:AAGAbCwCGnHD7yqsGLbPKXj1pNn-NaD8bCs/sendMessage?chat_id=562036772&text=How+old+are+you%3F HTTP/1.1" 200 279
Sat, 12 May 2018 18:03:02 DEBUG    https://api.telegram.org:443 "GET /bot597935817:AAGAbCwCGnHD7yqsGLbPKXj1pNn-NaD8bCs/getUpdates?offset=461431548&timeout=20 HTTP/1.1" 200 334
Sat, 12 May 2018 18:03:03 DEBUG    https://api.telegram.org:443 "POST /bot597935817:AAGAbCwCGnHD7yqsGLbPKXj1pNn-NaD8bCs/sendMessage?chat_id=562036772&text=Write+essence+of+complaint HTTP/1.1" 200 289
Sat, 12 May 2018 18:03:17 DEBUG    https://api.telegram.org:443 "GET /bot597935817:AAGAbCwCGnHD7yqsGLbPKXj1pNn-NaD8bCs/getUpdates?offset=461431549&timeout=20 HTTP/1.1" 200 336
Sat, 12 May 2018 18:03:18 DEBUG    https://api.telegram.org:443 "POST /bot597935817:AAGAbCwCGnHD7yqsGLbPKXj1pNn-NaD8bCs/sendMessage?chat_id=562036772&text=%D0%95%D1%81%D0%BB%D0%B8+%D0%B2%D1%81%D0%B5+%D0%B4%D0%B0%D0%BD%D0%BD%D1%8B%D0%B5+%D0%B2%D0%B5%D1%80%D0%BD%D1%8B+%D0%BD%D0%B0%D0%B6%D0%BC%D0%B8%D1%82%D0%B5+%27%D0%9E%D1%82%D0%BF%D1%80%D0%B0%D0%B2%D0%B8%D1%82%D1%8C%27%2C+%D0%B2+%D0%BF%D1%80%D0%BE%D1%82%D0%B8%D0%B2%D0%BD%D0%BE%D0%BC+%D1%81%D0%BB%D1%83%D1%87%D0%B0%D0%B5+%D0%B2%D0%B2%D0%B5%D0%B4%D0%B8%D1%82%D0%B5+%D0%B4%D0%B0%D0%BD%D0%BD%D1%8B%D0%B5+%D0%B7%D0%B0%D0%BD%D0%BE%D0%B2%D0%BE+%D0%BD%D0%B0%D0%B6%D0%B0%D0%B2+%D0%BD%D0%B0+%2Fstart&reply_markup=%7B%22keyboard%22%3A+%5B%5B%7B%22text%22%3A+%22%5Cu041e%5Cu0442%5Cu043f%5Cu0440%5Cu0430%5Cu0432%5Cu0438%5Cu0442%5Cu044c%22%7D%5D%5D%2C+%22one_time_keyboard%22%3A+true%2C+%22resize_keyboard%22%3A+true%7D HTTP/1.1" 200 801
Sat, 12 May 2018 18:03:22 DEBUG    https://api.telegram.org:443 "GET /bot597935817:AAGAbCwCGnHD7yqsGLbPKXj1pNn-NaD8bCs/getUpdates?offset=461431550&timeout=20 HTTP/1.1" 200 386
Sat, 12 May 2018 18:03:22 DEBUG    https://api.telegram.org:443 "POST /bot597935817:AAGAbCwCGnHD7yqsGLbPKXj1pNn-NaD8bCs/sendMessage?chat_id=562036772&text=%D0%9F%D0%BE%D0%B7%D0%B4%D1%80%D0%B0%D0%B2%D0%BB%D1%8F%D1%8E+%D0%B2%D1%8B+%D0%BF%D1%80%D0%BE%D1%88%D0%BB%D0%B8+%D1%80%D0%B5%D0%B3%D0%B8%D1%81%D1%82%D1%80%D0%B0%D1%86%D0%B8%D1%8E%2C+%D0%B2%D0%B0%D1%88%D0%B0+%D0%B7%D0%B0%D1%8F%D0%B2%D0%BA%D0%B0+%D0%BD%D0%B0%D1%85%D0%BE%D0%B4%D0%B8%D1%82%D1%81%D1%8F+%D0%BD%D0%B0+%D1%80%D0%B0%D1%81%D1%81%D0%BC%D0%BE%D1%82%D1%80%D0%B5%D0%BD%D0%B8%D0%B8+%D0%B0%D0%B4%D0%BC%D0%B8%D0%BD%D0%B8%D1%81%D1%82%D1%80%D0%B0%D1%86%D0%B8%D0%B8 HTTP/1.1" 200 723
Sat, 12 May 2018 18:03:42 DEBUG    https://api.telegram.org:443 "GET /bot597935817:AAGAbCwCGnHD7yqsGLbPKXj1pNn-NaD8bCs/getUpdates?offset=461431551&timeout=20 HTTP/1.1" 200 23
Sat, 12 May 2018 18:04:02 DEBUG    https://api.telegram.org:443 "GET /bot597935817:AAGAbCwCGnHD7yqsGLbPKXj1pNn-NaD8bCs/getUpdates?offset=461431551&timeout=20 HTTP/1.1" 200 23
Sat, 12 May 2018 18:04:23 DEBUG    https://api.telegram.org:443 "GET /bot597935817:AAGAbCwCGnHD7yqsGLbPKXj1pNn-NaD8bCs/getUpdates?offset=461431551&timeout=20 HTTP/1.1" 200 23
Sat, 12 May 2018 18:04:43 DEBUG    https://api.telegram.org:443 "GET /bot597935817:AAGAbCwCGnHD7yqsGLbPKXj1pNn-NaD8bCs/getUpdates?offset=461431551&timeout=20 HTTP/1.1" 200 23
Sat, 12 May 2018 18:05:04 DEBUG    https://api.telegram.org:443 "GET /bot597935817:AAGAbCwCGnHD7yqsGLbPKXj1pNn-NaD8bCs/getUpdates?offset=461431551&timeout=20 HTTP/1.1" 200 23
Sat, 12 May 2018 18:05:28 DEBUG    Starting new HTTPS connection (1): api.telegram.org
Sat, 12 May 2018 18:05:29 DEBUG    https://api.telegram.org:443 "POST /bot597935817:AAGAbCwCGnHD7yqsGLbPKXj1pNn-NaD8bCs/sendMessage?chat_id=562036772&text=%D0%92%D0%B0%D1%81+%D0%BF%D1%80%D0%B8%D0%B2%D0%B5%D1%82%D1%81%D1%82%D0%B2%D1%83%D0%B5%D1%82+%D0%B1%D0%BE%D1%82+DigitalCitizen%2C+%D0%B7%D0%B4%D0%B5%D1%81%D1%8C+%D0%B2%D1%8B+%D0%BC%D0%BE%D0%B6%D0%B5%D1%82%D0%B5+%D0%BF%D0%BE%D0%B4%D0%B0%D1%82%D1%8C+%D0%B2%D0%B0%D1%88%D1%83+%D0%B6%D0%B0%D0%BB%D0%BE%D0%B1%D1%83 HTTP/1.1" 200 569
Sat, 12 May 2018 18:05:29 DEBUG    https://api.telegram.org:443 "POST /bot597935817:AAGAbCwCGnHD7yqsGLbPKXj1pNn-NaD8bCs/sendMessage?chat_id=562036772&text=Whats+your+name%3F HTTP/1.1" 200 279
Sat, 12 May 2018 18:05:35 DEBUG    https://api.telegram.org:443 "GET /bot597935817:AAGAbCwCGnHD7yqsGLbPKXj1pNn-NaD8bCs/getUpdates?offset=461431552&timeout=20 HTTP/1.1" 200 336
Sat, 12 May 2018 18:05:36 DEBUG    https://api.telegram.org:443 "POST /bot597935817:AAGAbCwCGnHD7yqsGLbPKXj1pNn-NaD8bCs/sendMessage?chat_id=562036772&text=Write+your+addres+and+city HTTP/1.1" 200 289
Sat, 12 May 2018 18:05:41 DEBUG    https://api.telegram.org:443 "GET /bot597935817:AAGAbCwCGnHD7yqsGLbPKXj1pNn-NaD8bCs/getUpdates?offset=461431553&timeout=20 HTTP/1.1" 200 338
Sat, 12 May 2018 18:05:41 DEBUG    https://api.telegram.org:443 "POST /bot597935817:AAGAbCwCGnHD7yqsGLbPKXj1pNn-NaD8bCs/sendMessage?chat_id=562036772&text=How+old+are+you%3F HTTP/1.1" 200 279
Sat, 12 May 2018 18:05:42 DEBUG    https://api.telegram.org:443 "GET /bot597935817:AAGAbCwCGnHD7yqsGLbPKXj1pNn-NaD8bCs/getUpdates?offset=461431554&timeout=20 HTTP/1.1" 200 334
Sat, 12 May 2018 18:05:42 DEBUG    Starting new HTTPS connection (1): api.telegram.org
Sat, 12 May 2018 18:05:43 DEBUG    https://api.telegram.org:443 "POST /bot597935817:AAGAbCwCGnHD7yqsGLbPKXj1pNn-NaD8bCs/sendMessage?chat_id=562036772&text=Write+essence+of+complaint HTTP/1.1" 200 289
Sat, 12 May 2018 18:05:48 DEBUG    https://api.telegram.org:443 "GET /bot597935817:AAGAbCwCGnHD7yqsGLbPKXj1pNn-NaD8bCs/getUpdates?offset=461431555&timeout=20 HTTP/1.1" 200 337
Sat, 12 May 2018 18:05:48 DEBUG    https://api.telegram.org:443 "POST /bot597935817:AAGAbCwCGnHD7yqsGLbPKXj1pNn-NaD8bCs/sendMessage?chat_id=562036772&text=%D0%95%D1%81%D0%BB%D0%B8+%D0%B2%D1%81%D0%B5+%D0%B4%D0%B0%D0%BD%D0%BD%D1%8B%D0%B5+%D0%B2%D0%B5%D1%80%D0%BD%D1%8B+%D0%BD%D0%B0%D0%B6%D0%BC%D0%B8%D1%82%D0%B5+%27%D0%9E%D1%82%D0%BF%D1%80%D0%B0%D0%B2%D0%B8%D1%82%D1%8C%27%2C+%D0%B2+%D0%BF%D1%80%D0%BE%D1%82%D0%B8%D0%B2%D0%BD%D0%BE%D0%BC+%D1%81%D0%BB%D1%83%D1%87%D0%B0%D0%B5+%D0%B2%D0%B2%D0%B5%D0%B4%D0%B8%D1%82%D0%B5+%D0%B4%D0%B0%D0%BD%D0%BD%D1%8B%D0%B5+%D0%B7%D0%B0%D0%BD%D0%BE%D0%B2%D0%BE+%D0%BD%D0%B0%D0%B6%D0%B0%D0%B2+%D0%BD%D0%B0+%2Fstart&reply_markup=%7B%22keyboard%22%3A+%5B%5B%7B%22text%22%3A+%22%5Cu041e%5Cu0442%5Cu043f%5Cu0440%5Cu0430%5Cu0432%5Cu0438%5Cu0442%5Cu044c%22%7D%5D%5D%2C+%22one_time_keyboard%22%3A+true%2C+%22resize_keyboard%22%3A+true%7D HTTP/1.1" 200 801
Sat, 12 May 2018 18:05:53 DEBUG    https://api.telegram.org:443 "GET /bot597935817:AAGAbCwCGnHD7yqsGLbPKXj1pNn-NaD8bCs/getUpdates?offset=461431556&timeout=20 HTTP/1.1" 200 386
Sat, 12 May 2018 18:05:53 DEBUG    https://api.telegram.org:443 "POST /bot597935817:AAGAbCwCGnHD7yqsGLbPKXj1pNn-NaD8bCs/sendMessage?chat_id=562036772&text=%D0%9F%D0%BE%D0%B7%D0%B4%D1%80%D0%B0%D0%B2%D0%BB%D1%8F%D1%8E+%D0%B2%D1%8B+%D0%BF%D1%80%D0%BE%D1%88%D0%BB%D0%B8+%D1%80%D0%B5%D0%B3%D0%B8%D1%81%D1%82%D1%80%D0%B0%D1%86%D0%B8%D1%8E%2C+%D0%B2%D0%B0%D1%88%D0%B0+%D0%B7%D0%B0%D1%8F%D0%B2%D0%BA%D0%B0+%D0%BD%D0%B0%D1%85%D0%BE%D0%B4%D0%B8%D1%82%D1%81%D1%8F+%D0%BD%D0%B0+%D1%80%D0%B0%D1%81%D1%81%D0%BC%D0%BE%D1%82%D1%80%D0%B5%D0%BD%D0%B8%D0%B8+%D0%B0%D0%B4%D0%BC%D0%B8%D0%BD%D0%B8%D1%81%D1%82%D1%80%D0%B0%D1%86%D0%B8%D0%B8 HTTP/1.1" 200 723
Sat, 12 May 2018 18:05:58 ERROR    OperationalError occurred, args=('database is locked',)
Traceback (most recent call last):
  File "C:\Program Files\Python36\lib\site-packages\telebot\util.py", line 59, in run
    task(*args, **kwargs)
  File "C:/Users/БорсовН/Documents/GitHub/python/Дз по python/Дз8/ТЗ/TZ_code.py", line 131, in finalStepOfRegistration
    cursorConnectionAndWrite("First_4_answers", myArray)
  File "C:/Users/БорсовН/Documents/GitHub/python/Дз по python/Дз8/ТЗ/TZ_code.py", line 122, in cursorConnectionAndWrite
    cursor.execute("insert into %s values %s" %(tableName,insertingTurpleWithValues))
sqlite3.OperationalError: database is locked

Sat, 12 May 2018 18:06:25 DEBUG    Starting new HTTPS connection (1): api.telegram.org
Sat, 12 May 2018 18:06:25 DEBUG    https://api.telegram.org:443 "POST /bot597935817:AAGAbCwCGnHD7yqsGLbPKXj1pNn-NaD8bCs/sendMessage?chat_id=562036772&text=%D0%92%D0%B0%D1%81+%D0%BF%D1%80%D0%B8%D0%B2%D0%B5%D1%82%D1%81%D1%82%D0%B2%D1%83%D0%B5%D1%82+%D0%B1%D0%BE%D1%82+DigitalCitizen%2C+%D0%B7%D0%B4%D0%B5%D1%81%D1%8C+%D0%B2%D1%8B+%D0%BC%D0%BE%D0%B6%D0%B5%D1%82%D0%B5+%D0%BF%D0%BE%D0%B4%D0%B0%D1%82%D1%8C+%D0%B2%D0%B0%D1%88%D1%83+%D0%B6%D0%B0%D0%BB%D0%BE%D0%B1%D1%83 HTTP/1.1" 200 569
Sat, 12 May 2018 18:06:25 DEBUG    https://api.telegram.org:443 "POST /bot597935817:AAGAbCwCGnHD7yqsGLbPKXj1pNn-NaD8bCs/sendMessage?chat_id=562036772&text=Whats+your+name%3F HTTP/1.1" 200 279
Sat, 12 May 2018 18:06:28 DEBUG    https://api.telegram.org:443 "GET /bot597935817:AAGAbCwCGnHD7yqsGLbPKXj1pNn-NaD8bCs/getUpdates?offset=461431558&timeout=20 HTTP/1.1" 200 336
Sat, 12 May 2018 18:06:28 DEBUG    https://api.telegram.org:443 "POST /bot597935817:AAGAbCwCGnHD7yqsGLbPKXj1pNn-NaD8bCs/sendMessage?chat_id=562036772&text=Write+your+addres+and+city HTTP/1.1" 200 289
Sat, 12 May 2018 18:06:33 DEBUG    https://api.telegram.org:443 "GET /bot597935817:AAGAbCwCGnHD7yqsGLbPKXj1pNn-NaD8bCs/getUpdates?offset=461431559&timeout=20 HTTP/1.1" 200 338
Sat, 12 May 2018 18:06:33 DEBUG    Starting new HTTPS connection (1): api.telegram.org
Sat, 12 May 2018 18:06:33 DEBUG    https://api.telegram.org:443 "POST /bot597935817:AAGAbCwCGnHD7yqsGLbPKXj1pNn-NaD8bCs/sendMessage?chat_id=562036772&text=How+old+are+you%3F HTTP/1.1" 200 279
Sat, 12 May 2018 18:06:35 DEBUG    https://api.telegram.org:443 "GET /bot597935817:AAGAbCwCGnHD7yqsGLbPKXj1pNn-NaD8bCs/getUpdates?offset=461431560&timeout=20 HTTP/1.1" 200 334
Sat, 12 May 2018 18:06:35 DEBUG    https://api.telegram.org:443 "POST /bot597935817:AAGAbCwCGnHD7yqsGLbPKXj1pNn-NaD8bCs/sendMessage?chat_id=562036772&text=Write+essence+of+complaint HTTP/1.1" 200 289
Sat, 12 May 2018 18:06:42 DEBUG    https://api.telegram.org:443 "GET /bot597935817:AAGAbCwCGnHD7yqsGLbPKXj1pNn-NaD8bCs/getUpdates?offset=461431561&timeout=20 HTTP/1.1" 200 337
Sat, 12 May 2018 18:06:42 DEBUG    https://api.telegram.org:443 "POST /bot597935817:AAGAbCwCGnHD7yqsGLbPKXj1pNn-NaD8bCs/sendMessage?chat_id=562036772&text=%D0%95%D1%81%D0%BB%D0%B8+%D0%B2%D1%81%D0%B5+%D0%B4%D0%B0%D0%BD%D0%BD%D1%8B%D0%B5+%D0%B2%D0%B5%D1%80%D0%BD%D1%8B+%D0%BD%D0%B0%D0%B6%D0%BC%D0%B8%D1%82%D0%B5+%27%D0%9E%D1%82%D0%BF%D1%80%D0%B0%D0%B2%D0%B8%D1%82%D1%8C%27%2C+%D0%B2+%D0%BF%D1%80%D0%BE%D1%82%D0%B8%D0%B2%D0%BD%D0%BE%D0%BC+%D1%81%D0%BB%D1%83%D1%87%D0%B0%D0%B5+%D0%B2%D0%B2%D0%B5%D0%B4%D0%B8%D1%82%D0%B5+%D0%B4%D0%B0%D0%BD%D0%BD%D1%8B%D0%B5+%D0%B7%D0%B0%D0%BD%D0%BE%D0%B2%D0%BE+%D0%BD%D0%B0%D0%B6%D0%B0%D0%B2+%D0%BD%D0%B0+%2Fstart&reply_markup=%7B%22keyboard%22%3A+%5B%5B%7B%22text%22%3A+%22%5Cu041e%5Cu0442%5Cu043f%5Cu0440%5Cu0430%5Cu0432%5Cu0438%5Cu0442%5Cu044c%22%7D%5D%5D%2C+%22one_time_keyboard%22%3A+true%2C+%22resize_keyboard%22%3A+true%7D HTTP/1.1" 200 801
Sat, 12 May 2018 18:06:52 DEBUG    https://api.telegram.org:443 "GET /bot597935817:AAGAbCwCGnHD7yqsGLbPKXj1pNn-NaD8bCs/getUpdates?offset=461431562&timeout=20 HTTP/1.1" 200 386
Sat, 12 May 2018 18:06:52 DEBUG    https://api.telegram.org:443 "POST /bot597935817:AAGAbCwCGnHD7yqsGLbPKXj1pNn-NaD8bCs/sendMessage?chat_id=562036772&text=%D0%9F%D0%BE%D0%B7%D0%B4%D1%80%D0%B0%D0%B2%D0%BB%D1%8F%D1%8E+%D0%B2%D1%8B+%D0%BF%D1%80%D0%BE%D1%88%D0%BB%D0%B8+%D1%80%D0%B5%D0%B3%D0%B8%D1%81%D1%82%D1%80%D0%B0%D1%86%D0%B8%D1%8E%2C+%D0%B2%D0%B0%D1%88%D0%B0+%D0%B7%D0%B0%D1%8F%D0%B2%D0%BA%D0%B0+%D0%BD%D0%B0%D1%85%D0%BE%D0%B4%D0%B8%D1%82%D1%81%D1%8F+%D0%BD%D0%B0+%D1%80%D0%B0%D1%81%D1%81%D0%BC%D0%BE%D1%82%D1%80%D0%B5%D0%BD%D0%B8%D0%B8+%D0%B0%D0%B4%D0%BC%D0%B8%D0%BD%D0%B8%D1%81%D1%82%D1%80%D0%B0%D1%86%D0%B8%D0%B8 HTTP/1.1" 200 723
Sat, 12 May 2018 18:06:52 ERROR    IntegrityError occurred, args=('UNIQUE constraint failed: First_4_answers.UserTelegrammID',)
Traceback (most recent call last):
  File "C:\Program Files\Python36\lib\site-packages\telebot\util.py", line 59, in run
    task(*args, **kwargs)
  File "C:/Users/БорсовН/Documents/GitHub/python/Дз по python/Дз8/ТЗ/TZ_code.py", line 131, in finalStepOfRegistration
    cursorConnectionAndWrite("First_4_answers", myArray)
  File "C:/Users/БорсовН/Documents/GitHub/python/Дз по python/Дз8/ТЗ/TZ_code.py", line 122, in cursorConnectionAndWrite
    cursor.execute("insert into %s values %s" %(tableName,insertingTurpleWithValues))
sqlite3.IntegrityError: UNIQUE constraint failed: First_4_answers.UserTelegrammID

Sat, 12 May 2018 18:24:11 DEBUG    Starting new HTTPS connection (1): api.telegram.org
Sat, 12 May 2018 18:24:12 DEBUG    https://api.telegram.org:443 "POST /bot597935817:AAGAbCwCGnHD7yqsGLbPKXj1pNn-NaD8bCs/sendMessage?chat_id=562036772&text=%D0%92%D0%B0%D1%81+%D0%BF%D1%80%D0%B8%D0%B2%D0%B5%D1%82%D1%81%D1%82%D0%B2%D1%83%D0%B5%D1%82+%D0%B1%D0%BE%D1%82+DigitalCitizen%2C+%D0%B7%D0%B4%D0%B5%D1%81%D1%8C+%D0%B2%D1%8B+%D0%BC%D0%BE%D0%B6%D0%B5%D1%82%D0%B5+%D0%BF%D0%BE%D0%B4%D0%B0%D1%82%D1%8C+%D0%B2%D0%B0%D1%88%D1%83+%D0%B6%D0%B0%D0%BB%D0%BE%D0%B1%D1%83 HTTP/1.1" 200 569
Sat, 12 May 2018 18:24:12 DEBUG    https://api.telegram.org:443 "POST /bot597935817:AAGAbCwCGnHD7yqsGLbPKXj1pNn-NaD8bCs/sendMessage?chat_id=562036772&text=Whats+your+name%3F HTTP/1.1" 200 279
Sat, 12 May 2018 18:51:30 DEBUG    Starting new HTTPS connection (1): api.telegram.org
Sat, 12 May 2018 18:51:31 DEBUG    https://api.telegram.org:443 "POST /bot597935817:AAGAbCwCGnHD7yqsGLbPKXj1pNn-NaD8bCs/sendMessage?chat_id=562036772&text=%D0%92%D0%B0%D1%81+%D0%BF%D1%80%D0%B8%D0%B2%D0%B5%D1%82%D1%81%D1%82%D0%B2%D1%83%D0%B5%D1%82+%D0%B1%D0%BE%D1%82+DigitalCitizen%2C+%D0%B7%D0%B4%D0%B5%D1%81%D1%8C+%D0%B2%D1%8B+%D0%BC%D0%BE%D0%B6%D0%B5%D1%82%D0%B5+%D0%BF%D0%BE%D0%B4%D0%B0%D1%82%D1%8C+%D0%B2%D0%B0%D1%88%D1%83+%D0%B6%D0%B0%D0%BB%D0%BE%D0%B1%D1%83 HTTP/1.1" 200 569
Sat, 12 May 2018 18:51:31 DEBUG    https://api.telegram.org:443 "POST /bot597935817:AAGAbCwCGnHD7yqsGLbPKXj1pNn-NaD8bCs/sendMessage?chat_id=562036772&text=Whats+your+name%3F HTTP/1.1" 200 279
Sat, 12 May 2018 18:51:48 DEBUG    https://api.telegram.org:443 "GET /bot597935817:AAGAbCwCGnHD7yqsGLbPKXj1pNn-NaD8bCs/getUpdates?offset=461431565&timeout=20 HTTP/1.1" 200 336
Sat, 12 May 2018 18:51:48 DEBUG    Starting new HTTPS connection (1): api.telegram.org
Sat, 12 May 2018 18:51:49 DEBUG    https://api.telegram.org:443 "POST /bot597935817:AAGAbCwCGnHD7yqsGLbPKXj1pNn-NaD8bCs/sendMessage?chat_id=562036772&text=Write+your+addres+and+city HTTP/1.1" 200 289
Sat, 12 May 2018 18:52:08 DEBUG    https://api.telegram.org:443 "GET /bot597935817:AAGAbCwCGnHD7yqsGLbPKXj1pNn-NaD8bCs/getUpdates?offset=461431566&timeout=20 HTTP/1.1" 200 23
Sat, 12 May 2018 18:52:28 DEBUG    https://api.telegram.org:443 "GET /bot597935817:AAGAbCwCGnHD7yqsGLbPKXj1pNn-NaD8bCs/getUpdates?offset=461431566&timeout=20 HTTP/1.1" 200 23
Sat, 12 May 2018 18:52:49 DEBUG    https://api.telegram.org:443 "GET /bot597935817:AAGAbCwCGnHD7yqsGLbPKXj1pNn-NaD8bCs/getUpdates?offset=461431566&timeout=20 HTTP/1.1" 200 23
Sat, 12 May 2018 18:53:09 DEBUG    https://api.telegram.org:443 "GET /bot597935817:AAGAbCwCGnHD7yqsGLbPKXj1pNn-NaD8bCs/getUpdates?offset=461431566&timeout=20 HTTP/1.1" 200 23
Sat, 12 May 2018 18:53:29 DEBUG    https://api.telegram.org:443 "GET /bot597935817:AAGAbCwCGnHD7yqsGLbPKXj1pNn-NaD8bCs/getUpdates?offset=461431566&timeout=20 HTTP/1.1" 200 23
Sat, 12 May 2018 18:53:54 DEBUG    https://api.telegram.org:443 "GET /bot597935817:AAGAbCwCGnHD7yqsGLbPKXj1pNn-NaD8bCs/getUpdates?offset=461431566&timeout=20 HTTP/1.1" 200 23
Sat, 12 May 2018 18:54:14 DEBUG    https://api.telegram.org:443 "GET /bot597935817:AAGAbCwCGnHD7yqsGLbPKXj1pNn-NaD8bCs/getUpdates?offset=461431566&timeout=20 HTTP/1.1" 200 23
Sat, 12 May 2018 18:54:34 DEBUG    https://api.telegram.org:443 "GET /bot597935817:AAGAbCwCGnHD7yqsGLbPKXj1pNn-NaD8bCs/getUpdates?offset=461431566&timeout=20 HTTP/1.1" 200 23
Sat, 12 May 2018 18:54:55 DEBUG    https://api.telegram.org:443 "GET /bot597935817:AAGAbCwCGnHD7yqsGLbPKXj1pNn-NaD8bCs/getUpdates?offset=461431566&timeout=20 HTTP/1.1" 200 23
Sat, 12 May 2018 18:55:15 DEBUG    https://api.telegram.org:443 "GET /bot597935817:AAGAbCwCGnHD7yqsGLbPKXj1pNn-NaD8bCs/getUpdates?offset=461431566&timeout=20 HTTP/1.1" 200 23
Sat, 12 May 2018 18:55:35 DEBUG    https://api.telegram.org:443 "GET /bot597935817:AAGAbCwCGnHD7yqsGLbPKXj1pNn-NaD8bCs/getUpdates?offset=461431566&timeout=20 HTTP/1.1" 200 23
Sat, 12 May 2018 18:55:55 DEBUG    https://api.telegram.org:443 "GET /bot597935817:AAGAbCwCGnHD7yqsGLbPKXj1pNn-NaD8bCs/getUpdates?offset=461431566&timeout=20 HTTP/1.1" 200 23
Sat, 12 May 2018 18:56:15 DEBUG    https://api.telegram.org:443 "GET /bot597935817:AAGAbCwCGnHD7yqsGLbPKXj1pNn-NaD8bCs/getUpdates?offset=461431566&timeout=20 HTTP/1.1" 200 23
Sat, 12 May 2018 18:56:36 DEBUG    https://api.telegram.org:443 "GET /bot597935817:AAGAbCwCGnHD7yqsGLbPKXj1pNn-NaD8bCs/getUpdates?offset=461431566&timeout=20 HTTP/1.1" 200 23
Sat, 12 May 2018 18:56:56 DEBUG    https://api.telegram.org:443 "GET /bot597935817:AAGAbCwCGnHD7yqsGLbPKXj1pNn-NaD8bCs/getUpdates?offset=461431566&timeout=20 HTTP/1.1" 200 23
Sat, 12 May 2018 18:57:16 DEBUG    https://api.telegram.org:443 "GET /bot597935817:AAGAbCwCGnHD7yqsGLbPKXj1pNn-NaD8bCs/getUpdates?offset=461431566&timeout=20 HTTP/1.1" 200 23
Sat, 12 May 2018 18:57:36 DEBUG    https://api.telegram.org:443 "GET /bot597935817:AAGAbCwCGnHD7yqsGLbPKXj1pNn-NaD8bCs/getUpdates?offset=461431566&timeout=20 HTTP/1.1" 200 23
Sat, 12 May 2018 18:57:56 DEBUG    https://api.telegram.org:443 "GET /bot597935817:AAGAbCwCGnHD7yqsGLbPKXj1pNn-NaD8bCs/getUpdates?offset=461431566&timeout=20 HTTP/1.1" 200 23
Sat, 12 May 2018 18:58:16 DEBUG    https://api.telegram.org:443 "GET /bot597935817:AAGAbCwCGnHD7yqsGLbPKXj1pNn-NaD8bCs/getUpdates?offset=461431566&timeout=20 HTTP/1.1" 200 23
Sat, 12 May 2018 18:58:36 DEBUG    https://api.telegram.org:443 "GET /bot597935817:AAGAbCwCGnHD7yqsGLbPKXj1pNn-NaD8bCs/getUpdates?offset=461431566&timeout=20 HTTP/1.1" 200 23
Sat, 12 May 2018 18:58:57 DEBUG    https://api.telegram.org:443 "GET /bot597935817:AAGAbCwCGnHD7yqsGLbPKXj1pNn-NaD8bCs/getUpdates?offset=461431566&timeout=20 HTTP/1.1" 200 23
Sat, 12 May 2018 18:59:17 DEBUG    https://api.telegram.org:443 "GET /bot597935817:AAGAbCwCGnHD7yqsGLbPKXj1pNn-NaD8bCs/getUpdates?offset=461431566&timeout=20 HTTP/1.1" 200 23
Sat, 12 May 2018 18:59:37 DEBUG    https://api.telegram.org:443 "GET /bot597935817:AAGAbCwCGnHD7yqsGLbPKXj1pNn-NaD8bCs/getUpdates?offset=461431566&timeout=20 HTTP/1.1" 200 23
Sat, 12 May 2018 18:59:57 DEBUG    https://api.telegram.org:443 "GET /bot597935817:AAGAbCwCGnHD7yqsGLbPKXj1pNn-NaD8bCs/getUpdates?offset=461431566&timeout=20 HTTP/1.1" 200 23
Sat, 12 May 2018 19:00:17 DEBUG    https://api.telegram.org:443 "GET /bot597935817:AAGAbCwCGnHD7yqsGLbPKXj1pNn-NaD8bCs/getUpdates?offset=461431566&timeout=20 HTTP/1.1" 200 23
Sat, 12 May 2018 19:00:37 DEBUG    https://api.telegram.org:443 "GET /bot597935817:AAGAbCwCGnHD7yqsGLbPKXj1pNn-NaD8bCs/getUpdates?offset=461431566&timeout=20 HTTP/1.1" 200 23
Sat, 12 May 2018 19:00:57 DEBUG    https://api.telegram.org:443 "GET /bot597935817:AAGAbCwCGnHD7yqsGLbPKXj1pNn-NaD8bCs/getUpdates?offset=461431566&timeout=20 HTTP/1.1" 200 23
Sat, 12 May 2018 19:01:17 DEBUG    https://api.telegram.org:443 "GET /bot597935817:AAGAbCwCGnHD7yqsGLbPKXj1pNn-NaD8bCs/getUpdates?offset=461431566&timeout=20 HTTP/1.1" 200 23
Sat, 12 May 2018 19:01:37 DEBUG    https://api.telegram.org:443 "GET /bot597935817:AAGAbCwCGnHD7yqsGLbPKXj1pNn-NaD8bCs/getUpdates?offset=461431566&timeout=20 HTTP/1.1" 200 23
Sat, 12 May 2018 19:01:58 DEBUG    https://api.telegram.org:443 "GET /bot597935817:AAGAbCwCGnHD7yqsGLbPKXj1pNn-NaD8bCs/getUpdates?offset=461431566&timeout=20 HTTP/1.1" 200 23
Sat, 12 May 2018 19:02:18 DEBUG    https://api.telegram.org:443 "GET /bot597935817:AAGAbCwCGnHD7yqsGLbPKXj1pNn-NaD8bCs/getUpdates?offset=461431566&timeout=20 HTTP/1.1" 200 23
Sat, 12 May 2018 19:02:38 DEBUG    https://api.telegram.org:443 "GET /bot597935817:AAGAbCwCGnHD7yqsGLbPKXj1pNn-NaD8bCs/getUpdates?offset=461431566&timeout=20 HTTP/1.1" 200 23
Sat, 12 May 2018 19:02:58 DEBUG    https://api.telegram.org:443 "GET /bot597935817:AAGAbCwCGnHD7yqsGLbPKXj1pNn-NaD8bCs/getUpdates?offset=461431566&timeout=20 HTTP/1.1" 200 23
Sat, 12 May 2018 19:03:18 DEBUG    https://api.telegram.org:443 "GET /bot597935817:AAGAbCwCGnHD7yqsGLbPKXj1pNn-NaD8bCs/getUpdates?offset=461431566&timeout=20 HTTP/1.1" 200 23
Sat, 12 May 2018 19:03:38 DEBUG    https://api.telegram.org:443 "GET /bot597935817:AAGAbCwCGnHD7yqsGLbPKXj1pNn-NaD8bCs/getUpdates?offset=461431566&timeout=20 HTTP/1.1" 200 23
Sat, 12 May 2018 19:03:58 DEBUG    https://api.telegram.org:443 "GET /bot597935817:AAGAbCwCGnHD7yqsGLbPKXj1pNn-NaD8bCs/getUpdates?offset=461431566&timeout=20 HTTP/1.1" 200 23
Sat, 12 May 2018 19:04:18 DEBUG    https://api.telegram.org:443 "GET /bot597935817:AAGAbCwCGnHD7yqsGLbPKXj1pNn-NaD8bCs/getUpdates?offset=461431566&timeout=20 HTTP/1.1" 200 23
Sat, 12 May 2018 19:04:38 DEBUG    https://api.telegram.org:443 "GET /bot597935817:AAGAbCwCGnHD7yqsGLbPKXj1pNn-NaD8bCs/getUpdates?offset=461431566&timeout=20 HTTP/1.1" 200 23
Sat, 12 May 2018 19:04:58 DEBUG    https://api.telegram.org:443 "GET /bot597935817:AAGAbCwCGnHD7yqsGLbPKXj1pNn-NaD8bCs/getUpdates?offset=461431566&timeout=20 HTTP/1.1" 200 23
Sat, 12 May 2018 19:05:19 DEBUG    https://api.telegram.org:443 "GET /bot597935817:AAGAbCwCGnHD7yqsGLbPKXj1pNn-NaD8bCs/getUpdates?offset=461431566&timeout=20 HTTP/1.1" 200 23
Sat, 12 May 2018 19:05:39 DEBUG    https://api.telegram.org:443 "GET /bot597935817:AAGAbCwCGnHD7yqsGLbPKXj1pNn-NaD8bCs/getUpdates?offset=461431566&timeout=20 HTTP/1.1" 200 23
Sat, 12 May 2018 19:05:59 DEBUG    https://api.telegram.org:443 "GET /bot597935817:AAGAbCwCGnHD7yqsGLbPKXj1pNn-NaD8bCs/getUpdates?offset=461431566&timeout=20 HTTP/1.1" 200 23
Sat, 12 May 2018 19:06:19 DEBUG    https://api.telegram.org:443 "GET /bot597935817:AAGAbCwCGnHD7yqsGLbPKXj1pNn-NaD8bCs/getUpdates?offset=461431566&timeout=20 HTTP/1.1" 200 23
Sat, 12 May 2018 19:06:39 DEBUG    https://api.telegram.org:443 "GET /bot597935817:AAGAbCwCGnHD7yqsGLbPKXj1pNn-NaD8bCs/getUpdates?offset=461431566&timeout=20 HTTP/1.1" 200 23
Sat, 12 May 2018 19:06:44 DEBUG    https://api.telegram.org:443 "GET /bot597935817:AAGAbCwCGnHD7yqsGLbPKXj1pNn-NaD8bCs/getUpdates?offset=461431566&timeout=20 HTTP/1.1" 409 143
Sat, 12 May 2018 19:06:44 ERROR    ApiException occurred, args=('A request to the Telegram API was unsuccessful. The server returned HTTP 409 Conflict. Response body:\n[b\'{"ok":false,"error_code":409,"description":"Conflict: terminated by other getUpdates request; make sure that only one bot instance is running"}\']',)
Traceback (most recent call last):
  File "C:\Program Files\Python36\lib\site-packages\telebot\util.py", line 59, in run
    task(*args, **kwargs)
  File "C:\Program Files\Python36\lib\site-packages\telebot\__init__.py", line 159, in __retrieve_updates
    updates = self.get_updates(offset=(self.last_update_id + 1), timeout=timeout)
  File "C:\Program Files\Python36\lib\site-packages\telebot\__init__.py", line 129, in get_updates
    json_updates = apihelper.get_updates(self.token, offset, limit, timeout, allowed_updates)
  File "C:\Program Files\Python36\lib\site-packages\telebot\apihelper.py", line 175, in get_updates
    return _make_request(token, method_url, params=payload)
  File "C:\Program Files\Python36\lib\site-packages\telebot\apihelper.py", line 56, in _make_request
    return _check_result(method_name, result)['result']
  File "C:\Program Files\Python36\lib\site-packages\telebot\apihelper.py", line 75, in _check_result
    raise ApiException(msg, method_name, result)
telebot.apihelper.ApiException: A request to the Telegram API was unsuccessful. The server returned HTTP 409 Conflict. Response body:
[b'{"ok":false,"error_code":409,"description":"Conflict: terminated by other getUpdates request; make sure that only one bot instance is running"}']

Sat, 12 May 2018 19:06:44 ERROR    A request to the Telegram API was unsuccessful. The server returned HTTP 409 Conflict. Response body:
[b'{"ok":false,"error_code":409,"description":"Conflict: terminated by other getUpdates request; make sure that only one bot instance is running"}']
Sat, 12 May 2018 19:06:48 DEBUG    https://api.telegram.org:443 "GET /bot597935817:AAGAbCwCGnHD7yqsGLbPKXj1pNn-NaD8bCs/getUpdates?offset=461431566&timeout=20 HTTP/1.1" 409 143
Sat, 12 May 2018 19:06:48 ERROR    ApiException occurred, args=('A request to the Telegram API was unsuccessful. The server returned HTTP 409 Conflict. Response body:\n[b\'{"ok":false,"error_code":409,"description":"Conflict: terminated by other getUpdates request; make sure that only one bot instance is running"}\']',)
Traceback (most recent call last):
  File "C:\Program Files\Python36\lib\site-packages\telebot\util.py", line 59, in run
    task(*args, **kwargs)
  File "C:\Program Files\Python36\lib\site-packages\telebot\__init__.py", line 159, in __retrieve_updates
    updates = self.get_updates(offset=(self.last_update_id + 1), timeout=timeout)
  File "C:\Program Files\Python36\lib\site-packages\telebot\__init__.py", line 129, in get_updates
    json_updates = apihelper.get_updates(self.token, offset, limit, timeout, allowed_updates)
  File "C:\Program Files\Python36\lib\site-packages\telebot\apihelper.py", line 175, in get_updates
    return _make_request(token, method_url, params=payload)
  File "C:\Program Files\Python36\lib\site-packages\telebot\apihelper.py", line 56, in _make_request
    return _check_result(method_name, result)['result']
  File "C:\Program Files\Python36\lib\site-packages\telebot\apihelper.py", line 75, in _check_result
    raise ApiException(msg, method_name, result)
telebot.apihelper.ApiException: A request to the Telegram API was unsuccessful. The server returned HTTP 409 Conflict. Response body:
[b'{"ok":false,"error_code":409,"description":"Conflict: terminated by other getUpdates request; make sure that only one bot instance is running"}']

Sat, 12 May 2018 19:06:48 ERROR    A request to the Telegram API was unsuccessful. The server returned HTTP 409 Conflict. Response body:
[b'{"ok":false,"error_code":409,"description":"Conflict: terminated by other getUpdates request; make sure that only one bot instance is running"}']
Sat, 12 May 2018 19:06:52 DEBUG    https://api.telegram.org:443 "GET /bot597935817:AAGAbCwCGnHD7yqsGLbPKXj1pNn-NaD8bCs/getUpdates?offset=461431566&timeout=20 HTTP/1.1" 409 143
Sat, 12 May 2018 19:06:52 ERROR    ApiException occurred, args=('A request to the Telegram API was unsuccessful. The server returned HTTP 409 Conflict. Response body:\n[b\'{"ok":false,"error_code":409,"description":"Conflict: terminated by other getUpdates request; make sure that only one bot instance is running"}\']',)
Traceback (most recent call last):
  File "C:\Program Files\Python36\lib\site-packages\telebot\util.py", line 59, in run
    task(*args, **kwargs)
  File "C:\Program Files\Python36\lib\site-packages\telebot\__init__.py", line 159, in __retrieve_updates
    updates = self.get_updates(offset=(self.last_update_id + 1), timeout=timeout)
  File "C:\Program Files\Python36\lib\site-packages\telebot\__init__.py", line 129, in get_updates
    json_updates = apihelper.get_updates(self.token, offset, limit, timeout, allowed_updates)
  File "C:\Program Files\Python36\lib\site-packages\telebot\apihelper.py", line 175, in get_updates
    return _make_request(token, method_url, params=payload)
  File "C:\Program Files\Python36\lib\site-packages\telebot\apihelper.py", line 56, in _make_request
    return _check_result(method_name, result)['result']
  File "C:\Program Files\Python36\lib\site-packages\telebot\apihelper.py", line 75, in _check_result
    raise ApiException(msg, method_name, result)
telebot.apihelper.ApiException: A request to the Telegram API was unsuccessful. The server returned HTTP 409 Conflict. Response body:
[b'{"ok":false,"error_code":409,"description":"Conflict: terminated by other getUpdates request; make sure that only one bot instance is running"}']

Sat, 12 May 2018 19:06:52 ERROR    A request to the Telegram API was unsuccessful. The server returned HTTP 409 Conflict. Response body:
[b'{"ok":false,"error_code":409,"description":"Conflict: terminated by other getUpdates request; make sure that only one bot instance is running"}']
Sat, 12 May 2018 19:06:55 DEBUG    https://api.telegram.org:443 "GET /bot597935817:AAGAbCwCGnHD7yqsGLbPKXj1pNn-NaD8bCs/getUpdates?offset=461431566&timeout=20 HTTP/1.1" 200 396
Sat, 12 May 2018 19:06:55 DEBUG    Resetting dropped connection: api.telegram.org
Sat, 12 May 2018 19:06:56 DEBUG    https://api.telegram.org:443 "POST /bot597935817:AAGAbCwCGnHD7yqsGLbPKXj1pNn-NaD8bCs/sendMessage?chat_id=562036772&text=How+old+are+you%3F HTTP/1.1" 200 279
Sat, 12 May 2018 19:06:57 DEBUG    https://api.telegram.org:443 "GET /bot597935817:AAGAbCwCGnHD7yqsGLbPKXj1pNn-NaD8bCs/getUpdates?offset=461431567&timeout=20 HTTP/1.1" 409 143
Sat, 12 May 2018 19:06:57 ERROR    ApiException occurred, args=('A request to the Telegram API was unsuccessful. The server returned HTTP 409 Conflict. Response body:\n[b\'{"ok":false,"error_code":409,"description":"Conflict: terminated by other getUpdates request; make sure that only one bot instance is running"}\']',)
Traceback (most recent call last):
  File "C:\Program Files\Python36\lib\site-packages\telebot\util.py", line 59, in run
    task(*args, **kwargs)
  File "C:\Program Files\Python36\lib\site-packages\telebot\__init__.py", line 159, in __retrieve_updates
    updates = self.get_updates(offset=(self.last_update_id + 1), timeout=timeout)
  File "C:\Program Files\Python36\lib\site-packages\telebot\__init__.py", line 129, in get_updates
    json_updates = apihelper.get_updates(self.token, offset, limit, timeout, allowed_updates)
  File "C:\Program Files\Python36\lib\site-packages\telebot\apihelper.py", line 175, in get_updates
    return _make_request(token, method_url, params=payload)
  File "C:\Program Files\Python36\lib\site-packages\telebot\apihelper.py", line 56, in _make_request
    return _check_result(method_name, result)['result']
  File "C:\Program Files\Python36\lib\site-packages\telebot\apihelper.py", line 75, in _check_result
    raise ApiException(msg, method_name, result)
telebot.apihelper.ApiException: A request to the Telegram API was unsuccessful. The server returned HTTP 409 Conflict. Response body:
[b'{"ok":false,"error_code":409,"description":"Conflict: terminated by other getUpdates request; make sure that only one bot instance is running"}']

Sat, 12 May 2018 19:06:57 ERROR    A request to the Telegram API was unsuccessful. The server returned HTTP 409 Conflict. Response body:
[b'{"ok":false,"error_code":409,"description":"Conflict: terminated by other getUpdates request; make sure that only one bot instance is running"}']
Sat, 12 May 2018 19:12:41 DEBUG    Starting new HTTPS connection (1): api.telegram.org
Sat, 12 May 2018 19:12:42 DEBUG    https://api.telegram.org:443 "POST /bot597935817:AAGAbCwCGnHD7yqsGLbPKXj1pNn-NaD8bCs/sendMessage?chat_id=562036772&text=%D0%92%D0%B0%D1%81+%D0%BF%D1%80%D0%B8%D0%B2%D0%B5%D1%82%D1%81%D1%82%D0%B2%D1%83%D0%B5%D1%82+%D0%B1%D0%BE%D1%82+DigitalCitizen%2C+%D0%B7%D0%B4%D0%B5%D1%81%D1%8C+%D0%B2%D1%8B+%D0%BC%D0%BE%D0%B6%D0%B5%D1%82%D0%B5+%D0%BF%D0%BE%D0%B4%D0%B0%D1%82%D1%8C+%D0%B2%D0%B0%D1%88%D1%83+%D0%B6%D0%B0%D0%BB%D0%BE%D0%B1%D1%83 HTTP/1.1" 200 570
Sat, 12 May 2018 19:12:42 DEBUG    https://api.telegram.org:443 "POST /bot597935817:AAGAbCwCGnHD7yqsGLbPKXj1pNn-NaD8bCs/sendMessage?chat_id=562036772&text=Whats+your+name%3F HTTP/1.1" 200 280
Sat, 12 May 2018 19:12:45 DEBUG    https://api.telegram.org:443 "GET /bot597935817:AAGAbCwCGnHD7yqsGLbPKXj1pNn-NaD8bCs/getUpdates?offset=461431572&timeout=20 HTTP/1.1" 200 337
Sat, 12 May 2018 19:12:46 DEBUG    https://api.telegram.org:443 "POST /bot597935817:AAGAbCwCGnHD7yqsGLbPKXj1pNn-NaD8bCs/sendMessage?chat_id=562036772&text=Write+your+addres+and+city HTTP/1.1" 200 290
Sat, 12 May 2018 19:13:05 DEBUG    https://api.telegram.org:443 "GET /bot597935817:AAGAbCwCGnHD7yqsGLbPKXj1pNn-NaD8bCs/getUpdates?offset=461431573&timeout=20 HTTP/1.1" 200 339
Sat, 12 May 2018 19:13:05 DEBUG    https://api.telegram.org:443 "POST /bot597935817:AAGAbCwCGnHD7yqsGLbPKXj1pNn-NaD8bCs/sendMessage?chat_id=562036772&text=How+old+are+you%3F HTTP/1.1" 200 280
Sat, 12 May 2018 19:13:07 DEBUG    https://api.telegram.org:443 "GET /bot597935817:AAGAbCwCGnHD7yqsGLbPKXj1pNn-NaD8bCs/getUpdates?offset=461431574&timeout=20 HTTP/1.1" 200 335
Sat, 12 May 2018 19:13:07 DEBUG    https://api.telegram.org:443 "POST /bot597935817:AAGAbCwCGnHD7yqsGLbPKXj1pNn-NaD8bCs/sendMessage?chat_id=562036772&text=Write+essence+of+complaint HTTP/1.1" 200 290
Sat, 12 May 2018 19:13:13 DEBUG    https://api.telegram.org:443 "GET /bot597935817:AAGAbCwCGnHD7yqsGLbPKXj1pNn-NaD8bCs/getUpdates?offset=461431575&timeout=20 HTTP/1.1" 200 337
Sat, 12 May 2018 19:13:13 DEBUG    https://api.telegram.org:443 "POST /bot597935817:AAGAbCwCGnHD7yqsGLbPKXj1pNn-NaD8bCs/sendMessage?chat_id=562036772&text=%D0%95%D1%81%D0%BB%D0%B8+%D0%B2%D1%81%D0%B5+%D0%B4%D0%B0%D0%BD%D0%BD%D1%8B%D0%B5+%D0%B2%D0%B5%D1%80%D0%BD%D1%8B+%D0%BD%D0%B0%D0%B6%D0%BC%D0%B8%D1%82%D0%B5+%27%D0%9E%D1%82%D0%BF%D1%80%D0%B0%D0%B2%D0%B8%D1%82%D1%8C%27%2C+%D0%B2+%D0%BF%D1%80%D0%BE%D1%82%D0%B8%D0%B2%D0%BD%D0%BE%D0%BC+%D1%81%D0%BB%D1%83%D1%87%D0%B0%D0%B5+%D0%B2%D0%B2%D0%B5%D0%B4%D0%B8%D1%82%D0%B5+%D0%B4%D0%B0%D0%BD%D0%BD%D1%8B%D0%B5+%D0%B7%D0%B0%D0%BD%D0%BE%D0%B2%D0%BE+%D0%BD%D0%B0%D0%B6%D0%B0%D0%B2+%D0%BD%D0%B0+%2Fstart&reply_markup=%7B%22keyboard%22%3A+%5B%5B%7B%22text%22%3A+%22%5Cu041e%5Cu0442%5Cu043f%5Cu0440%5Cu0430%5Cu0432%5Cu0438%5Cu0442%5Cu044c%22%7D%5D%5D%2C+%22one_time_keyboard%22%3A+true%2C+%22resize_keyboard%22%3A+true%7D HTTP/1.1" 200 802
Sat, 12 May 2018 19:13:19 DEBUG    https://api.telegram.org:443 "GET /bot597935817:AAGAbCwCGnHD7yqsGLbPKXj1pNn-NaD8bCs/getUpdates?offset=461431576&timeout=20 HTTP/1.1" 200 387
Sat, 12 May 2018 19:13:19 DEBUG    https://api.telegram.org:443 "POST /bot597935817:AAGAbCwCGnHD7yqsGLbPKXj1pNn-NaD8bCs/sendMessage?chat_id=562036772&text=%D0%9F%D0%BE%D0%B7%D0%B4%D1%80%D0%B0%D0%B2%D0%BB%D1%8F%D1%8E+%D0%B2%D1%8B+%D0%BF%D1%80%D0%BE%D1%88%D0%BB%D0%B8+%D1%80%D0%B5%D0%B3%D0%B8%D1%81%D1%82%D1%80%D0%B0%D1%86%D0%B8%D1%8E%2C+%D0%B2%D0%B0%D1%88%D0%B0+%D0%B7%D0%B0%D1%8F%D0%B2%D0%BA%D0%B0+%D0%BD%D0%B0%D1%85%D0%BE%D0%B4%D0%B8%D1%82%D1%81%D1%8F+%D0%BD%D0%B0+%D1%80%D0%B0%D1%81%D1%81%D0%BC%D0%BE%D1%82%D1%80%D0%B5%D0%BD%D0%B8%D0%B8+%D0%B0%D0%B4%D0%BC%D0%B8%D0%BD%D0%B8%D1%81%D1%82%D1%80%D0%B0%D1%86%D0%B8%D0%B8 HTTP/1.1" 200 724
Sat, 12 May 2018 19:13:19 ERROR    OperationalError occurred, args=('no such column: (1,)',)
Traceback (most recent call last):
  File "C:\Program Files\Python36\lib\site-packages\telebot\util.py", line 59, in run
    task(*args, **kwargs)
  File "C:/Users/БорсовН/Documents/GitHub/python/Дз по python/Дз8/ТЗ/TZ_code.py", line 146, in finalStepOfRegistration
    cursorConnectionAndWrite("First_4_answers", myArray)
  File "C:/Users/БорсовН/Documents/GitHub/python/Дз по python/Дз8/ТЗ/TZ_code.py", line 129, in cursorConnectionAndWrite
    cursor.execute("insert into %s values %s" %(tableName,insertingTurpleWithValues))
sqlite3.OperationalError: no such column: (1,)

Sat, 12 May 2018 19:16:46 DEBUG    Starting new HTTPS connection (1): api.telegram.org
Sat, 12 May 2018 19:16:47 DEBUG    https://api.telegram.org:443 "POST /bot597935817:AAGAbCwCGnHD7yqsGLbPKXj1pNn-NaD8bCs/sendMessage?chat_id=562036772&text=%D0%92%D0%B0%D1%81+%D0%BF%D1%80%D0%B8%D0%B2%D0%B5%D1%82%D1%81%D1%82%D0%B2%D1%83%D0%B5%D1%82+%D0%B1%D0%BE%D1%82+DigitalCitizen%2C+%D0%B7%D0%B4%D0%B5%D1%81%D1%8C+%D0%B2%D1%8B+%D0%BC%D0%BE%D0%B6%D0%B5%D1%82%D0%B5+%D0%BF%D0%BE%D0%B4%D0%B0%D1%82%D1%8C+%D0%B2%D0%B0%D1%88%D1%83+%D0%B6%D0%B0%D0%BB%D0%BE%D0%B1%D1%83 HTTP/1.1" 200 570
Sat, 12 May 2018 19:16:47 DEBUG    https://api.telegram.org:443 "POST /bot597935817:AAGAbCwCGnHD7yqsGLbPKXj1pNn-NaD8bCs/sendMessage?chat_id=562036772&text=Whats+your+name%3F HTTP/1.1" 200 280
Sat, 12 May 2018 19:16:52 DEBUG    https://api.telegram.org:443 "GET /bot597935817:AAGAbCwCGnHD7yqsGLbPKXj1pNn-NaD8bCs/getUpdates?offset=461431578&timeout=20 HTTP/1.1" 200 339
Sat, 12 May 2018 19:16:52 DEBUG    Starting new HTTPS connection (1): api.telegram.org
Sat, 12 May 2018 19:16:52 DEBUG    https://api.telegram.org:443 "POST /bot597935817:AAGAbCwCGnHD7yqsGLbPKXj1pNn-NaD8bCs/sendMessage?chat_id=562036772&text=Write+your+addres+and+city HTTP/1.1" 200 290
Sat, 12 May 2018 19:16:57 DEBUG    https://api.telegram.org:443 "GET /bot597935817:AAGAbCwCGnHD7yqsGLbPKXj1pNn-NaD8bCs/getUpdates?offset=461431579&timeout=20 HTTP/1.1" 200 336
Sat, 12 May 2018 19:16:57 DEBUG    https://api.telegram.org:443 "POST /bot597935817:AAGAbCwCGnHD7yqsGLbPKXj1pNn-NaD8bCs/sendMessage?chat_id=562036772&text=How+old+are+you%3F HTTP/1.1" 200 280
Sat, 12 May 2018 19:17:02 DEBUG    https://api.telegram.org:443 "GET /bot597935817:AAGAbCwCGnHD7yqsGLbPKXj1pNn-NaD8bCs/getUpdates?offset=461431580&timeout=20 HTTP/1.1" 200 335
Sat, 12 May 2018 19:17:02 DEBUG    https://api.telegram.org:443 "POST /bot597935817:AAGAbCwCGnHD7yqsGLbPKXj1pNn-NaD8bCs/sendMessage?chat_id=562036772&text=Write+essence+of+complaint HTTP/1.1" 200 290
Sat, 12 May 2018 19:17:10 DEBUG    https://api.telegram.org:443 "GET /bot597935817:AAGAbCwCGnHD7yqsGLbPKXj1pNn-NaD8bCs/getUpdates?offset=461431581&timeout=20 HTTP/1.1" 200 335
Sat, 12 May 2018 19:17:10 DEBUG    https://api.telegram.org:443 "POST /bot597935817:AAGAbCwCGnHD7yqsGLbPKXj1pNn-NaD8bCs/sendMessage?chat_id=562036772&text=%D0%95%D1%81%D0%BB%D0%B8+%D0%B2%D1%81%D0%B5+%D0%B4%D0%B0%D0%BD%D0%BD%D1%8B%D0%B5+%D0%B2%D0%B5%D1%80%D0%BD%D1%8B+%D0%BD%D0%B0%D0%B6%D0%BC%D0%B8%D1%82%D0%B5+%27%D0%9E%D1%82%D0%BF%D1%80%D0%B0%D0%B2%D0%B8%D1%82%D1%8C%27%2C+%D0%B2+%D0%BF%D1%80%D0%BE%D1%82%D0%B8%D0%B2%D0%BD%D0%BE%D0%BC+%D1%81%D0%BB%D1%83%D1%87%D0%B0%D0%B5+%D0%B2%D0%B2%D0%B5%D0%B4%D0%B8%D1%82%D0%B5+%D0%B4%D0%B0%D0%BD%D0%BD%D1%8B%D0%B5+%D0%B7%D0%B0%D0%BD%D0%BE%D0%B2%D0%BE+%D0%BD%D0%B0%D0%B6%D0%B0%D0%B2+%D0%BD%D0%B0+%2Fstart&reply_markup=%7B%22keyboard%22%3A+%5B%5B%7B%22text%22%3A+%22%5Cu041e%5Cu0442%5Cu043f%5Cu0440%5Cu0430%5Cu0432%5Cu0438%5Cu0442%5Cu044c%22%7D%5D%5D%2C+%22one_time_keyboard%22%3A+true%2C+%22resize_keyboard%22%3A+true%7D HTTP/1.1" 200 802
Sat, 12 May 2018 19:17:30 DEBUG    https://api.telegram.org:443 "GET /bot597935817:AAGAbCwCGnHD7yqsGLbPKXj1pNn-NaD8bCs/getUpdates?offset=461431582&timeout=20 HTTP/1.1" 200 23
Sat, 12 May 2018 19:24:36 DEBUG    Starting new HTTPS connection (1): api.telegram.org
Sat, 12 May 2018 19:24:36 DEBUG    https://api.telegram.org:443 "GET /bot597935817:AAGAbCwCGnHD7yqsGLbPKXj1pNn-NaD8bCs/getUpdates?offset=461431584&timeout=20 HTTP/1.1" 409 143
Sat, 12 May 2018 19:24:36 ERROR    ApiException occurred, args=('A request to the Telegram API was unsuccessful. The server returned HTTP 409 Conflict. Response body:\n[b\'{"ok":false,"error_code":409,"description":"Conflict: terminated by other getUpdates request; make sure that only one bot instance is running"}\']',)
Traceback (most recent call last):
  File "C:\Program Files\Python36\lib\site-packages\telebot\util.py", line 59, in run
    task(*args, **kwargs)
  File "C:\Program Files\Python36\lib\site-packages\telebot\__init__.py", line 159, in __retrieve_updates
    updates = self.get_updates(offset=(self.last_update_id + 1), timeout=timeout)
  File "C:\Program Files\Python36\lib\site-packages\telebot\__init__.py", line 129, in get_updates
    json_updates = apihelper.get_updates(self.token, offset, limit, timeout, allowed_updates)
  File "C:\Program Files\Python36\lib\site-packages\telebot\apihelper.py", line 175, in get_updates
    return _make_request(token, method_url, params=payload)
  File "C:\Program Files\Python36\lib\site-packages\telebot\apihelper.py", line 56, in _make_request
    return _check_result(method_name, result)['result']
  File "C:\Program Files\Python36\lib\site-packages\telebot\apihelper.py", line 75, in _check_result
    raise ApiException(msg, method_name, result)
telebot.apihelper.ApiException: A request to the Telegram API was unsuccessful. The server returned HTTP 409 Conflict. Response body:
[b'{"ok":false,"error_code":409,"description":"Conflict: terminated by other getUpdates request; make sure that only one bot instance is running"}']

Sat, 12 May 2018 19:24:36 ERROR    A request to the Telegram API was unsuccessful. The server returned HTTP 409 Conflict. Response body:
[b'{"ok":false,"error_code":409,"description":"Conflict: terminated by other getUpdates request; make sure that only one bot instance is running"}']
Sat, 12 May 2018 19:24:36 DEBUG    https://api.telegram.org:443 "POST /bot597935817:AAGAbCwCGnHD7yqsGLbPKXj1pNn-NaD8bCs/sendMessage?chat_id=562036772&text=%D0%92%D0%B0%D1%81+%D0%BF%D1%80%D0%B8%D0%B2%D0%B5%D1%82%D1%81%D1%82%D0%B2%D1%83%D0%B5%D1%82+%D0%B1%D0%BE%D1%82+DigitalCitizen%2C+%D0%B7%D0%B4%D0%B5%D1%81%D1%8C+%D0%B2%D1%8B+%D0%BC%D0%BE%D0%B6%D0%B5%D1%82%D0%B5+%D0%BF%D0%BE%D0%B4%D0%B0%D1%82%D1%8C+%D0%B2%D0%B0%D1%88%D1%83+%D0%B6%D0%B0%D0%BB%D0%BE%D0%B1%D1%83 HTTP/1.1" 200 570
Sat, 12 May 2018 19:24:36 DEBUG    https://api.telegram.org:443 "POST /bot597935817:AAGAbCwCGnHD7yqsGLbPKXj1pNn-NaD8bCs/sendMessage?chat_id=562036772&text=Whats+your+name%3F HTTP/1.1" 200 280
Sat, 12 May 2018 19:24:40 DEBUG    https://api.telegram.org:443 "GET /bot597935817:AAGAbCwCGnHD7yqsGLbPKXj1pNn-NaD8bCs/getUpdates?offset=461431584&timeout=20 HTTP/1.1" 409 143
Sat, 12 May 2018 19:24:40 ERROR    ApiException occurred, args=('A request to the Telegram API was unsuccessful. The server returned HTTP 409 Conflict. Response body:\n[b\'{"ok":false,"error_code":409,"description":"Conflict: terminated by other getUpdates request; make sure that only one bot instance is running"}\']',)
Traceback (most recent call last):
  File "C:\Program Files\Python36\lib\site-packages\telebot\util.py", line 59, in run
    task(*args, **kwargs)
  File "C:\Program Files\Python36\lib\site-packages\telebot\__init__.py", line 159, in __retrieve_updates
    updates = self.get_updates(offset=(self.last_update_id + 1), timeout=timeout)
  File "C:\Program Files\Python36\lib\site-packages\telebot\__init__.py", line 129, in get_updates
    json_updates = apihelper.get_updates(self.token, offset, limit, timeout, allowed_updates)
  File "C:\Program Files\Python36\lib\site-packages\telebot\apihelper.py", line 175, in get_updates
    return _make_request(token, method_url, params=payload)
  File "C:\Program Files\Python36\lib\site-packages\telebot\apihelper.py", line 56, in _make_request
    return _check_result(method_name, result)['result']
  File "C:\Program Files\Python36\lib\site-packages\telebot\apihelper.py", line 75, in _check_result
    raise ApiException(msg, method_name, result)
telebot.apihelper.ApiException: A request to the Telegram API was unsuccessful. The server returned HTTP 409 Conflict. Response body:
[b'{"ok":false,"error_code":409,"description":"Conflict: terminated by other getUpdates request; make sure that only one bot instance is running"}']

Sat, 12 May 2018 19:24:40 ERROR    A request to the Telegram API was unsuccessful. The server returned HTTP 409 Conflict. Response body:
[b'{"ok":false,"error_code":409,"description":"Conflict: terminated by other getUpdates request; make sure that only one bot instance is running"}']
Sat, 12 May 2018 19:24:42 DEBUG    https://api.telegram.org:443 "GET /bot597935817:AAGAbCwCGnHD7yqsGLbPKXj1pNn-NaD8bCs/getUpdates?offset=461431584&timeout=20 HTTP/1.1" 200 337
Sat, 12 May 2018 19:24:42 DEBUG    https://api.telegram.org:443 "POST /bot597935817:AAGAbCwCGnHD7yqsGLbPKXj1pNn-NaD8bCs/sendMessage?chat_id=562036772&text=Write+your+addres+and+city HTTP/1.1" 200 290
Sat, 12 May 2018 19:24:45 DEBUG    https://api.telegram.org:443 "GET /bot597935817:AAGAbCwCGnHD7yqsGLbPKXj1pNn-NaD8bCs/getUpdates?offset=461431585&timeout=20 HTTP/1.1" 200 336
Sat, 12 May 2018 19:24:45 DEBUG    Starting new HTTPS connection (1): api.telegram.org
Sat, 12 May 2018 19:24:45 DEBUG    https://api.telegram.org:443 "POST /bot597935817:AAGAbCwCGnHD7yqsGLbPKXj1pNn-NaD8bCs/sendMessage?chat_id=562036772&text=How+old+are+you%3F HTTP/1.1" 200 280
Sat, 12 May 2018 19:24:46 DEBUG    https://api.telegram.org:443 "GET /bot597935817:AAGAbCwCGnHD7yqsGLbPKXj1pNn-NaD8bCs/getUpdates?offset=461431586&timeout=20 HTTP/1.1" 409 143
Sat, 12 May 2018 19:24:46 ERROR    ApiException occurred, args=('A request to the Telegram API was unsuccessful. The server returned HTTP 409 Conflict. Response body:\n[b\'{"ok":false,"error_code":409,"description":"Conflict: terminated by other getUpdates request; make sure that only one bot instance is running"}\']',)
Traceback (most recent call last):
  File "C:\Program Files\Python36\lib\site-packages\telebot\util.py", line 59, in run
    task(*args, **kwargs)
  File "C:\Program Files\Python36\lib\site-packages\telebot\__init__.py", line 159, in __retrieve_updates
    updates = self.get_updates(offset=(self.last_update_id + 1), timeout=timeout)
  File "C:\Program Files\Python36\lib\site-packages\telebot\__init__.py", line 129, in get_updates
    json_updates = apihelper.get_updates(self.token, offset, limit, timeout, allowed_updates)
  File "C:\Program Files\Python36\lib\site-packages\telebot\apihelper.py", line 175, in get_updates
    return _make_request(token, method_url, params=payload)
  File "C:\Program Files\Python36\lib\site-packages\telebot\apihelper.py", line 56, in _make_request
    return _check_result(method_name, result)['result']
  File "C:\Program Files\Python36\lib\site-packages\telebot\apihelper.py", line 75, in _check_result
    raise ApiException(msg, method_name, result)
telebot.apihelper.ApiException: A request to the Telegram API was unsuccessful. The server returned HTTP 409 Conflict. Response body:
[b'{"ok":false,"error_code":409,"description":"Conflict: terminated by other getUpdates request; make sure that only one bot instance is running"}']

Sat, 12 May 2018 19:24:46 ERROR    A request to the Telegram API was unsuccessful. The server returned HTTP 409 Conflict. Response body:
[b'{"ok":false,"error_code":409,"description":"Conflict: terminated by other getUpdates request; make sure that only one bot instance is running"}']
Sat, 12 May 2018 19:24:53 DEBUG    https://api.telegram.org:443 "GET /bot597935817:AAGAbCwCGnHD7yqsGLbPKXj1pNn-NaD8bCs/getUpdates?offset=461431586&timeout=20 HTTP/1.1" 409 143
Sat, 12 May 2018 19:24:53 ERROR    ApiException occurred, args=('A request to the Telegram API was unsuccessful. The server returned HTTP 409 Conflict. Response body:\n[b\'{"ok":false,"error_code":409,"description":"Conflict: terminated by other getUpdates request; make sure that only one bot instance is running"}\']',)
Traceback (most recent call last):
  File "C:\Program Files\Python36\lib\site-packages\telebot\util.py", line 59, in run
    task(*args, **kwargs)
  File "C:\Program Files\Python36\lib\site-packages\telebot\__init__.py", line 159, in __retrieve_updates
    updates = self.get_updates(offset=(self.last_update_id + 1), timeout=timeout)
  File "C:\Program Files\Python36\lib\site-packages\telebot\__init__.py", line 129, in get_updates
    json_updates = apihelper.get_updates(self.token, offset, limit, timeout, allowed_updates)
  File "C:\Program Files\Python36\lib\site-packages\telebot\apihelper.py", line 175, in get_updates
    return _make_request(token, method_url, params=payload)
  File "C:\Program Files\Python36\lib\site-packages\telebot\apihelper.py", line 56, in _make_request
    return _check_result(method_name, result)['result']
  File "C:\Program Files\Python36\lib\site-packages\telebot\apihelper.py", line 75, in _check_result
    raise ApiException(msg, method_name, result)
telebot.apihelper.ApiException: A request to the Telegram API was unsuccessful. The server returned HTTP 409 Conflict. Response body:
[b'{"ok":false,"error_code":409,"description":"Conflict: terminated by other getUpdates request; make sure that only one bot instance is running"}']

Sat, 12 May 2018 19:24:53 ERROR    A request to the Telegram API was unsuccessful. The server returned HTTP 409 Conflict. Response body:
[b'{"ok":false,"error_code":409,"description":"Conflict: terminated by other getUpdates request; make sure that only one bot instance is running"}']
Sat, 12 May 2018 19:24:55 DEBUG    https://api.telegram.org:443 "GET /bot597935817:AAGAbCwCGnHD7yqsGLbPKXj1pNn-NaD8bCs/getUpdates?offset=461431586&timeout=20 HTTP/1.1" 200 335
Sat, 12 May 2018 19:24:55 DEBUG    https://api.telegram.org:443 "POST /bot597935817:AAGAbCwCGnHD7yqsGLbPKXj1pNn-NaD8bCs/sendMessage?chat_id=562036772&text=Write+essence+of+complaint HTTP/1.1" 200 290
Sat, 12 May 2018 19:24:58 DEBUG    https://api.telegram.org:443 "GET /bot597935817:AAGAbCwCGnHD7yqsGLbPKXj1pNn-NaD8bCs/getUpdates?offset=461431587&timeout=20 HTTP/1.1" 200 335
Sat, 12 May 2018 19:24:58 DEBUG    https://api.telegram.org:443 "POST /bot597935817:AAGAbCwCGnHD7yqsGLbPKXj1pNn-NaD8bCs/sendMessage?chat_id=562036772&text=%D0%95%D1%81%D0%BB%D0%B8+%D0%B2%D1%81%D0%B5+%D0%B4%D0%B0%D0%BD%D0%BD%D1%8B%D0%B5+%D0%B2%D0%B5%D1%80%D0%BD%D1%8B+%D0%BD%D0%B0%D0%B6%D0%BC%D0%B8%D1%82%D0%B5+%27%D0%9E%D1%82%D0%BF%D1%80%D0%B0%D0%B2%D0%B8%D1%82%D1%8C%27%2C+%D0%B2+%D0%BF%D1%80%D0%BE%D1%82%D0%B8%D0%B2%D0%BD%D0%BE%D0%BC+%D1%81%D0%BB%D1%83%D1%87%D0%B0%D0%B5+%D0%B2%D0%B2%D0%B5%D0%B4%D0%B8%D1%82%D0%B5+%D0%B4%D0%B0%D0%BD%D0%BD%D1%8B%D0%B5+%D0%B7%D0%B0%D0%BD%D0%BE%D0%B2%D0%BE+%D0%BD%D0%B0%D0%B6%D0%B0%D0%B2+%D0%BD%D0%B0+%2Fstart&reply_markup=%7B%22keyboard%22%3A+%5B%5B%7B%22text%22%3A+%22%5Cu041e%5Cu0442%5Cu043f%5Cu0440%5Cu0430%5Cu0432%5Cu0438%5Cu0442%5Cu044c%22%7D%5D%5D%2C+%22one_time_keyboard%22%3A+true%2C+%22resize_keyboard%22%3A+true%7D HTTP/1.1" 200 802
Sat, 12 May 2018 19:25:06 DEBUG    https://api.telegram.org:443 "GET /bot597935817:AAGAbCwCGnHD7yqsGLbPKXj1pNn-NaD8bCs/getUpdates?offset=461431588&timeout=20 HTTP/1.1" 200 387
Sat, 12 May 2018 19:25:06 DEBUG    https://api.telegram.org:443 "GET /bot597935817:AAGAbCwCGnHD7yqsGLbPKXj1pNn-NaD8bCs/getUpdates?offset=461431589&timeout=20 HTTP/1.1" 409 143
Sat, 12 May 2018 19:25:06 ERROR    ApiException occurred, args=('A request to the Telegram API was unsuccessful. The server returned HTTP 409 Conflict. Response body:\n[b\'{"ok":false,"error_code":409,"description":"Conflict: terminated by other getUpdates request; make sure that only one bot instance is running"}\']',)
Traceback (most recent call last):
  File "C:\Program Files\Python36\lib\site-packages\telebot\util.py", line 59, in run
    task(*args, **kwargs)
  File "C:\Program Files\Python36\lib\site-packages\telebot\__init__.py", line 159, in __retrieve_updates
    updates = self.get_updates(offset=(self.last_update_id + 1), timeout=timeout)
  File "C:\Program Files\Python36\lib\site-packages\telebot\__init__.py", line 129, in get_updates
    json_updates = apihelper.get_updates(self.token, offset, limit, timeout, allowed_updates)
  File "C:\Program Files\Python36\lib\site-packages\telebot\apihelper.py", line 175, in get_updates
    return _make_request(token, method_url, params=payload)
  File "C:\Program Files\Python36\lib\site-packages\telebot\apihelper.py", line 56, in _make_request
    return _check_result(method_name, result)['result']
  File "C:\Program Files\Python36\lib\site-packages\telebot\apihelper.py", line 75, in _check_result
    raise ApiException(msg, method_name, result)
telebot.apihelper.ApiException: A request to the Telegram API was unsuccessful. The server returned HTTP 409 Conflict. Response body:
[b'{"ok":false,"error_code":409,"description":"Conflict: terminated by other getUpdates request; make sure that only one bot instance is running"}']

Sat, 12 May 2018 19:25:06 ERROR    A request to the Telegram API was unsuccessful. The server returned HTTP 409 Conflict. Response body:
[b'{"ok":false,"error_code":409,"description":"Conflict: terminated by other getUpdates request; make sure that only one bot instance is running"}']
Sat, 12 May 2018 19:25:06 DEBUG    https://api.telegram.org:443 "POST /bot597935817:AAGAbCwCGnHD7yqsGLbPKXj1pNn-NaD8bCs/sendMessage?chat_id=562036772&text=%D0%9F%D0%BE%D0%B7%D0%B4%D1%80%D0%B0%D0%B2%D0%BB%D1%8F%D1%8E+%D0%B2%D1%8B+%D0%BF%D1%80%D0%BE%D1%88%D0%BB%D0%B8+%D1%80%D0%B5%D0%B3%D0%B8%D1%81%D1%82%D1%80%D0%B0%D1%86%D0%B8%D1%8E%2C+%D0%B2%D0%B0%D1%88%D0%B0+%D0%B7%D0%B0%D1%8F%D0%B2%D0%BA%D0%B0+%D0%BD%D0%B0%D1%85%D0%BE%D0%B4%D0%B8%D1%82%D1%81%D1%8F+%D0%BD%D0%B0+%D1%80%D0%B0%D1%81%D1%81%D0%BC%D0%BE%D1%82%D1%80%D0%B5%D0%BD%D0%B8%D0%B8+%D0%B0%D0%B4%D0%BC%D0%B8%D0%BD%D0%B8%D1%81%D1%82%D1%80%D0%B0%D1%86%D0%B8%D0%B8 HTTP/1.1" 200 724
Sat, 12 May 2018 19:25:06 ERROR    IntegrityError occurred, args=('UNIQUE constraint failed: First_4_answers.UserTelegrammID',)
Traceback (most recent call last):
  File "C:\Program Files\Python36\lib\site-packages\telebot\util.py", line 59, in run
    task(*args, **kwargs)
  File "C:/Users/БорсовН/Documents/GitHub/python/Дз по python/Дз8/ТЗ/TZ_code.py", line 139, in finalStepOfRegistration
    cursorConnectionAndWrite("First_4_answers", myArray)
  File "C:/Users/БорсовН/Documents/GitHub/python/Дз по python/Дз8/ТЗ/TZ_code.py", line 122, in cursorConnectionAndWrite
    cursor.execute("insert into %s values %s" %(tableName,insertingTurpleWithValues))
sqlite3.IntegrityError: UNIQUE constraint failed: First_4_answers.UserTelegrammID

Sat, 12 May 2018 19:25:34 DEBUG    Starting new HTTPS connection (1): api.telegram.org
Sat, 12 May 2018 19:25:34 DEBUG    Starting new HTTPS connection (1): api.telegram.org
Sat, 12 May 2018 19:25:34 DEBUG    https://api.telegram.org:443 "POST /bot597935817:AAGAbCwCGnHD7yqsGLbPKXj1pNn-NaD8bCs/sendMessage?chat_id=562036772&text=%D0%92%D0%B0%D1%81+%D0%BF%D1%80%D0%B8%D0%B2%D0%B5%D1%82%D1%81%D1%82%D0%B2%D1%83%D0%B5%D1%82+%D0%B1%D0%BE%D1%82+DigitalCitizen%2C+%D0%B7%D0%B4%D0%B5%D1%81%D1%8C+%D0%B2%D1%8B+%D0%BC%D0%BE%D0%B6%D0%B5%D1%82%D0%B5+%D0%BF%D0%BE%D0%B4%D0%B0%D1%82%D1%8C+%D0%B2%D0%B0%D1%88%D1%83+%D0%B6%D0%B0%D0%BB%D0%BE%D0%B1%D1%83 HTTP/1.1" 200 570
Sat, 12 May 2018 19:25:34 DEBUG    https://api.telegram.org:443 "POST /bot597935817:AAGAbCwCGnHD7yqsGLbPKXj1pNn-NaD8bCs/sendMessage?chat_id=562036772&text=%D0%92%D0%B0%D1%81+%D0%BF%D1%80%D0%B8%D0%B2%D0%B5%D1%82%D1%81%D1%82%D0%B2%D1%83%D0%B5%D1%82+%D0%B1%D0%BE%D1%82+DigitalCitizen%2C+%D0%B7%D0%B4%D0%B5%D1%81%D1%8C+%D0%B2%D1%8B+%D0%BC%D0%BE%D0%B6%D0%B5%D1%82%D0%B5+%D0%BF%D0%BE%D0%B4%D0%B0%D1%82%D1%8C+%D0%B2%D0%B0%D1%88%D1%83+%D0%B6%D0%B0%D0%BB%D0%BE%D0%B1%D1%83 HTTP/1.1" 200 570
Sat, 12 May 2018 19:25:34 DEBUG    https://api.telegram.org:443 "POST /bot597935817:AAGAbCwCGnHD7yqsGLbPKXj1pNn-NaD8bCs/sendMessage?chat_id=562036772&text=Whats+your+name%3F HTTP/1.1" 200 280
Sat, 12 May 2018 19:25:34 DEBUG    https://api.telegram.org:443 "POST /bot597935817:AAGAbCwCGnHD7yqsGLbPKXj1pNn-NaD8bCs/sendMessage?chat_id=562036772&text=Whats+your+name%3F HTTP/1.1" 200 280
Sat, 12 May 2018 19:25:36 DEBUG    https://api.telegram.org:443 "GET /bot597935817:AAGAbCwCGnHD7yqsGLbPKXj1pNn-NaD8bCs/getUpdates?offset=461431590&timeout=20 HTTP/1.1" 409 143
Sat, 12 May 2018 19:25:36 ERROR    ApiException occurred, args=('A request to the Telegram API was unsuccessful. The server returned HTTP 409 Conflict. Response body:\n[b\'{"ok":false,"error_code":409,"description":"Conflict: terminated by other getUpdates request; make sure that only one bot instance is running"}\']',)
Traceback (most recent call last):
  File "C:\Program Files\Python36\lib\site-packages\telebot\util.py", line 59, in run
    task(*args, **kwargs)
  File "C:\Program Files\Python36\lib\site-packages\telebot\__init__.py", line 159, in __retrieve_updates
    updates = self.get_updates(offset=(self.last_update_id + 1), timeout=timeout)
  File "C:\Program Files\Python36\lib\site-packages\telebot\__init__.py", line 129, in get_updates
    json_updates = apihelper.get_updates(self.token, offset, limit, timeout, allowed_updates)
  File "C:\Program Files\Python36\lib\site-packages\telebot\apihelper.py", line 175, in get_updates
    return _make_request(token, method_url, params=payload)
  File "C:\Program Files\Python36\lib\site-packages\telebot\apihelper.py", line 56, in _make_request
    return _check_result(method_name, result)['result']
  File "C:\Program Files\Python36\lib\site-packages\telebot\apihelper.py", line 75, in _check_result
    raise ApiException(msg, method_name, result)
telebot.apihelper.ApiException: A request to the Telegram API was unsuccessful. The server returned HTTP 409 Conflict. Response body:
[b'{"ok":false,"error_code":409,"description":"Conflict: terminated by other getUpdates request; make sure that only one bot instance is running"}']

Sat, 12 May 2018 19:25:36 ERROR    A request to the Telegram API was unsuccessful. The server returned HTTP 409 Conflict. Response body:
[b'{"ok":false,"error_code":409,"description":"Conflict: terminated by other getUpdates request; make sure that only one bot instance is running"}']
Sat, 12 May 2018 19:25:37 DEBUG    https://api.telegram.org:443 "GET /bot597935817:AAGAbCwCGnHD7yqsGLbPKXj1pNn-NaD8bCs/getUpdates?offset=461431590&timeout=20 HTTP/1.1" 409 143
Sat, 12 May 2018 19:25:37 ERROR    ApiException occurred, args=('A request to the Telegram API was unsuccessful. The server returned HTTP 409 Conflict. Response body:\n[b\'{"ok":false,"error_code":409,"description":"Conflict: terminated by other getUpdates request; make sure that only one bot instance is running"}\']',)
Traceback (most recent call last):
  File "C:\Program Files\Python36\lib\site-packages\telebot\util.py", line 59, in run
    task(*args, **kwargs)
  File "C:\Program Files\Python36\lib\site-packages\telebot\__init__.py", line 159, in __retrieve_updates
    updates = self.get_updates(offset=(self.last_update_id + 1), timeout=timeout)
  File "C:\Program Files\Python36\lib\site-packages\telebot\__init__.py", line 129, in get_updates
    json_updates = apihelper.get_updates(self.token, offset, limit, timeout, allowed_updates)
  File "C:\Program Files\Python36\lib\site-packages\telebot\apihelper.py", line 175, in get_updates
    return _make_request(token, method_url, params=payload)
  File "C:\Program Files\Python36\lib\site-packages\telebot\apihelper.py", line 56, in _make_request
    return _check_result(method_name, result)['result']
  File "C:\Program Files\Python36\lib\site-packages\telebot\apihelper.py", line 75, in _check_result
    raise ApiException(msg, method_name, result)
telebot.apihelper.ApiException: A request to the Telegram API was unsuccessful. The server returned HTTP 409 Conflict. Response body:
[b'{"ok":false,"error_code":409,"description":"Conflict: terminated by other getUpdates request; make sure that only one bot instance is running"}']

Sat, 12 May 2018 19:25:37 ERROR    A request to the Telegram API was unsuccessful. The server returned HTTP 409 Conflict. Response body:
[b'{"ok":false,"error_code":409,"description":"Conflict: terminated by other getUpdates request; make sure that only one bot instance is running"}']
Sat, 12 May 2018 19:25:40 DEBUG    https://api.telegram.org:443 "GET /bot597935817:AAGAbCwCGnHD7yqsGLbPKXj1pNn-NaD8bCs/getUpdates?offset=461431590&timeout=20 HTTP/1.1" 409 143
Sat, 12 May 2018 19:25:40 ERROR    ApiException occurred, args=('A request to the Telegram API was unsuccessful. The server returned HTTP 409 Conflict. Response body:\n[b\'{"ok":false,"error_code":409,"description":"Conflict: terminated by other getUpdates request; make sure that only one bot instance is running"}\']',)
Traceback (most recent call last):
  File "C:\Program Files\Python36\lib\site-packages\telebot\util.py", line 59, in run
    task(*args, **kwargs)
  File "C:\Program Files\Python36\lib\site-packages\telebot\__init__.py", line 159, in __retrieve_updates
    updates = self.get_updates(offset=(self.last_update_id + 1), timeout=timeout)
  File "C:\Program Files\Python36\lib\site-packages\telebot\__init__.py", line 129, in get_updates
    json_updates = apihelper.get_updates(self.token, offset, limit, timeout, allowed_updates)
  File "C:\Program Files\Python36\lib\site-packages\telebot\apihelper.py", line 175, in get_updates
    return _make_request(token, method_url, params=payload)
  File "C:\Program Files\Python36\lib\site-packages\telebot\apihelper.py", line 56, in _make_request
    return _check_result(method_name, result)['result']
  File "C:\Program Files\Python36\lib\site-packages\telebot\apihelper.py", line 75, in _check_result
    raise ApiException(msg, method_name, result)
telebot.apihelper.ApiException: A request to the Telegram API was unsuccessful. The server returned HTTP 409 Conflict. Response body:
[b'{"ok":false,"error_code":409,"description":"Conflict: terminated by other getUpdates request; make sure that only one bot instance is running"}']

Sat, 12 May 2018 19:25:40 ERROR    A request to the Telegram API was unsuccessful. The server returned HTTP 409 Conflict. Response body:
[b'{"ok":false,"error_code":409,"description":"Conflict: terminated by other getUpdates request; make sure that only one bot instance is running"}']
Sat, 12 May 2018 19:25:40 DEBUG    https://api.telegram.org:443 "GET /bot597935817:AAGAbCwCGnHD7yqsGLbPKXj1pNn-NaD8bCs/getUpdates?offset=461431590&timeout=20 HTTP/1.1" 409 143
Sat, 12 May 2018 19:25:40 ERROR    ApiException occurred, args=('A request to the Telegram API was unsuccessful. The server returned HTTP 409 Conflict. Response body:\n[b\'{"ok":false,"error_code":409,"description":"Conflict: terminated by other getUpdates request; make sure that only one bot instance is running"}\']',)
Traceback (most recent call last):
  File "C:\Program Files\Python36\lib\site-packages\telebot\util.py", line 59, in run
    task(*args, **kwargs)
  File "C:\Program Files\Python36\lib\site-packages\telebot\__init__.py", line 159, in __retrieve_updates
    updates = self.get_updates(offset=(self.last_update_id + 1), timeout=timeout)
  File "C:\Program Files\Python36\lib\site-packages\telebot\__init__.py", line 129, in get_updates
    json_updates = apihelper.get_updates(self.token, offset, limit, timeout, allowed_updates)
  File "C:\Program Files\Python36\lib\site-packages\telebot\apihelper.py", line 175, in get_updates
    return _make_request(token, method_url, params=payload)
  File "C:\Program Files\Python36\lib\site-packages\telebot\apihelper.py", line 56, in _make_request
    return _check_result(method_name, result)['result']
  File "C:\Program Files\Python36\lib\site-packages\telebot\apihelper.py", line 75, in _check_result
    raise ApiException(msg, method_name, result)
telebot.apihelper.ApiException: A request to the Telegram API was unsuccessful. The server returned HTTP 409 Conflict. Response body:
[b'{"ok":false,"error_code":409,"description":"Conflict: terminated by other getUpdates request; make sure that only one bot instance is running"}']

Sat, 12 May 2018 19:25:40 ERROR    A request to the Telegram API was unsuccessful. The server returned HTTP 409 Conflict. Response body:
[b'{"ok":false,"error_code":409,"description":"Conflict: terminated by other getUpdates request; make sure that only one bot instance is running"}']
Sat, 12 May 2018 19:25:44 DEBUG    https://api.telegram.org:443 "GET /bot597935817:AAGAbCwCGnHD7yqsGLbPKXj1pNn-NaD8bCs/getUpdates?offset=461431590&timeout=20 HTTP/1.1" 409 143
Sat, 12 May 2018 19:25:44 ERROR    ApiException occurred, args=('A request to the Telegram API was unsuccessful. The server returned HTTP 409 Conflict. Response body:\n[b\'{"ok":false,"error_code":409,"description":"Conflict: terminated by other getUpdates request; make sure that only one bot instance is running"}\']',)
Traceback (most recent call last):
  File "C:\Program Files\Python36\lib\site-packages\telebot\util.py", line 59, in run
    task(*args, **kwargs)
  File "C:\Program Files\Python36\lib\site-packages\telebot\__init__.py", line 159, in __retrieve_updates
    updates = self.get_updates(offset=(self.last_update_id + 1), timeout=timeout)
  File "C:\Program Files\Python36\lib\site-packages\telebot\__init__.py", line 129, in get_updates
    json_updates = apihelper.get_updates(self.token, offset, limit, timeout, allowed_updates)
  File "C:\Program Files\Python36\lib\site-packages\telebot\apihelper.py", line 175, in get_updates
    return _make_request(token, method_url, params=payload)
  File "C:\Program Files\Python36\lib\site-packages\telebot\apihelper.py", line 56, in _make_request
    return _check_result(method_name, result)['result']
  File "C:\Program Files\Python36\lib\site-packages\telebot\apihelper.py", line 75, in _check_result
    raise ApiException(msg, method_name, result)
telebot.apihelper.ApiException: A request to the Telegram API was unsuccessful. The server returned HTTP 409 Conflict. Response body:
[b'{"ok":false,"error_code":409,"description":"Conflict: terminated by other getUpdates request; make sure that only one bot instance is running"}']

Sat, 12 May 2018 19:25:44 ERROR    A request to the Telegram API was unsuccessful. The server returned HTTP 409 Conflict. Response body:
[b'{"ok":false,"error_code":409,"description":"Conflict: terminated by other getUpdates request; make sure that only one bot instance is running"}']
Sat, 12 May 2018 19:25:52 DEBUG    Starting new HTTPS connection (1): api.telegram.org
Sat, 12 May 2018 19:25:52 DEBUG    https://api.telegram.org:443 "POST /bot597935817:AAGAbCwCGnHD7yqsGLbPKXj1pNn-NaD8bCs/sendMessage?chat_id=562036772&text=%D0%92%D0%B0%D1%81+%D0%BF%D1%80%D0%B8%D0%B2%D0%B5%D1%82%D1%81%D1%82%D0%B2%D1%83%D0%B5%D1%82+%D0%B1%D0%BE%D1%82+DigitalCitizen%2C+%D0%B7%D0%B4%D0%B5%D1%81%D1%8C+%D0%B2%D1%8B+%D0%BC%D0%BE%D0%B6%D0%B5%D1%82%D0%B5+%D0%BF%D0%BE%D0%B4%D0%B0%D1%82%D1%8C+%D0%B2%D0%B0%D1%88%D1%83+%D0%B6%D0%B0%D0%BB%D0%BE%D0%B1%D1%83 HTTP/1.1" 200 570
Sat, 12 May 2018 19:25:53 DEBUG    https://api.telegram.org:443 "POST /bot597935817:AAGAbCwCGnHD7yqsGLbPKXj1pNn-NaD8bCs/sendMessage?chat_id=562036772&text=Whats+your+name%3F HTTP/1.1" 200 280
Sat, 12 May 2018 19:26:12 DEBUG    https://api.telegram.org:443 "GET /bot597935817:AAGAbCwCGnHD7yqsGLbPKXj1pNn-NaD8bCs/getUpdates?offset=461431591&timeout=20 HTTP/1.1" 200 337
Sat, 12 May 2018 19:26:12 DEBUG    https://api.telegram.org:443 "POST /bot597935817:AAGAbCwCGnHD7yqsGLbPKXj1pNn-NaD8bCs/sendMessage?chat_id=562036772&text=Write+your+addres+and+city HTTP/1.1" 200 290
Sat, 12 May 2018 19:26:15 DEBUG    https://api.telegram.org:443 "GET /bot597935817:AAGAbCwCGnHD7yqsGLbPKXj1pNn-NaD8bCs/getUpdates?offset=461431592&timeout=20 HTTP/1.1" 200 336
Sat, 12 May 2018 19:26:15 DEBUG    Starting new HTTPS connection (1): api.telegram.org
Sat, 12 May 2018 19:26:15 DEBUG    https://api.telegram.org:443 "POST /bot597935817:AAGAbCwCGnHD7yqsGLbPKXj1pNn-NaD8bCs/sendMessage?chat_id=562036772&text=How+old+are+you%3F HTTP/1.1" 200 280
Sat, 12 May 2018 19:26:24 DEBUG    https://api.telegram.org:443 "GET /bot597935817:AAGAbCwCGnHD7yqsGLbPKXj1pNn-NaD8bCs/getUpdates?offset=461431593&timeout=20 HTTP/1.1" 200 335
Sat, 12 May 2018 19:26:24 DEBUG    https://api.telegram.org:443 "POST /bot597935817:AAGAbCwCGnHD7yqsGLbPKXj1pNn-NaD8bCs/sendMessage?chat_id=562036772&text=Write+essence+of+complaint HTTP/1.1" 200 290
Sat, 12 May 2018 19:26:26 DEBUG    https://api.telegram.org:443 "GET /bot597935817:AAGAbCwCGnHD7yqsGLbPKXj1pNn-NaD8bCs/getUpdates?offset=461431594&timeout=20 HTTP/1.1" 200 338
Sat, 12 May 2018 19:26:26 DEBUG    https://api.telegram.org:443 "POST /bot597935817:AAGAbCwCGnHD7yqsGLbPKXj1pNn-NaD8bCs/sendMessage?chat_id=562036772&text=%D0%95%D1%81%D0%BB%D0%B8+%D0%B2%D1%81%D0%B5+%D0%B4%D0%B0%D0%BD%D0%BD%D1%8B%D0%B5+%D0%B2%D0%B5%D1%80%D0%BD%D1%8B+%D0%BD%D0%B0%D0%B6%D0%BC%D0%B8%D1%82%D0%B5+%27%D0%9E%D1%82%D0%BF%D1%80%D0%B0%D0%B2%D0%B8%D1%82%D1%8C%27%2C+%D0%B2+%D0%BF%D1%80%D0%BE%D1%82%D0%B8%D0%B2%D0%BD%D0%BE%D0%BC+%D1%81%D0%BB%D1%83%D1%87%D0%B0%D0%B5+%D0%B2%D0%B2%D0%B5%D0%B4%D0%B8%D1%82%D0%B5+%D0%B4%D0%B0%D0%BD%D0%BD%D1%8B%D0%B5+%D0%B7%D0%B0%D0%BD%D0%BE%D0%B2%D0%BE+%D0%BD%D0%B0%D0%B6%D0%B0%D0%B2+%D0%BD%D0%B0+%2Fstart&reply_markup=%7B%22keyboard%22%3A+%5B%5B%7B%22text%22%3A+%22%5Cu041e%5Cu0442%5Cu043f%5Cu0440%5Cu0430%5Cu0432%5Cu0438%5Cu0442%5Cu044c%22%7D%5D%5D%2C+%22one_time_keyboard%22%3A+true%2C+%22resize_keyboard%22%3A+true%7D HTTP/1.1" 200 802
Sat, 12 May 2018 19:26:28 DEBUG    https://api.telegram.org:443 "GET /bot597935817:AAGAbCwCGnHD7yqsGLbPKXj1pNn-NaD8bCs/getUpdates?offset=461431595&timeout=20 HTTP/1.1" 200 387
Sat, 12 May 2018 19:26:28 DEBUG    https://api.telegram.org:443 "POST /bot597935817:AAGAbCwCGnHD7yqsGLbPKXj1pNn-NaD8bCs/sendMessage?chat_id=562036772&text=%D0%9F%D0%BE%D0%B7%D0%B4%D1%80%D0%B0%D0%B2%D0%BB%D1%8F%D1%8E+%D0%B2%D1%8B+%D0%BF%D1%80%D0%BE%D1%88%D0%BB%D0%B8+%D1%80%D0%B5%D0%B3%D0%B8%D1%81%D1%82%D1%80%D0%B0%D1%86%D0%B8%D1%8E%2C+%D0%B2%D0%B0%D1%88%D0%B0+%D0%B7%D0%B0%D1%8F%D0%B2%D0%BA%D0%B0+%D0%BD%D0%B0%D1%85%D0%BE%D0%B4%D0%B8%D1%82%D1%81%D1%8F+%D0%BD%D0%B0+%D1%80%D0%B0%D1%81%D1%81%D0%BC%D0%BE%D1%82%D1%80%D0%B5%D0%BD%D0%B8%D0%B8+%D0%B0%D0%B4%D0%BC%D0%B8%D0%BD%D0%B8%D1%81%D1%82%D1%80%D0%B0%D1%86%D0%B8%D0%B8 HTTP/1.1" 200 724
Sat, 12 May 2018 19:26:28 ERROR    IntegrityError occurred, args=('UNIQUE constraint failed: First_4_answers.UserTelegrammID',)
Traceback (most recent call last):
  File "C:\Program Files\Python36\lib\site-packages\telebot\util.py", line 59, in run
    task(*args, **kwargs)
  File "C:/Users/БорсовН/Documents/GitHub/python/Дз по python/Дз8/ТЗ/TZ_code.py", line 139, in finalStepOfRegistration
    cursorConnectionAndWrite("First_4_answers", myArray)
  File "C:/Users/БорсовН/Documents/GitHub/python/Дз по python/Дз8/ТЗ/TZ_code.py", line 122, in cursorConnectionAndWrite
    cursor.execute("insert into %s values %s" %(tableName,insertingTurpleWithValues))
sqlite3.IntegrityError: UNIQUE constraint failed: First_4_answers.UserTelegrammID

Sat, 12 May 2018 19:44:48 DEBUG    Starting new HTTPS connection (1): api.telegram.org
Sat, 12 May 2018 19:44:49 DEBUG    https://api.telegram.org:443 "POST /bot597935817:AAGAbCwCGnHD7yqsGLbPKXj1pNn-NaD8bCs/sendMessage?chat_id=562036772&text=%D0%92%D0%B0%D1%81+%D0%BF%D1%80%D0%B8%D0%B2%D0%B5%D1%82%D1%81%D1%82%D0%B2%D1%83%D0%B5%D1%82+%D0%B1%D0%BE%D1%82+DigitalCitizen%2C+%D0%B7%D0%B4%D0%B5%D1%81%D1%8C+%D0%B2%D1%8B+%D0%BC%D0%BE%D0%B6%D0%B5%D1%82%D0%B5+%D0%BF%D0%BE%D0%B4%D0%B0%D1%82%D1%8C+%D0%B2%D0%B0%D1%88%D1%83+%D0%B6%D0%B0%D0%BB%D0%BE%D0%B1%D1%83 HTTP/1.1" 200 570
Sat, 12 May 2018 19:44:49 DEBUG    https://api.telegram.org:443 "POST /bot597935817:AAGAbCwCGnHD7yqsGLbPKXj1pNn-NaD8bCs/sendMessage?chat_id=562036772&text=Whats+your+name%3F HTTP/1.1" 200 280
Sat, 12 May 2018 19:44:53 DEBUG    https://api.telegram.org:443 "GET /bot597935817:AAGAbCwCGnHD7yqsGLbPKXj1pNn-NaD8bCs/getUpdates?offset=461431597&timeout=20 HTTP/1.1" 200 337
Sat, 12 May 2018 19:44:53 DEBUG    Starting new HTTPS connection (1): api.telegram.org
Sat, 12 May 2018 19:44:54 DEBUG    https://api.telegram.org:443 "POST /bot597935817:AAGAbCwCGnHD7yqsGLbPKXj1pNn-NaD8bCs/sendMessage?chat_id=562036772&text=Write+your+addres+and+city HTTP/1.1" 200 290
Sat, 12 May 2018 19:44:58 DEBUG    https://api.telegram.org:443 "GET /bot597935817:AAGAbCwCGnHD7yqsGLbPKXj1pNn-NaD8bCs/getUpdates?offset=461431598&timeout=20 HTTP/1.1" 200 339
Sat, 12 May 2018 19:44:58 DEBUG    https://api.telegram.org:443 "POST /bot597935817:AAGAbCwCGnHD7yqsGLbPKXj1pNn-NaD8bCs/sendMessage?chat_id=562036772&text=How+old+are+you%3F HTTP/1.1" 200 280
Sat, 12 May 2018 19:45:18 DEBUG    https://api.telegram.org:443 "GET /bot597935817:AAGAbCwCGnHD7yqsGLbPKXj1pNn-NaD8bCs/getUpdates?offset=461431599&timeout=20 HTTP/1.1" 200 23
Sat, 12 May 2018 19:45:22 DEBUG    https://api.telegram.org:443 "GET /bot597935817:AAGAbCwCGnHD7yqsGLbPKXj1pNn-NaD8bCs/getUpdates?offset=461431599&timeout=20 HTTP/1.1" 409 143
Sat, 12 May 2018 19:45:22 ERROR    ApiException occurred, args=('A request to the Telegram API was unsuccessful. The server returned HTTP 409 Conflict. Response body:\n[b\'{"ok":false,"error_code":409,"description":"Conflict: terminated by other getUpdates request; make sure that only one bot instance is running"}\']',)
Traceback (most recent call last):
  File "C:\Program Files\Python36\lib\site-packages\telebot\util.py", line 59, in run
    task(*args, **kwargs)
  File "C:\Program Files\Python36\lib\site-packages\telebot\__init__.py", line 159, in __retrieve_updates
    updates = self.get_updates(offset=(self.last_update_id + 1), timeout=timeout)
  File "C:\Program Files\Python36\lib\site-packages\telebot\__init__.py", line 129, in get_updates
    json_updates = apihelper.get_updates(self.token, offset, limit, timeout, allowed_updates)
  File "C:\Program Files\Python36\lib\site-packages\telebot\apihelper.py", line 175, in get_updates
    return _make_request(token, method_url, params=payload)
  File "C:\Program Files\Python36\lib\site-packages\telebot\apihelper.py", line 56, in _make_request
    return _check_result(method_name, result)['result']
  File "C:\Program Files\Python36\lib\site-packages\telebot\apihelper.py", line 75, in _check_result
    raise ApiException(msg, method_name, result)
telebot.apihelper.ApiException: A request to the Telegram API was unsuccessful. The server returned HTTP 409 Conflict. Response body:
[b'{"ok":false,"error_code":409,"description":"Conflict: terminated by other getUpdates request; make sure that only one bot instance is running"}']

Sat, 12 May 2018 19:45:22 ERROR    A request to the Telegram API was unsuccessful. The server returned HTTP 409 Conflict. Response body:
[b'{"ok":false,"error_code":409,"description":"Conflict: terminated by other getUpdates request; make sure that only one bot instance is running"}']
Sat, 12 May 2018 19:45:26 DEBUG    https://api.telegram.org:443 "GET /bot597935817:AAGAbCwCGnHD7yqsGLbPKXj1pNn-NaD8bCs/getUpdates?offset=461431599&timeout=20 HTTP/1.1" 409 143
Sat, 12 May 2018 19:45:26 ERROR    ApiException occurred, args=('A request to the Telegram API was unsuccessful. The server returned HTTP 409 Conflict. Response body:\n[b\'{"ok":false,"error_code":409,"description":"Conflict: terminated by other getUpdates request; make sure that only one bot instance is running"}\']',)
Traceback (most recent call last):
  File "C:\Program Files\Python36\lib\site-packages\telebot\util.py", line 59, in run
    task(*args, **kwargs)
  File "C:\Program Files\Python36\lib\site-packages\telebot\__init__.py", line 159, in __retrieve_updates
    updates = self.get_updates(offset=(self.last_update_id + 1), timeout=timeout)
  File "C:\Program Files\Python36\lib\site-packages\telebot\__init__.py", line 129, in get_updates
    json_updates = apihelper.get_updates(self.token, offset, limit, timeout, allowed_updates)
  File "C:\Program Files\Python36\lib\site-packages\telebot\apihelper.py", line 175, in get_updates
    return _make_request(token, method_url, params=payload)
  File "C:\Program Files\Python36\lib\site-packages\telebot\apihelper.py", line 56, in _make_request
    return _check_result(method_name, result)['result']
  File "C:\Program Files\Python36\lib\site-packages\telebot\apihelper.py", line 75, in _check_result
    raise ApiException(msg, method_name, result)
telebot.apihelper.ApiException: A request to the Telegram API was unsuccessful. The server returned HTTP 409 Conflict. Response body:
[b'{"ok":false,"error_code":409,"description":"Conflict: terminated by other getUpdates request; make sure that only one bot instance is running"}']

Sat, 12 May 2018 19:45:26 ERROR    A request to the Telegram API was unsuccessful. The server returned HTTP 409 Conflict. Response body:
[b'{"ok":false,"error_code":409,"description":"Conflict: terminated by other getUpdates request; make sure that only one bot instance is running"}']
Sat, 12 May 2018 19:45:31 DEBUG    https://api.telegram.org:443 "GET /bot597935817:AAGAbCwCGnHD7yqsGLbPKXj1pNn-NaD8bCs/getUpdates?offset=461431599&timeout=20 HTTP/1.1" 409 143
Sat, 12 May 2018 19:45:31 ERROR    ApiException occurred, args=('A request to the Telegram API was unsuccessful. The server returned HTTP 409 Conflict. Response body:\n[b\'{"ok":false,"error_code":409,"description":"Conflict: terminated by other getUpdates request; make sure that only one bot instance is running"}\']',)
Traceback (most recent call last):
  File "C:\Program Files\Python36\lib\site-packages\telebot\util.py", line 59, in run
    task(*args, **kwargs)
  File "C:\Program Files\Python36\lib\site-packages\telebot\__init__.py", line 159, in __retrieve_updates
    updates = self.get_updates(offset=(self.last_update_id + 1), timeout=timeout)
  File "C:\Program Files\Python36\lib\site-packages\telebot\__init__.py", line 129, in get_updates
    json_updates = apihelper.get_updates(self.token, offset, limit, timeout, allowed_updates)
  File "C:\Program Files\Python36\lib\site-packages\telebot\apihelper.py", line 175, in get_updates
    return _make_request(token, method_url, params=payload)
  File "C:\Program Files\Python36\lib\site-packages\telebot\apihelper.py", line 56, in _make_request
    return _check_result(method_name, result)['result']
  File "C:\Program Files\Python36\lib\site-packages\telebot\apihelper.py", line 75, in _check_result
    raise ApiException(msg, method_name, result)
telebot.apihelper.ApiException: A request to the Telegram API was unsuccessful. The server returned HTTP 409 Conflict. Response body:
[b'{"ok":false,"error_code":409,"description":"Conflict: terminated by other getUpdates request; make sure that only one bot instance is running"}']

Sat, 12 May 2018 19:45:31 ERROR    A request to the Telegram API was unsuccessful. The server returned HTTP 409 Conflict. Response body:
[b'{"ok":false,"error_code":409,"description":"Conflict: terminated by other getUpdates request; make sure that only one bot instance is running"}']
Sat, 12 May 2018 19:45:37 DEBUG    https://api.telegram.org:443 "GET /bot597935817:AAGAbCwCGnHD7yqsGLbPKXj1pNn-NaD8bCs/getUpdates?offset=461431599&timeout=20 HTTP/1.1" 409 143
Sat, 12 May 2018 19:45:37 ERROR    ApiException occurred, args=('A request to the Telegram API was unsuccessful. The server returned HTTP 409 Conflict. Response body:\n[b\'{"ok":false,"error_code":409,"description":"Conflict: terminated by other getUpdates request; make sure that only one bot instance is running"}\']',)
Traceback (most recent call last):
  File "C:\Program Files\Python36\lib\site-packages\telebot\util.py", line 59, in run
    task(*args, **kwargs)
  File "C:\Program Files\Python36\lib\site-packages\telebot\__init__.py", line 159, in __retrieve_updates
    updates = self.get_updates(offset=(self.last_update_id + 1), timeout=timeout)
  File "C:\Program Files\Python36\lib\site-packages\telebot\__init__.py", line 129, in get_updates
    json_updates = apihelper.get_updates(self.token, offset, limit, timeout, allowed_updates)
  File "C:\Program Files\Python36\lib\site-packages\telebot\apihelper.py", line 175, in get_updates
    return _make_request(token, method_url, params=payload)
  File "C:\Program Files\Python36\lib\site-packages\telebot\apihelper.py", line 56, in _make_request
    return _check_result(method_name, result)['result']
  File "C:\Program Files\Python36\lib\site-packages\telebot\apihelper.py", line 75, in _check_result
    raise ApiException(msg, method_name, result)
telebot.apihelper.ApiException: A request to the Telegram API was unsuccessful. The server returned HTTP 409 Conflict. Response body:
[b'{"ok":false,"error_code":409,"description":"Conflict: terminated by other getUpdates request; make sure that only one bot instance is running"}']

Sat, 12 May 2018 19:45:37 ERROR    A request to the Telegram API was unsuccessful. The server returned HTTP 409 Conflict. Response body:
[b'{"ok":false,"error_code":409,"description":"Conflict: terminated by other getUpdates request; make sure that only one bot instance is running"}']
Sat, 12 May 2018 19:45:53 DEBUG    https://api.telegram.org:443 "GET /bot597935817:AAGAbCwCGnHD7yqsGLbPKXj1pNn-NaD8bCs/getUpdates?offset=461431599&timeout=20 HTTP/1.1" 409 143
Sat, 12 May 2018 19:45:53 ERROR    ApiException occurred, args=('A request to the Telegram API was unsuccessful. The server returned HTTP 409 Conflict. Response body:\n[b\'{"ok":false,"error_code":409,"description":"Conflict: terminated by other getUpdates request; make sure that only one bot instance is running"}\']',)
Traceback (most recent call last):
  File "C:\Program Files\Python36\lib\site-packages\telebot\util.py", line 59, in run
    task(*args, **kwargs)
  File "C:\Program Files\Python36\lib\site-packages\telebot\__init__.py", line 159, in __retrieve_updates
    updates = self.get_updates(offset=(self.last_update_id + 1), timeout=timeout)
  File "C:\Program Files\Python36\lib\site-packages\telebot\__init__.py", line 129, in get_updates
    json_updates = apihelper.get_updates(self.token, offset, limit, timeout, allowed_updates)
  File "C:\Program Files\Python36\lib\site-packages\telebot\apihelper.py", line 175, in get_updates
    return _make_request(token, method_url, params=payload)
  File "C:\Program Files\Python36\lib\site-packages\telebot\apihelper.py", line 56, in _make_request
    return _check_result(method_name, result)['result']
  File "C:\Program Files\Python36\lib\site-packages\telebot\apihelper.py", line 75, in _check_result
    raise ApiException(msg, method_name, result)
telebot.apihelper.ApiException: A request to the Telegram API was unsuccessful. The server returned HTTP 409 Conflict. Response body:
[b'{"ok":false,"error_code":409,"description":"Conflict: terminated by other getUpdates request; make sure that only one bot instance is running"}']

Sat, 12 May 2018 19:45:53 ERROR    A request to the Telegram API was unsuccessful. The server returned HTTP 409 Conflict. Response body:
[b'{"ok":false,"error_code":409,"description":"Conflict: terminated by other getUpdates request; make sure that only one bot instance is running"}']
Sat, 12 May 2018 19:46:06 DEBUG    https://api.telegram.org:443 "GET /bot597935817:AAGAbCwCGnHD7yqsGLbPKXj1pNn-NaD8bCs/getUpdates?offset=461431599&timeout=20 HTTP/1.1" 409 143
Sat, 12 May 2018 19:46:06 ERROR    ApiException occurred, args=('A request to the Telegram API was unsuccessful. The server returned HTTP 409 Conflict. Response body:\n[b\'{"ok":false,"error_code":409,"description":"Conflict: terminated by other getUpdates request; make sure that only one bot instance is running"}\']',)
Traceback (most recent call last):
  File "C:\Program Files\Python36\lib\site-packages\telebot\util.py", line 59, in run
    task(*args, **kwargs)
  File "C:\Program Files\Python36\lib\site-packages\telebot\__init__.py", line 159, in __retrieve_updates
    updates = self.get_updates(offset=(self.last_update_id + 1), timeout=timeout)
  File "C:\Program Files\Python36\lib\site-packages\telebot\__init__.py", line 129, in get_updates
    json_updates = apihelper.get_updates(self.token, offset, limit, timeout, allowed_updates)
  File "C:\Program Files\Python36\lib\site-packages\telebot\apihelper.py", line 175, in get_updates
    return _make_request(token, method_url, params=payload)
  File "C:\Program Files\Python36\lib\site-packages\telebot\apihelper.py", line 56, in _make_request
    return _check_result(method_name, result)['result']
  File "C:\Program Files\Python36\lib\site-packages\telebot\apihelper.py", line 75, in _check_result
    raise ApiException(msg, method_name, result)
telebot.apihelper.ApiException: A request to the Telegram API was unsuccessful. The server returned HTTP 409 Conflict. Response body:
[b'{"ok":false,"error_code":409,"description":"Conflict: terminated by other getUpdates request; make sure that only one bot instance is running"}']

Sat, 12 May 2018 19:46:06 ERROR    A request to the Telegram API was unsuccessful. The server returned HTTP 409 Conflict. Response body:
[b'{"ok":false,"error_code":409,"description":"Conflict: terminated by other getUpdates request; make sure that only one bot instance is running"}']
Sat, 12 May 2018 19:46:29 DEBUG    Starting new HTTPS connection (1): api.telegram.org
Sat, 12 May 2018 19:46:31 DEBUG    https://api.telegram.org:443 "POST /bot597935817:AAGAbCwCGnHD7yqsGLbPKXj1pNn-NaD8bCs/sendMessage?chat_id=562036772&text=%D0%92%D0%B0%D1%81+%D0%BF%D1%80%D0%B8%D0%B2%D0%B5%D1%82%D1%81%D1%82%D0%B2%D1%83%D0%B5%D1%82+%D0%B1%D0%BE%D1%82+DigitalCitizen%2C+%D0%B7%D0%B4%D0%B5%D1%81%D1%8C+%D0%B2%D1%8B+%D0%BC%D0%BE%D0%B6%D0%B5%D1%82%D0%B5+%D0%BF%D0%BE%D0%B4%D0%B0%D1%82%D1%8C+%D0%B2%D0%B0%D1%88%D1%83+%D0%B6%D0%B0%D0%BB%D0%BE%D0%B1%D1%83 HTTP/1.1" 200 570
Sat, 12 May 2018 19:46:31 DEBUG    https://api.telegram.org:443 "POST /bot597935817:AAGAbCwCGnHD7yqsGLbPKXj1pNn-NaD8bCs/sendMessage?chat_id=562036772&text=Whats+your+name%3F HTTP/1.1" 200 280
Sat, 12 May 2018 19:46:58 DEBUG    Starting new HTTPS connection (1): api.telegram.org
Sat, 12 May 2018 19:46:58 DEBUG    https://api.telegram.org:443 "POST /bot597935817:AAGAbCwCGnHD7yqsGLbPKXj1pNn-NaD8bCs/sendMessage?chat_id=562036772&text=%D0%92%D0%B0%D1%81+%D0%BF%D1%80%D0%B8%D0%B2%D0%B5%D1%82%D1%81%D1%82%D0%B2%D1%83%D0%B5%D1%82+%D0%B1%D0%BE%D1%82+DigitalCitizen%2C+%D0%B7%D0%B4%D0%B5%D1%81%D1%8C+%D0%B2%D1%8B+%D0%BC%D0%BE%D0%B6%D0%B5%D1%82%D0%B5+%D0%BF%D0%BE%D0%B4%D0%B0%D1%82%D1%8C+%D0%B2%D0%B0%D1%88%D1%83+%D0%B6%D0%B0%D0%BB%D0%BE%D0%B1%D1%83 HTTP/1.1" 200 570
Sat, 12 May 2018 19:46:58 DEBUG    https://api.telegram.org:443 "POST /bot597935817:AAGAbCwCGnHD7yqsGLbPKXj1pNn-NaD8bCs/sendMessage?chat_id=562036772&text=Whats+your+name%3F HTTP/1.1" 200 280
Sat, 12 May 2018 19:47:21 DEBUG    https://api.telegram.org:443 "GET /bot597935817:AAGAbCwCGnHD7yqsGLbPKXj1pNn-NaD8bCs/getUpdates?offset=461431602&timeout=20 HTTP/1.1" 200 23
Sat, 12 May 2018 19:47:33 DEBUG    Starting new HTTPS connection (1): api.telegram.org
Sat, 12 May 2018 19:47:34 DEBUG    https://api.telegram.org:443 "POST /bot597935817:AAGAbCwCGnHD7yqsGLbPKXj1pNn-NaD8bCs/sendMessage?chat_id=562036772&text=%D0%92%D0%B0%D1%81+%D0%BF%D1%80%D0%B8%D0%B2%D0%B5%D1%82%D1%81%D1%82%D0%B2%D1%83%D0%B5%D1%82+%D0%B1%D0%BE%D1%82+DigitalCitizen%2C+%D0%B7%D0%B4%D0%B5%D1%81%D1%8C+%D0%B2%D1%8B+%D0%BC%D0%BE%D0%B6%D0%B5%D1%82%D0%B5+%D0%BF%D0%BE%D0%B4%D0%B0%D1%82%D1%8C+%D0%B2%D0%B0%D1%88%D1%83+%D0%B6%D0%B0%D0%BB%D0%BE%D0%B1%D1%83 HTTP/1.1" 200 570
Sat, 12 May 2018 19:47:34 DEBUG    https://api.telegram.org:443 "POST /bot597935817:AAGAbCwCGnHD7yqsGLbPKXj1pNn-NaD8bCs/sendMessage?chat_id=562036772&text=Whats+your+name%3F HTTP/1.1" 200 280
Sat, 12 May 2018 19:47:54 DEBUG    https://api.telegram.org:443 "GET /bot597935817:AAGAbCwCGnHD7yqsGLbPKXj1pNn-NaD8bCs/getUpdates?offset=461431603&timeout=20 HTTP/1.1" 200 23
Sat, 12 May 2018 19:48:14 DEBUG    https://api.telegram.org:443 "GET /bot597935817:AAGAbCwCGnHD7yqsGLbPKXj1pNn-NaD8bCs/getUpdates?offset=461431603&timeout=20 HTTP/1.1" 200 23
Sat, 12 May 2018 19:48:21 DEBUG    https://api.telegram.org:443 "GET /bot597935817:AAGAbCwCGnHD7yqsGLbPKXj1pNn-NaD8bCs/getUpdates?offset=461431603&timeout=20 HTTP/1.1" 409 143
Sat, 12 May 2018 19:48:21 ERROR    ApiException occurred, args=('A request to the Telegram API was unsuccessful. The server returned HTTP 409 Conflict. Response body:\n[b\'{"ok":false,"error_code":409,"description":"Conflict: terminated by other getUpdates request; make sure that only one bot instance is running"}\']',)
Traceback (most recent call last):
  File "C:\Program Files\Python36\lib\site-packages\telebot\util.py", line 59, in run
    task(*args, **kwargs)
  File "C:\Program Files\Python36\lib\site-packages\telebot\__init__.py", line 159, in __retrieve_updates
    updates = self.get_updates(offset=(self.last_update_id + 1), timeout=timeout)
  File "C:\Program Files\Python36\lib\site-packages\telebot\__init__.py", line 129, in get_updates
    json_updates = apihelper.get_updates(self.token, offset, limit, timeout, allowed_updates)
  File "C:\Program Files\Python36\lib\site-packages\telebot\apihelper.py", line 175, in get_updates
    return _make_request(token, method_url, params=payload)
  File "C:\Program Files\Python36\lib\site-packages\telebot\apihelper.py", line 56, in _make_request
    return _check_result(method_name, result)['result']
  File "C:\Program Files\Python36\lib\site-packages\telebot\apihelper.py", line 75, in _check_result
    raise ApiException(msg, method_name, result)
telebot.apihelper.ApiException: A request to the Telegram API was unsuccessful. The server returned HTTP 409 Conflict. Response body:
[b'{"ok":false,"error_code":409,"description":"Conflict: terminated by other getUpdates request; make sure that only one bot instance is running"}']

Sat, 12 May 2018 19:48:21 ERROR    A request to the Telegram API was unsuccessful. The server returned HTTP 409 Conflict. Response body:
[b'{"ok":false,"error_code":409,"description":"Conflict: terminated by other getUpdates request; make sure that only one bot instance is running"}']
Sat, 12 May 2018 19:48:24 DEBUG    https://api.telegram.org:443 "GET /bot597935817:AAGAbCwCGnHD7yqsGLbPKXj1pNn-NaD8bCs/getUpdates?offset=461431603&timeout=20 HTTP/1.1" 200 397
Sat, 12 May 2018 19:48:24 DEBUG    Starting new HTTPS connection (1): api.telegram.org
Sat, 12 May 2018 19:48:24 DEBUG    https://api.telegram.org:443 "GET /bot597935817:AAGAbCwCGnHD7yqsGLbPKXj1pNn-NaD8bCs/getUpdates?offset=461431604&timeout=20 HTTP/1.1" 409 143
Sat, 12 May 2018 19:48:24 ERROR    ApiException occurred, args=('A request to the Telegram API was unsuccessful. The server returned HTTP 409 Conflict. Response body:\n[b\'{"ok":false,"error_code":409,"description":"Conflict: terminated by other getUpdates request; make sure that only one bot instance is running"}\']',)
Traceback (most recent call last):
  File "C:\Program Files\Python36\lib\site-packages\telebot\util.py", line 59, in run
    task(*args, **kwargs)
  File "C:\Program Files\Python36\lib\site-packages\telebot\__init__.py", line 159, in __retrieve_updates
    updates = self.get_updates(offset=(self.last_update_id + 1), timeout=timeout)
  File "C:\Program Files\Python36\lib\site-packages\telebot\__init__.py", line 129, in get_updates
    json_updates = apihelper.get_updates(self.token, offset, limit, timeout, allowed_updates)
  File "C:\Program Files\Python36\lib\site-packages\telebot\apihelper.py", line 175, in get_updates
    return _make_request(token, method_url, params=payload)
  File "C:\Program Files\Python36\lib\site-packages\telebot\apihelper.py", line 56, in _make_request
    return _check_result(method_name, result)['result']
  File "C:\Program Files\Python36\lib\site-packages\telebot\apihelper.py", line 75, in _check_result
    raise ApiException(msg, method_name, result)
telebot.apihelper.ApiException: A request to the Telegram API was unsuccessful. The server returned HTTP 409 Conflict. Response body:
[b'{"ok":false,"error_code":409,"description":"Conflict: terminated by other getUpdates request; make sure that only one bot instance is running"}']

Sat, 12 May 2018 19:48:24 ERROR    A request to the Telegram API was unsuccessful. The server returned HTTP 409 Conflict. Response body:
[b'{"ok":false,"error_code":409,"description":"Conflict: terminated by other getUpdates request; make sure that only one bot instance is running"}']
Sat, 12 May 2018 19:48:25 DEBUG    https://api.telegram.org:443 "POST /bot597935817:AAGAbCwCGnHD7yqsGLbPKXj1pNn-NaD8bCs/sendMessage?chat_id=562036772&text=Write+your+addres+and+city HTTP/1.1" 200 290
Sat, 12 May 2018 19:48:29 DEBUG    https://api.telegram.org:443 "GET /bot597935817:AAGAbCwCGnHD7yqsGLbPKXj1pNn-NaD8bCs/getUpdates?offset=461431604&timeout=20 HTTP/1.1" 409 143
Sat, 12 May 2018 19:48:29 ERROR    ApiException occurred, args=('A request to the Telegram API was unsuccessful. The server returned HTTP 409 Conflict. Response body:\n[b\'{"ok":false,"error_code":409,"description":"Conflict: terminated by other getUpdates request; make sure that only one bot instance is running"}\']',)
Traceback (most recent call last):
  File "C:\Program Files\Python36\lib\site-packages\telebot\util.py", line 59, in run
    task(*args, **kwargs)
  File "C:\Program Files\Python36\lib\site-packages\telebot\__init__.py", line 159, in __retrieve_updates
    updates = self.get_updates(offset=(self.last_update_id + 1), timeout=timeout)
  File "C:\Program Files\Python36\lib\site-packages\telebot\__init__.py", line 129, in get_updates
    json_updates = apihelper.get_updates(self.token, offset, limit, timeout, allowed_updates)
  File "C:\Program Files\Python36\lib\site-packages\telebot\apihelper.py", line 175, in get_updates
    return _make_request(token, method_url, params=payload)
  File "C:\Program Files\Python36\lib\site-packages\telebot\apihelper.py", line 56, in _make_request
    return _check_result(method_name, result)['result']
  File "C:\Program Files\Python36\lib\site-packages\telebot\apihelper.py", line 75, in _check_result
    raise ApiException(msg, method_name, result)
telebot.apihelper.ApiException: A request to the Telegram API was unsuccessful. The server returned HTTP 409 Conflict. Response body:
[b'{"ok":false,"error_code":409,"description":"Conflict: terminated by other getUpdates request; make sure that only one bot instance is running"}']

Sat, 12 May 2018 19:48:29 ERROR    A request to the Telegram API was unsuccessful. The server returned HTTP 409 Conflict. Response body:
[b'{"ok":false,"error_code":409,"description":"Conflict: terminated by other getUpdates request; make sure that only one bot instance is running"}']
Sat, 12 May 2018 19:50:21 DEBUG    Starting new HTTPS connection (1): api.telegram.org
Sat, 12 May 2018 19:50:21 DEBUG    https://api.telegram.org:443 "POST /bot597935817:AAGAbCwCGnHD7yqsGLbPKXj1pNn-NaD8bCs/sendMessage?chat_id=562036772&text=%D0%92%D0%B0%D1%81+%D0%BF%D1%80%D0%B8%D0%B2%D0%B5%D1%82%D1%81%D1%82%D0%B2%D1%83%D0%B5%D1%82+%D0%B1%D0%BE%D1%82+DigitalCitizen%2C+%D0%B7%D0%B4%D0%B5%D1%81%D1%8C+%D0%B2%D1%8B+%D0%BC%D0%BE%D0%B6%D0%B5%D1%82%D0%B5+%D0%BF%D0%BE%D0%B4%D0%B0%D1%82%D1%8C+%D0%B2%D0%B0%D1%88%D1%83+%D0%B6%D0%B0%D0%BB%D0%BE%D0%B1%D1%83 HTTP/1.1" 200 570
Sat, 12 May 2018 19:50:21 DEBUG    https://api.telegram.org:443 "POST /bot597935817:AAGAbCwCGnHD7yqsGLbPKXj1pNn-NaD8bCs/sendMessage?chat_id=562036772&text=Whats+your+name%3F HTTP/1.1" 200 280
Sat, 12 May 2018 19:50:46 DEBUG    https://api.telegram.org:443 "GET /bot597935817:AAGAbCwCGnHD7yqsGLbPKXj1pNn-NaD8bCs/getUpdates?offset=461431606&timeout=20 HTTP/1.1" 200 23
Sat, 12 May 2018 19:51:15 DEBUG    https://api.telegram.org:443 "GET /bot597935817:AAGAbCwCGnHD7yqsGLbPKXj1pNn-NaD8bCs/getUpdates?offset=461431606&timeout=20 HTTP/1.1" 200 23
Sat, 12 May 2018 19:51:20 DEBUG    https://api.telegram.org:443 "GET /bot597935817:AAGAbCwCGnHD7yqsGLbPKXj1pNn-NaD8bCs/getUpdates?offset=461431606&timeout=20 HTTP/1.1" 200 423
Sat, 12 May 2018 19:51:20 DEBUG    Starting new HTTPS connection (1): api.telegram.org
Sat, 12 May 2018 19:51:20 DEBUG    https://api.telegram.org:443 "POST /bot597935817:AAGAbCwCGnHD7yqsGLbPKXj1pNn-NaD8bCs/sendMessage?chat_id=562036772&text=Write+your+addres+and+city HTTP/1.1" 200 290
Sat, 12 May 2018 19:51:43 DEBUG    https://api.telegram.org:443 "GET /bot597935817:AAGAbCwCGnHD7yqsGLbPKXj1pNn-NaD8bCs/getUpdates?offset=461431607&timeout=20 HTTP/1.1" 200 23
Sat, 12 May 2018 19:52:13 ERROR    ReadTimeout occurred, args=(ReadTimeoutError("HTTPSConnectionPool(host='api.telegram.org', port=443): Read timed out. (read timeout=30)",),)
Traceback (most recent call last):
  File "C:\Program Files\Python36\lib\site-packages\urllib3\connectionpool.py", line 387, in _make_request
    six.raise_from(e, None)
  File "<string>", line 2, in raise_from
  File "C:\Program Files\Python36\lib\site-packages\urllib3\connectionpool.py", line 383, in _make_request
    httplib_response = conn.getresponse()
  File "C:\Program Files\Python36\lib\http\client.py", line 1331, in getresponse
    response.begin()
  File "C:\Program Files\Python36\lib\http\client.py", line 297, in begin
    version, status, reason = self._read_status()
  File "C:\Program Files\Python36\lib\http\client.py", line 258, in _read_status
    line = str(self.fp.readline(_MAXLINE + 1), "iso-8859-1")
  File "C:\Program Files\Python36\lib\socket.py", line 586, in readinto
    return self._sock.recv_into(b)
  File "C:\Program Files\Python36\lib\ssl.py", line 1009, in recv_into
    return self.read(nbytes, buffer)
  File "C:\Program Files\Python36\lib\ssl.py", line 871, in read
    return self._sslobj.read(len, buffer)
  File "C:\Program Files\Python36\lib\ssl.py", line 631, in read
    v = self._sslobj.read(len, buffer)
socket.timeout: The read operation timed out

During handling of the above exception, another exception occurred:

Traceback (most recent call last):
  File "C:\Program Files\Python36\lib\site-packages\requests\adapters.py", line 440, in send
    timeout=timeout
  File "C:\Program Files\Python36\lib\site-packages\urllib3\connectionpool.py", line 639, in urlopen
    _stacktrace=sys.exc_info()[2])
  File "C:\Program Files\Python36\lib\site-packages\urllib3\util\retry.py", line 357, in increment
    raise six.reraise(type(error), error, _stacktrace)
  File "C:\Program Files\Python36\lib\site-packages\urllib3\packages\six.py", line 686, in reraise
    raise value
  File "C:\Program Files\Python36\lib\site-packages\urllib3\connectionpool.py", line 601, in urlopen
    chunked=chunked)
  File "C:\Program Files\Python36\lib\site-packages\urllib3\connectionpool.py", line 389, in _make_request
    self._raise_timeout(err=e, url=url, timeout_value=read_timeout)
  File "C:\Program Files\Python36\lib\site-packages\urllib3\connectionpool.py", line 309, in _raise_timeout
    raise ReadTimeoutError(self, url, "Read timed out. (read timeout=%s)" % timeout_value)
urllib3.exceptions.ReadTimeoutError: HTTPSConnectionPool(host='api.telegram.org', port=443): Read timed out. (read timeout=30)

During handling of the above exception, another exception occurred:

Traceback (most recent call last):
  File "C:\Program Files\Python36\lib\site-packages\telebot\util.py", line 59, in run
    task(*args, **kwargs)
  File "C:\Program Files\Python36\lib\site-packages\telebot\__init__.py", line 159, in __retrieve_updates
    updates = self.get_updates(offset=(self.last_update_id + 1), timeout=timeout)
  File "C:\Program Files\Python36\lib\site-packages\telebot\__init__.py", line 129, in get_updates
    json_updates = apihelper.get_updates(self.token, offset, limit, timeout, allowed_updates)
  File "C:\Program Files\Python36\lib\site-packages\telebot\apihelper.py", line 175, in get_updates
    return _make_request(token, method_url, params=payload)
  File "C:\Program Files\Python36\lib\site-packages\telebot\apihelper.py", line 54, in _make_request
    timeout=(connect_timeout, read_timeout), proxies=proxy)
  File "C:\Program Files\Python36\lib\site-packages\requests\sessions.py", line 508, in request
    resp = self.send(prep, **send_kwargs)
  File "C:\Program Files\Python36\lib\site-packages\requests\sessions.py", line 618, in send
    r = adapter.send(request, **kwargs)
  File "C:\Program Files\Python36\lib\site-packages\requests\adapters.py", line 521, in send
    raise ReadTimeout(e, request=request)
requests.exceptions.ReadTimeout: HTTPSConnectionPool(host='api.telegram.org', port=443): Read timed out. (read timeout=30)

Sat, 12 May 2018 19:59:22 DEBUG    Starting new HTTPS connection (1): api.telegram.org
Sat, 12 May 2018 19:59:23 DEBUG    https://api.telegram.org:443 "POST /bot597935817:AAGAbCwCGnHD7yqsGLbPKXj1pNn-NaD8bCs/sendMessage?chat_id=562036772&text=%D0%92%D0%B0%D1%81+%D0%BF%D1%80%D0%B8%D0%B2%D0%B5%D1%82%D1%81%D1%82%D0%B2%D1%83%D0%B5%D1%82+%D0%B1%D0%BE%D1%82+DigitalCitizen%2C+%D0%B7%D0%B4%D0%B5%D1%81%D1%8C+%D0%B2%D1%8B+%D0%BC%D0%BE%D0%B6%D0%B5%D1%82%D0%B5+%D0%BF%D0%BE%D0%B4%D0%B0%D1%82%D1%8C+%D0%B2%D0%B0%D1%88%D1%83+%D0%B6%D0%B0%D0%BB%D0%BE%D0%B1%D1%83 HTTP/1.1" 200 570
Sat, 12 May 2018 19:59:23 DEBUG    https://api.telegram.org:443 "POST /bot597935817:AAGAbCwCGnHD7yqsGLbPKXj1pNn-NaD8bCs/sendMessage?chat_id=562036772&text=Whats+your+name%3F HTTP/1.1" 200 280
Sat, 12 May 2018 19:59:33 DEBUG    https://api.telegram.org:443 "GET /bot597935817:AAGAbCwCGnHD7yqsGLbPKXj1pNn-NaD8bCs/getUpdates?offset=461431610&timeout=20 HTTP/1.1" 200 337
Sat, 12 May 2018 19:59:33 DEBUG    Starting new HTTPS connection (1): api.telegram.org
Sat, 12 May 2018 19:59:34 DEBUG    https://api.telegram.org:443 "POST /bot597935817:AAGAbCwCGnHD7yqsGLbPKXj1pNn-NaD8bCs/sendMessage?chat_id=562036772&text=Write+your+addres+and+city HTTP/1.1" 200 290
Sat, 12 May 2018 19:59:37 DEBUG    https://api.telegram.org:443 "GET /bot597935817:AAGAbCwCGnHD7yqsGLbPKXj1pNn-NaD8bCs/getUpdates?offset=461431611&timeout=20 HTTP/1.1" 200 339
Sat, 12 May 2018 19:59:37 DEBUG    https://api.telegram.org:443 "POST /bot597935817:AAGAbCwCGnHD7yqsGLbPKXj1pNn-NaD8bCs/sendMessage?chat_id=562036772&text=How+old+are+you%3F HTTP/1.1" 200 280
Sat, 12 May 2018 19:59:40 DEBUG    https://api.telegram.org:443 "GET /bot597935817:AAGAbCwCGnHD7yqsGLbPKXj1pNn-NaD8bCs/getUpdates?offset=461431612&timeout=20 HTTP/1.1" 200 335
Sat, 12 May 2018 19:59:40 DEBUG    https://api.telegram.org:443 "POST /bot597935817:AAGAbCwCGnHD7yqsGLbPKXj1pNn-NaD8bCs/sendMessage?chat_id=562036772&text=Write+essence+of+complaint HTTP/1.1" 200 290
Sat, 12 May 2018 19:59:52 DEBUG    https://api.telegram.org:443 "GET /bot597935817:AAGAbCwCGnHD7yqsGLbPKXj1pNn-NaD8bCs/getUpdates?offset=461431613&timeout=20 HTTP/1.1" 200 400
Sat, 12 May 2018 19:59:52 DEBUG    https://api.telegram.org:443 "POST /bot597935817:AAGAbCwCGnHD7yqsGLbPKXj1pNn-NaD8bCs/sendMessage?chat_id=562036772&text=%D0%95%D1%81%D0%BB%D0%B8+%D0%B2%D1%81%D0%B5+%D0%B4%D0%B0%D0%BD%D0%BD%D1%8B%D0%B5+%D0%B2%D0%B5%D1%80%D0%BD%D1%8B+%D0%BD%D0%B0%D0%B6%D0%BC%D0%B8%D1%82%D0%B5+%27%D0%9E%D1%82%D0%BF%D1%80%D0%B0%D0%B2%D0%B8%D1%82%D1%8C%27%2C+%D0%B2+%D0%BF%D1%80%D0%BE%D1%82%D0%B8%D0%B2%D0%BD%D0%BE%D0%BC+%D1%81%D0%BB%D1%83%D1%87%D0%B0%D0%B5+%D0%B2%D0%B2%D0%B5%D0%B4%D0%B8%D1%82%D0%B5+%D0%B4%D0%B0%D0%BD%D0%BD%D1%8B%D0%B5+%D0%B7%D0%B0%D0%BD%D0%BE%D0%B2%D0%BE+%D0%BD%D0%B0%D0%B6%D0%B0%D0%B2+%D0%BD%D0%B0+%2Fstart&reply_markup=%7B%22keyboard%22%3A+%5B%5B%7B%22text%22%3A+%22%5Cu041e%5Cu0442%5Cu043f%5Cu0440%5Cu0430%5Cu0432%5Cu0438%5Cu0442%5Cu044c%22%7D%5D%5D%2C+%22one_time_keyboard%22%3A+true%2C+%22resize_keyboard%22%3A+true%7D HTTP/1.1" 200 802
Sat, 12 May 2018 19:59:59 DEBUG    https://api.telegram.org:443 "GET /bot597935817:AAGAbCwCGnHD7yqsGLbPKXj1pNn-NaD8bCs/getUpdates?offset=461431614&timeout=20 HTTP/1.1" 200 387
Sat, 12 May 2018 19:59:59 DEBUG    https://api.telegram.org:443 "POST /bot597935817:AAGAbCwCGnHD7yqsGLbPKXj1pNn-NaD8bCs/sendMessage?chat_id=562036772&text=%D0%9F%D0%BE%D0%B7%D0%B4%D1%80%D0%B0%D0%B2%D0%BB%D1%8F%D1%8E+%D0%B2%D1%8B+%D0%BF%D1%80%D0%BE%D1%88%D0%BB%D0%B8+%D1%80%D0%B5%D0%B3%D0%B8%D1%81%D1%82%D1%80%D0%B0%D1%86%D0%B8%D1%8E%2C+%D0%B2%D0%B0%D1%88%D0%B0+%D0%B7%D0%B0%D1%8F%D0%B2%D0%BA%D0%B0+%D0%BD%D0%B0%D1%85%D0%BE%D0%B4%D0%B8%D1%82%D1%81%D1%8F+%D0%BD%D0%B0+%D1%80%D0%B0%D1%81%D1%81%D0%BC%D0%BE%D1%82%D1%80%D0%B5%D0%BD%D0%B8%D0%B8+%D0%B0%D0%B4%D0%BC%D0%B8%D0%BD%D0%B8%D1%81%D1%82%D1%80%D0%B0%D1%86%D0%B8%D0%B8 HTTP/1.1" 200 724
Sat, 12 May 2018 19:59:59 ERROR    IntegrityError occurred, args=('UNIQUE constraint failed: First_4_answers.UserTelegrammID',)
Traceback (most recent call last):
  File "C:\Program Files\Python36\lib\site-packages\telebot\util.py", line 59, in run
    task(*args, **kwargs)
  File "C:/Users/БорсовН/Documents/GitHub/python/Дз по python/Дз8/ТЗ/TZ_code.py", line 146, in finalStepOfRegistration
    cursorConnectionAndWrite("First_4_answers", myArray)
  File "C:/Users/БорсовН/Documents/GitHub/python/Дз по python/Дз8/ТЗ/TZ_code.py", line 129, in cursorConnectionAndWrite
    cursor.execute("insert into %s values %s" %(tableName,insertingTurpleWithValues))
sqlite3.IntegrityError: UNIQUE constraint failed: First_4_answers.UserTelegrammID

Sat, 12 May 2018 20:03:40 DEBUG    Starting new HTTPS connection (1): api.telegram.org
Sat, 12 May 2018 20:03:40 DEBUG    https://api.telegram.org:443 "POST /bot597935817:AAGAbCwCGnHD7yqsGLbPKXj1pNn-NaD8bCs/sendMessage?chat_id=562036772&text=%D0%92%D0%B0%D1%81+%D0%BF%D1%80%D0%B8%D0%B2%D0%B5%D1%82%D1%81%D1%82%D0%B2%D1%83%D0%B5%D1%82+%D0%B1%D0%BE%D1%82+DigitalCitizen%2C+%D0%B7%D0%B4%D0%B5%D1%81%D1%8C+%D0%B2%D1%8B+%D0%BC%D0%BE%D0%B6%D0%B5%D1%82%D0%B5+%D0%BF%D0%BE%D0%B4%D0%B0%D1%82%D1%8C+%D0%B2%D0%B0%D1%88%D1%83+%D0%B6%D0%B0%D0%BB%D0%BE%D0%B1%D1%83 HTTP/1.1" 200 570
Sat, 12 May 2018 20:03:41 DEBUG    https://api.telegram.org:443 "POST /bot597935817:AAGAbCwCGnHD7yqsGLbPKXj1pNn-NaD8bCs/sendMessage?chat_id=562036772&text=Whats+your+name%3F HTTP/1.1" 200 280
Sat, 12 May 2018 20:03:47 DEBUG    https://api.telegram.org:443 "GET /bot597935817:AAGAbCwCGnHD7yqsGLbPKXj1pNn-NaD8bCs/getUpdates?offset=461431619&timeout=20 HTTP/1.1" 200 337
Sat, 12 May 2018 20:03:47 DEBUG    Starting new HTTPS connection (1): api.telegram.org
Sat, 12 May 2018 20:03:48 DEBUG    https://api.telegram.org:443 "POST /bot597935817:AAGAbCwCGnHD7yqsGLbPKXj1pNn-NaD8bCs/sendMessage?chat_id=562036772&text=Write+your+addres+and+city HTTP/1.1" 200 290
Sat, 12 May 2018 20:04:00 DEBUG    https://api.telegram.org:443 "GET /bot597935817:AAGAbCwCGnHD7yqsGLbPKXj1pNn-NaD8bCs/getUpdates?offset=461431620&timeout=20 HTTP/1.1" 200 339
Sat, 12 May 2018 20:04:00 DEBUG    https://api.telegram.org:443 "POST /bot597935817:AAGAbCwCGnHD7yqsGLbPKXj1pNn-NaD8bCs/sendMessage?chat_id=562036772&text=How+old+are+you%3F HTTP/1.1" 200 280
Sat, 12 May 2018 20:04:05 DEBUG    https://api.telegram.org:443 "GET /bot597935817:AAGAbCwCGnHD7yqsGLbPKXj1pNn-NaD8bCs/getUpdates?offset=461431621&timeout=20 HTTP/1.1" 200 335
Sat, 12 May 2018 20:04:06 DEBUG    https://api.telegram.org:443 "POST /bot597935817:AAGAbCwCGnHD7yqsGLbPKXj1pNn-NaD8bCs/sendMessage?chat_id=562036772&text=Write+essence+of+complaint HTTP/1.1" 200 290
Sat, 12 May 2018 20:04:13 DEBUG    https://api.telegram.org:443 "GET /bot597935817:AAGAbCwCGnHD7yqsGLbPKXj1pNn-NaD8bCs/getUpdates?offset=461431622&timeout=20 HTTP/1.1" 200 406
Sat, 12 May 2018 20:04:13 DEBUG    https://api.telegram.org:443 "POST /bot597935817:AAGAbCwCGnHD7yqsGLbPKXj1pNn-NaD8bCs/sendMessage?chat_id=562036772&text=%D0%95%D1%81%D0%BB%D0%B8+%D0%B2%D1%81%D0%B5+%D0%B4%D0%B0%D0%BD%D0%BD%D1%8B%D0%B5+%D0%B2%D0%B5%D1%80%D0%BD%D1%8B+%D0%BD%D0%B0%D0%B6%D0%BC%D0%B8%D1%82%D0%B5+%27%D0%9E%D1%82%D0%BF%D1%80%D0%B0%D0%B2%D0%B8%D1%82%D1%8C%27%2C+%D0%B2+%D0%BF%D1%80%D0%BE%D1%82%D0%B8%D0%B2%D0%BD%D0%BE%D0%BC+%D1%81%D0%BB%D1%83%D1%87%D0%B0%D0%B5+%D0%B2%D0%B2%D0%B5%D0%B4%D0%B8%D1%82%D0%B5+%D0%B4%D0%B0%D0%BD%D0%BD%D1%8B%D0%B5+%D0%B7%D0%B0%D0%BD%D0%BE%D0%B2%D0%BE+%D0%BD%D0%B0%D0%B6%D0%B0%D0%B2+%D0%BD%D0%B0+%2Fstart&reply_markup=%7B%22keyboard%22%3A+%5B%5B%7B%22text%22%3A+%22%5Cu041e%5Cu0442%5Cu043f%5Cu0440%5Cu0430%5Cu0432%5Cu0438%5Cu0442%5Cu044c%22%7D%5D%5D%2C+%22one_time_keyboard%22%3A+true%2C+%22resize_keyboard%22%3A+true%7D HTTP/1.1" 200 802
Sat, 12 May 2018 20:04:16 DEBUG    https://api.telegram.org:443 "GET /bot597935817:AAGAbCwCGnHD7yqsGLbPKXj1pNn-NaD8bCs/getUpdates?offset=461431623&timeout=20 HTTP/1.1" 200 387
Sat, 12 May 2018 20:04:16 DEBUG    https://api.telegram.org:443 "POST /bot597935817:AAGAbCwCGnHD7yqsGLbPKXj1pNn-NaD8bCs/sendMessage?chat_id=562036772&text=%D0%9F%D0%BE%D0%B7%D0%B4%D1%80%D0%B0%D0%B2%D0%BB%D1%8F%D1%8E+%D0%B2%D1%8B+%D0%BF%D1%80%D0%BE%D1%88%D0%BB%D0%B8+%D1%80%D0%B5%D0%B3%D0%B8%D1%81%D1%82%D1%80%D0%B0%D1%86%D0%B8%D1%8E%2C+%D0%B2%D0%B0%D1%88%D0%B0+%D0%B7%D0%B0%D1%8F%D0%B2%D0%BA%D0%B0+%D0%BD%D0%B0%D1%85%D0%BE%D0%B4%D0%B8%D1%82%D1%81%D1%8F+%D0%BD%D0%B0+%D1%80%D0%B0%D1%81%D1%81%D0%BC%D0%BE%D1%82%D1%80%D0%B5%D0%BD%D0%B8%D0%B8+%D0%B0%D0%B4%D0%BC%D0%B8%D0%BD%D0%B8%D1%81%D1%82%D1%80%D0%B0%D1%86%D0%B8%D0%B8 HTTP/1.1" 200 724
Sat, 12 May 2018 20:04:36 DEBUG    https://api.telegram.org:443 "GET /bot597935817:AAGAbCwCGnHD7yqsGLbPKXj1pNn-NaD8bCs/getUpdates?offset=461431624&timeout=20 HTTP/1.1" 200 23
Sat, 12 May 2018 20:05:00 DEBUG    Starting new HTTPS connection (1): api.telegram.org
Sat, 12 May 2018 20:05:05 DEBUG    https://api.telegram.org:443 "POST /bot597935817:AAGAbCwCGnHD7yqsGLbPKXj1pNn-NaD8bCs/sendMessage?chat_id=562036772&text=%D0%92%D0%B0%D1%81+%D0%BF%D1%80%D0%B8%D0%B2%D0%B5%D1%82%D1%81%D1%82%D0%B2%D1%83%D0%B5%D1%82+%D0%B1%D0%BE%D1%82+DigitalCitizen%2C+%D0%B7%D0%B4%D0%B5%D1%81%D1%8C+%D0%B2%D1%8B+%D0%BC%D0%BE%D0%B6%D0%B5%D1%82%D0%B5+%D0%BF%D0%BE%D0%B4%D0%B0%D1%82%D1%8C+%D0%B2%D0%B0%D1%88%D1%83+%D0%B6%D0%B0%D0%BB%D0%BE%D0%B1%D1%83 HTTP/1.1" 200 570
Sat, 12 May 2018 20:05:05 DEBUG    https://api.telegram.org:443 "POST /bot597935817:AAGAbCwCGnHD7yqsGLbPKXj1pNn-NaD8bCs/sendMessage?chat_id=562036772&text=Whats+your+name%3F HTTP/1.1" 200 280
Sat, 12 May 2018 20:05:19 DEBUG    https://api.telegram.org:443 "GET /bot597935817:AAGAbCwCGnHD7yqsGLbPKXj1pNn-NaD8bCs/getUpdates?offset=461431625&timeout=20 HTTP/1.1" 200 337
Sat, 12 May 2018 20:05:20 DEBUG    https://api.telegram.org:443 "POST /bot597935817:AAGAbCwCGnHD7yqsGLbPKXj1pNn-NaD8bCs/sendMessage?chat_id=562036772&text=Write+your+addres+and+city HTTP/1.1" 200 290
Sat, 12 May 2018 20:05:38 DEBUG    https://api.telegram.org:443 "GET /bot597935817:AAGAbCwCGnHD7yqsGLbPKXj1pNn-NaD8bCs/getUpdates?offset=461431626&timeout=20 HTTP/1.1" 200 339
Sat, 12 May 2018 20:05:38 DEBUG    Starting new HTTPS connection (1): api.telegram.org
Sat, 12 May 2018 20:05:38 DEBUG    https://api.telegram.org:443 "POST /bot597935817:AAGAbCwCGnHD7yqsGLbPKXj1pNn-NaD8bCs/sendMessage?chat_id=562036772&text=How+old+are+you%3F HTTP/1.1" 200 280
Sat, 12 May 2018 20:05:40 DEBUG    https://api.telegram.org:443 "GET /bot597935817:AAGAbCwCGnHD7yqsGLbPKXj1pNn-NaD8bCs/getUpdates?offset=461431627&timeout=20 HTTP/1.1" 200 335
Sat, 12 May 2018 20:05:41 DEBUG    https://api.telegram.org:443 "POST /bot597935817:AAGAbCwCGnHD7yqsGLbPKXj1pNn-NaD8bCs/sendMessage?chat_id=562036772&text=Write+essence+of+complaint HTTP/1.1" 200 290
Sat, 12 May 2018 20:05:45 DEBUG    https://api.telegram.org:443 "GET /bot597935817:AAGAbCwCGnHD7yqsGLbPKXj1pNn-NaD8bCs/getUpdates?offset=461431628&timeout=20 HTTP/1.1" 200 369
Sat, 12 May 2018 20:05:45 DEBUG    https://api.telegram.org:443 "POST /bot597935817:AAGAbCwCGnHD7yqsGLbPKXj1pNn-NaD8bCs/sendMessage?chat_id=562036772&text=%D0%95%D1%81%D0%BB%D0%B8+%D0%B2%D1%81%D0%B5+%D0%B4%D0%B0%D0%BD%D0%BD%D1%8B%D0%B5+%D0%B2%D0%B5%D1%80%D0%BD%D1%8B+%D0%BD%D0%B0%D0%B6%D0%BC%D0%B8%D1%82%D0%B5+%27%D0%9E%D1%82%D0%BF%D1%80%D0%B0%D0%B2%D0%B8%D1%82%D1%8C%27%2C+%D0%B2+%D0%BF%D1%80%D0%BE%D1%82%D0%B8%D0%B2%D0%BD%D0%BE%D0%BC+%D1%81%D0%BB%D1%83%D1%87%D0%B0%D0%B5+%D0%B2%D0%B2%D0%B5%D0%B4%D0%B8%D1%82%D0%B5+%D0%B4%D0%B0%D0%BD%D0%BD%D1%8B%D0%B5+%D0%B7%D0%B0%D0%BD%D0%BE%D0%B2%D0%BE+%D0%BD%D0%B0%D0%B6%D0%B0%D0%B2+%D0%BD%D0%B0+%2Fstart&reply_markup=%7B%22keyboard%22%3A+%5B%5B%7B%22text%22%3A+%22%5Cu041e%5Cu0442%5Cu043f%5Cu0440%5Cu0430%5Cu0432%5Cu0438%5Cu0442%5Cu044c%22%7D%5D%5D%2C+%22one_time_keyboard%22%3A+true%2C+%22resize_keyboard%22%3A+true%7D HTTP/1.1" 200 802
Sat, 12 May 2018 20:05:48 DEBUG    https://api.telegram.org:443 "GET /bot597935817:AAGAbCwCGnHD7yqsGLbPKXj1pNn-NaD8bCs/getUpdates?offset=461431629&timeout=20 HTTP/1.1" 200 387
Sat, 12 May 2018 20:05:48 DEBUG    https://api.telegram.org:443 "POST /bot597935817:AAGAbCwCGnHD7yqsGLbPKXj1pNn-NaD8bCs/sendMessage?chat_id=562036772&text=%D0%9F%D0%BE%D0%B7%D0%B4%D1%80%D0%B0%D0%B2%D0%BB%D1%8F%D1%8E+%D0%B2%D1%8B+%D0%BF%D1%80%D0%BE%D1%88%D0%BB%D0%B8+%D1%80%D0%B5%D0%B3%D0%B8%D1%81%D1%82%D1%80%D0%B0%D1%86%D0%B8%D1%8E%2C+%D0%B2%D0%B0%D1%88%D0%B0+%D0%B7%D0%B0%D1%8F%D0%B2%D0%BA%D0%B0+%D0%BD%D0%B0%D1%85%D0%BE%D0%B4%D0%B8%D1%82%D1%81%D1%8F+%D0%BD%D0%B0+%D1%80%D0%B0%D1%81%D1%81%D0%BC%D0%BE%D1%82%D1%80%D0%B5%D0%BD%D0%B8%D0%B8+%D0%B0%D0%B4%D0%BC%D0%B8%D0%BD%D0%B8%D1%81%D1%82%D1%80%D0%B0%D1%86%D0%B8%D0%B8 HTTP/1.1" 200 724
Sat, 12 May 2018 20:05:48 ERROR    IntegrityError occurred, args=('UNIQUE constraint failed: First_4_answers.UserTelegrammID',)
Traceback (most recent call last):
  File "C:\Program Files\Python36\lib\site-packages\telebot\util.py", line 59, in run
    task(*args, **kwargs)
  File "C:/Users/БорсовН/Documents/GitHub/python/Дз по python/Дз8/ТЗ/TZ_code.py", line 115, in finalStepOfRegistration
    cursorConnectionAndWrite("First_4_answers", myArray)
  File "C:/Users/БорсовН/Documents/GitHub/python/Дз по python/Дз8/ТЗ/TZ_code.py", line 98, in cursorConnectionAndWrite
    cursor.execute("insert into %s values %s" %(tableName,insertingTurpleWithValues))
sqlite3.IntegrityError: UNIQUE constraint failed: First_4_answers.UserTelegrammID

Sat, 12 May 2018 20:14:01 DEBUG    Starting new HTTPS connection (1): api.telegram.org
Sat, 12 May 2018 20:14:01 DEBUG    https://api.telegram.org:443 "POST /bot597935817:AAGAbCwCGnHD7yqsGLbPKXj1pNn-NaD8bCs/sendMessage?chat_id=562036772&text=%D0%92%D0%B0%D1%81+%D0%BF%D1%80%D0%B8%D0%B2%D0%B5%D1%82%D1%81%D1%82%D0%B2%D1%83%D0%B5%D1%82+%D0%B1%D0%BE%D1%82+DigitalCitizen%2C+%D0%B7%D0%B4%D0%B5%D1%81%D1%8C+%D0%B2%D1%8B+%D0%BC%D0%BE%D0%B6%D0%B5%D1%82%D0%B5+%D0%BF%D0%BE%D0%B4%D0%B0%D1%82%D1%8C+%D0%B2%D0%B0%D1%88%D1%83+%D0%B6%D0%B0%D0%BB%D0%BE%D0%B1%D1%83 HTTP/1.1" 200 570
Sat, 12 May 2018 20:14:06 DEBUG    https://api.telegram.org:443 "POST /bot597935817:AAGAbCwCGnHD7yqsGLbPKXj1pNn-NaD8bCs/sendMessage?chat_id=562036772&text=Whats+your+name%3F HTTP/1.1" 200 280
Sat, 12 May 2018 20:14:10 DEBUG    https://api.telegram.org:443 "GET /bot597935817:AAGAbCwCGnHD7yqsGLbPKXj1pNn-NaD8bCs/getUpdates?offset=461431632&timeout=20 HTTP/1.1" 200 351
Sat, 12 May 2018 20:14:10 DEBUG    Starting new HTTPS connection (1): api.telegram.org
Sat, 12 May 2018 20:14:11 DEBUG    https://api.telegram.org:443 "POST /bot597935817:AAGAbCwCGnHD7yqsGLbPKXj1pNn-NaD8bCs/sendMessage?chat_id=562036772&text=Write+your+addres+and+city HTTP/1.1" 200 290
Sat, 12 May 2018 20:14:12 DEBUG    https://api.telegram.org:443 "GET /bot597935817:AAGAbCwCGnHD7yqsGLbPKXj1pNn-NaD8bCs/getUpdates?offset=461431633&timeout=20 HTTP/1.1" 200 357
Sat, 12 May 2018 20:14:12 DEBUG    https://api.telegram.org:443 "POST /bot597935817:AAGAbCwCGnHD7yqsGLbPKXj1pNn-NaD8bCs/sendMessage?chat_id=562036772&text=How+old+are+you%3F HTTP/1.1" 200 280
Sat, 12 May 2018 20:14:14 DEBUG    https://api.telegram.org:443 "GET /bot597935817:AAGAbCwCGnHD7yqsGLbPKXj1pNn-NaD8bCs/getUpdates?offset=461431634&timeout=20 HTTP/1.1" 200 363
Sat, 12 May 2018 20:14:14 DEBUG    https://api.telegram.org:443 "POST /bot597935817:AAGAbCwCGnHD7yqsGLbPKXj1pNn-NaD8bCs/sendMessage?chat_id=562036772&text=Write+essence+of+complaint HTTP/1.1" 200 290
Sat, 12 May 2018 20:14:19 DEBUG    https://api.telegram.org:443 "GET /bot597935817:AAGAbCwCGnHD7yqsGLbPKXj1pNn-NaD8bCs/getUpdates?offset=461431635&timeout=20 HTTP/1.1" 200 369
Sat, 12 May 2018 20:14:20 DEBUG    https://api.telegram.org:443 "POST /bot597935817:AAGAbCwCGnHD7yqsGLbPKXj1pNn-NaD8bCs/sendMessage?chat_id=562036772&text=%D0%95%D1%81%D0%BB%D0%B8+%D0%B2%D1%81%D0%B5+%D0%B4%D0%B0%D0%BD%D0%BD%D1%8B%D0%B5+%D0%B2%D0%B5%D1%80%D0%BD%D1%8B+%D0%BD%D0%B0%D0%B6%D0%BC%D0%B8%D1%82%D0%B5+%27%D0%9E%D1%82%D0%BF%D1%80%D0%B0%D0%B2%D0%B8%D1%82%D1%8C%27%2C+%D0%B2+%D0%BF%D1%80%D0%BE%D1%82%D0%B8%D0%B2%D0%BD%D0%BE%D0%BC+%D1%81%D0%BB%D1%83%D1%87%D0%B0%D0%B5+%D0%B2%D0%B2%D0%B5%D0%B4%D0%B8%D1%82%D0%B5+%D0%B4%D0%B0%D0%BD%D0%BD%D1%8B%D0%B5+%D0%B7%D0%B0%D0%BD%D0%BE%D0%B2%D0%BE+%D0%BD%D0%B0%D0%B6%D0%B0%D0%B2+%D0%BD%D0%B0+%2Fstart&reply_markup=%7B%22keyboard%22%3A+%5B%5B%7B%22text%22%3A+%22%5Cu041e%5Cu0442%5Cu043f%5Cu0440%5Cu0430%5Cu0432%5Cu0438%5Cu0442%5Cu044c%22%7D%5D%5D%2C+%22one_time_keyboard%22%3A+true%2C+%22resize_keyboard%22%3A+true%7D HTTP/1.1" 200 802
Sat, 12 May 2018 20:14:25 DEBUG    https://api.telegram.org:443 "GET /bot597935817:AAGAbCwCGnHD7yqsGLbPKXj1pNn-NaD8bCs/getUpdates?offset=461431636&timeout=20 HTTP/1.1" 200 387
Sat, 12 May 2018 20:14:25 DEBUG    https://api.telegram.org:443 "POST /bot597935817:AAGAbCwCGnHD7yqsGLbPKXj1pNn-NaD8bCs/sendMessage?chat_id=562036772&text=%D0%9F%D0%BE%D0%B7%D0%B4%D1%80%D0%B0%D0%B2%D0%BB%D1%8F%D1%8E+%D0%B2%D1%8B+%D0%BF%D1%80%D0%BE%D1%88%D0%BB%D0%B8+%D1%80%D0%B5%D0%B3%D0%B8%D1%81%D1%82%D1%80%D0%B0%D1%86%D0%B8%D1%8E%2C+%D0%B2%D0%B0%D1%88%D0%B0+%D0%B7%D0%B0%D1%8F%D0%B2%D0%BA%D0%B0+%D0%BD%D0%B0%D1%85%D0%BE%D0%B4%D0%B8%D1%82%D1%81%D1%8F+%D0%BD%D0%B0+%D1%80%D0%B0%D1%81%D1%81%D0%BC%D0%BE%D1%82%D1%80%D0%B5%D0%BD%D0%B8%D0%B8+%D0%B0%D0%B4%D0%BC%D0%B8%D0%BD%D0%B8%D1%81%D1%82%D1%80%D0%B0%D1%86%D0%B8%D0%B8 HTTP/1.1" 200 724
Sat, 12 May 2018 20:14:25 ERROR    IntegrityError occurred, args=('UNIQUE constraint failed: First_4_answers.UserTelegrammID',)
Traceback (most recent call last):
  File "C:\Program Files\Python36\lib\site-packages\telebot\util.py", line 59, in run
    task(*args, **kwargs)
  File "C:/Users/БорсовН/Documents/GitHub/python/Дз по python/Дз8/ТЗ/TZ_code.py", line 119, in finalStepOfRegistration
    cursorConnectionAndWrite("First_4_answers", myArray)
  File "C:/Users/БорсовН/Documents/GitHub/python/Дз по python/Дз8/ТЗ/TZ_code.py", line 102, in cursorConnectionAndWrite
    cursor.execute("insert into %s values %s" %(tableName,insertingTurpleWithValues))
sqlite3.IntegrityError: UNIQUE constraint failed: First_4_answers.UserTelegrammID

Sat, 12 May 2018 20:25:00 DEBUG    Starting new HTTPS connection (1): api.telegram.org
Sat, 12 May 2018 20:25:06 DEBUG    https://api.telegram.org:443 "GET /bot597935817:AAGAbCwCGnHD7yqsGLbPKXj1pNn-NaD8bCs/getUpdates?offset=461431641&timeout=20 HTTP/1.1" 200 358
Sat, 12 May 2018 20:25:06 DEBUG    Starting new HTTPS connection (1): api.telegram.org
Sat, 12 May 2018 20:25:06 DEBUG    https://api.telegram.org:443 "POST /bot597935817:AAGAbCwCGnHD7yqsGLbPKXj1pNn-NaD8bCs/sendMessage?chat_id=554000331&text=%D0%92%D0%B0%D1%81+%D0%BF%D1%80%D0%B8%D0%B2%D0%B5%D1%82%D1%81%D1%82%D0%B2%D1%83%D0%B5%D1%82+%D0%B1%D0%BE%D1%82+DigitalCitizen%2C+%D0%B7%D0%B4%D0%B5%D1%81%D1%8C+%D0%B2%D1%8B+%D0%BC%D0%BE%D0%B6%D0%B5%D1%82%D0%B5+%D0%BF%D0%BE%D0%B4%D0%B0%D1%82%D1%8C+%D0%B2%D0%B0%D1%88%D1%83+%D0%B6%D0%B0%D0%BB%D0%BE%D0%B1%D1%83 HTTP/1.1" 200 552
Sat, 12 May 2018 20:25:06 DEBUG    https://api.telegram.org:443 "POST /bot597935817:AAGAbCwCGnHD7yqsGLbPKXj1pNn-NaD8bCs/sendMessage?chat_id=554000331&text=Whats+your+name%3F HTTP/1.1" 200 262
Sat, 12 May 2018 20:25:06 DEBUG    https://api.telegram.org:443 "POST /bot597935817:AAGAbCwCGnHD7yqsGLbPKXj1pNn-NaD8bCs/sendMessage?chat_id=554000331&text=%D0%92%D0%B0%D1%81+%D0%BF%D1%80%D0%B8%D0%B2%D0%B5%D1%82%D1%81%D1%82%D0%B2%D1%83%D0%B5%D1%82+%D0%B1%D0%BE%D1%82+DigitalCitizen%2C+%D0%B7%D0%B4%D0%B5%D1%81%D1%8C+%D0%B2%D1%8B+%D0%BC%D0%BE%D0%B6%D0%B5%D1%82%D0%B5+%D0%BF%D0%BE%D0%B4%D0%B0%D1%82%D1%8C+%D0%B2%D0%B0%D1%88%D1%83+%D0%B6%D0%B0%D0%BB%D0%BE%D0%B1%D1%83 HTTP/1.1" 200 552
Sat, 12 May 2018 20:25:06 DEBUG    https://api.telegram.org:443 "POST /bot597935817:AAGAbCwCGnHD7yqsGLbPKXj1pNn-NaD8bCs/sendMessage?chat_id=554000331&text=Whats+your+name%3F HTTP/1.1" 200 262
Sat, 12 May 2018 20:25:13 DEBUG    https://api.telegram.org:443 "GET /bot597935817:AAGAbCwCGnHD7yqsGLbPKXj1pNn-NaD8bCs/getUpdates?offset=461431642&timeout=20 HTTP/1.1" 200 300
Sat, 12 May 2018 20:25:14 DEBUG    https://api.telegram.org:443 "POST /bot597935817:AAGAbCwCGnHD7yqsGLbPKXj1pNn-NaD8bCs/sendMessage?chat_id=554000331&text=Write+your+addres+and+city HTTP/1.1" 200 272
Sat, 12 May 2018 20:25:14 DEBUG    https://api.telegram.org:443 "POST /bot597935817:AAGAbCwCGnHD7yqsGLbPKXj1pNn-NaD8bCs/sendMessage?chat_id=554000331&text=Write+your+addres+and+city HTTP/1.1" 200 272
Sat, 12 May 2018 20:25:28 DEBUG    https://api.telegram.org:443 "GET /bot597935817:AAGAbCwCGnHD7yqsGLbPKXj1pNn-NaD8bCs/getUpdates?offset=461431643&timeout=20 HTTP/1.1" 200 302
Sat, 12 May 2018 20:25:28 DEBUG    https://api.telegram.org:443 "POST /bot597935817:AAGAbCwCGnHD7yqsGLbPKXj1pNn-NaD8bCs/sendMessage?chat_id=554000331&text=Write+essence+of+complaint HTTP/1.1" 200 272
Sat, 12 May 2018 20:25:28 DEBUG    https://api.telegram.org:443 "POST /bot597935817:AAGAbCwCGnHD7yqsGLbPKXj1pNn-NaD8bCs/sendMessage?chat_id=554000331&text=Write+essence+of+complaint HTTP/1.1" 200 272
Sat, 12 May 2018 20:25:28 ERROR    IndexError occurred, args=('list assignment index out of range',)
Traceback (most recent call last):
  File "C:\Program Files\Python36\lib\site-packages\telebot\util.py", line 59, in run
    task(*args, **kwargs)
  File "C:/Users/БорсовН/Documents/GitHub/python/Дз по python/Дз8/ТЗ/TZ_code.py", line 85, in test
    questioning(message)
  File "C:/Users/БорсовН/Documents/GitHub/python/Дз по python/Дз8/ТЗ/TZ_code.py", line 66, in questioning
    del results[0]
IndexError: list assignment index out of range

Sat, 12 May 2018 20:25:56 DEBUG    Starting new HTTPS connection (1): api.telegram.org
Sat, 12 May 2018 20:25:56 DEBUG    https://api.telegram.org:443 "POST /bot597935817:AAGAbCwCGnHD7yqsGLbPKXj1pNn-NaD8bCs/sendMessage?chat_id=554000331&text=%D0%92%D0%B0%D1%81+%D0%BF%D1%80%D0%B8%D0%B2%D0%B5%D1%82%D1%81%D1%82%D0%B2%D1%83%D0%B5%D1%82+%D0%B1%D0%BE%D1%82+DigitalCitizen%2C+%D0%B7%D0%B4%D0%B5%D1%81%D1%8C+%D0%B2%D1%8B+%D0%BC%D0%BE%D0%B6%D0%B5%D1%82%D0%B5+%D0%BF%D0%BE%D0%B4%D0%B0%D1%82%D1%8C+%D0%B2%D0%B0%D1%88%D1%83+%D0%B6%D0%B0%D0%BB%D0%BE%D0%B1%D1%83 HTTP/1.1" 200 552
Sat, 12 May 2018 20:25:57 DEBUG    https://api.telegram.org:443 "POST /bot597935817:AAGAbCwCGnHD7yqsGLbPKXj1pNn-NaD8bCs/sendMessage?chat_id=554000331&text=Whats+your+name%3F HTTP/1.1" 200 262
Sat, 12 May 2018 20:26:06 DEBUG    https://api.telegram.org:443 "GET /bot597935817:AAGAbCwCGnHD7yqsGLbPKXj1pNn-NaD8bCs/getUpdates?offset=461431646&timeout=20 HTTP/1.1" 200 303
Sat, 12 May 2018 20:26:06 DEBUG    Starting new HTTPS connection (1): api.telegram.org
Sat, 12 May 2018 20:26:06 DEBUG    https://api.telegram.org:443 "POST /bot597935817:AAGAbCwCGnHD7yqsGLbPKXj1pNn-NaD8bCs/sendMessage?chat_id=554000331&text=Write+your+addres+and+city HTTP/1.1" 200 272
Sat, 12 May 2018 20:26:15 DEBUG    https://api.telegram.org:443 "GET /bot597935817:AAGAbCwCGnHD7yqsGLbPKXj1pNn-NaD8bCs/getUpdates?offset=461431647&timeout=20 HTTP/1.1" 200 302
Sat, 12 May 2018 20:26:15 DEBUG    https://api.telegram.org:443 "POST /bot597935817:AAGAbCwCGnHD7yqsGLbPKXj1pNn-NaD8bCs/sendMessage?chat_id=554000331&text=How+old+are+you%3F HTTP/1.1" 200 262
Sat, 12 May 2018 20:26:22 DEBUG    https://api.telegram.org:443 "GET /bot597935817:AAGAbCwCGnHD7yqsGLbPKXj1pNn-NaD8bCs/getUpdates?offset=461431648&timeout=20 HTTP/1.1" 200 318
Sat, 12 May 2018 20:26:22 DEBUG    https://api.telegram.org:443 "POST /bot597935817:AAGAbCwCGnHD7yqsGLbPKXj1pNn-NaD8bCs/sendMessage?chat_id=554000331&text=Write+essence+of+complaint HTTP/1.1" 200 272
Sat, 12 May 2018 20:26:37 DEBUG    https://api.telegram.org:443 "GET /bot597935817:AAGAbCwCGnHD7yqsGLbPKXj1pNn-NaD8bCs/getUpdates?offset=461431649&timeout=20 HTTP/1.1" 200 316
Sat, 12 May 2018 20:26:37 DEBUG    https://api.telegram.org:443 "POST /bot597935817:AAGAbCwCGnHD7yqsGLbPKXj1pNn-NaD8bCs/sendMessage?chat_id=554000331&text=%D0%95%D1%81%D0%BB%D0%B8+%D0%B2%D1%81%D0%B5+%D0%B4%D0%B0%D0%BD%D0%BD%D1%8B%D0%B5+%D0%B2%D0%B5%D1%80%D0%BD%D1%8B+%D0%BD%D0%B0%D0%B6%D0%BC%D0%B8%D1%82%D0%B5+%27%D0%9E%D1%82%D0%BF%D1%80%D0%B0%D0%B2%D0%B8%D1%82%D1%8C%27%2C+%D0%B2+%D0%BF%D1%80%D0%BE%D1%82%D0%B8%D0%B2%D0%BD%D0%BE%D0%BC+%D1%81%D0%BB%D1%83%D1%87%D0%B0%D0%B5+%D0%B2%D0%B2%D0%B5%D0%B4%D0%B8%D1%82%D0%B5+%D0%B4%D0%B0%D0%BD%D0%BD%D1%8B%D0%B5+%D0%B7%D0%B0%D0%BD%D0%BE%D0%B2%D0%BE+%D0%BD%D0%B0%D0%B6%D0%B0%D0%B2+%D0%BD%D0%B0+%2Fstart&reply_markup=%7B%22keyboard%22%3A+%5B%5B%7B%22text%22%3A+%22%5Cu041e%5Cu0442%5Cu043f%5Cu0440%5Cu0430%5Cu0432%5Cu0438%5Cu0442%5Cu044c%22%7D%5D%5D%2C+%22one_time_keyboard%22%3A+true%2C+%22resize_keyboard%22%3A+true%7D HTTP/1.1" 200 784
Sat, 12 May 2018 20:26:39 DEBUG    https://api.telegram.org:443 "GET /bot597935817:AAGAbCwCGnHD7yqsGLbPKXj1pNn-NaD8bCs/getUpdates?offset=461431650&timeout=20 HTTP/1.1" 200 348
Sat, 12 May 2018 20:26:39 DEBUG    https://api.telegram.org:443 "POST /bot597935817:AAGAbCwCGnHD7yqsGLbPKXj1pNn-NaD8bCs/sendMessage?chat_id=554000331&text=%D0%9F%D0%BE%D0%B7%D0%B4%D1%80%D0%B0%D0%B2%D0%BB%D1%8F%D1%8E+%D0%B2%D1%8B+%D0%BF%D1%80%D0%BE%D1%88%D0%BB%D0%B8+%D1%80%D0%B5%D0%B3%D0%B8%D1%81%D1%82%D1%80%D0%B0%D1%86%D0%B8%D1%8E%2C+%D0%B2%D0%B0%D1%88%D0%B0+%D0%B7%D0%B0%D1%8F%D0%B2%D0%BA%D0%B0+%D0%BD%D0%B0%D1%85%D0%BE%D0%B4%D0%B8%D1%82%D1%81%D1%8F+%D0%BD%D0%B0+%D1%80%D0%B0%D1%81%D1%81%D0%BC%D0%BE%D1%82%D1%80%D0%B5%D0%BD%D0%B8%D0%B8+%D0%B0%D0%B4%D0%BC%D0%B8%D0%BD%D0%B8%D1%81%D1%82%D1%80%D0%B0%D1%86%D0%B8%D0%B8 HTTP/1.1" 200 706
Sat, 12 May 2018 20:26:59 DEBUG    https://api.telegram.org:443 "GET /bot597935817:AAGAbCwCGnHD7yqsGLbPKXj1pNn-NaD8bCs/getUpdates?offset=461431651&timeout=20 HTTP/1.1" 200 23
Sat, 12 May 2018 20:27:15 DEBUG    https://api.telegram.org:443 "GET /bot597935817:AAGAbCwCGnHD7yqsGLbPKXj1pNn-NaD8bCs/getUpdates?offset=461431651&timeout=20 HTTP/1.1" 200 358
Sat, 12 May 2018 20:27:15 DEBUG    https://api.telegram.org:443 "POST /bot597935817:AAGAbCwCGnHD7yqsGLbPKXj1pNn-NaD8bCs/sendMessage?chat_id=554000331&text=%D0%92%D0%B0%D1%88%D0%B0+%D0%B7%D0%B0%D1%8F%D0%B2%D0%BA%D0%B0+%D0%BD%D0%B0+%D1%80%D0%B0%D1%81%D1%81%D0%BC%D0%BE%D1%82%D1%80%D0%B5%D0%BD%D0%B8%D0%B8 HTTP/1.1" 200 393
Sat, 12 May 2018 20:27:26 DEBUG    https://api.telegram.org:443 "GET /bot597935817:AAGAbCwCGnHD7yqsGLbPKXj1pNn-NaD8bCs/getUpdates?offset=461431652&timeout=20 HTTP/1.1" 200 358
Sat, 12 May 2018 20:27:26 DEBUG    https://api.telegram.org:443 "POST /bot597935817:AAGAbCwCGnHD7yqsGLbPKXj1pNn-NaD8bCs/sendMessage?chat_id=554000331&text=%D0%92%D0%B0%D1%88%D0%B0+%D0%B7%D0%B0%D1%8F%D0%B2%D0%BA%D0%B0+%D0%BD%D0%B0+%D1%80%D0%B0%D1%81%D1%81%D0%BC%D0%BE%D1%82%D1%80%D0%B5%D0%BD%D0%B8%D0%B8 HTTP/1.1" 200 393
Sat, 12 May 2018 20:27:27 DEBUG    https://api.telegram.org:443 "GET /bot597935817:AAGAbCwCGnHD7yqsGLbPKXj1pNn-NaD8bCs/getUpdates?offset=461431653&timeout=20 HTTP/1.1" 200 358
Sat, 12 May 2018 20:27:28 DEBUG    https://api.telegram.org:443 "POST /bot597935817:AAGAbCwCGnHD7yqsGLbPKXj1pNn-NaD8bCs/sendMessage?chat_id=554000331&text=%D0%92%D0%B0%D1%88%D0%B0+%D0%B7%D0%B0%D1%8F%D0%B2%D0%BA%D0%B0+%D0%BD%D0%B0+%D1%80%D0%B0%D1%81%D1%81%D0%BC%D0%BE%D1%82%D1%80%D0%B5%D0%BD%D0%B8%D0%B8 HTTP/1.1" 200 393
Sat, 12 May 2018 20:27:37 DEBUG    https://api.telegram.org:443 "GET /bot597935817:AAGAbCwCGnHD7yqsGLbPKXj1pNn-NaD8bCs/getUpdates?offset=461431654&timeout=20 HTTP/1.1" 200 358
Sat, 12 May 2018 20:27:37 DEBUG    https://api.telegram.org:443 "POST /bot597935817:AAGAbCwCGnHD7yqsGLbPKXj1pNn-NaD8bCs/sendMessage?chat_id=554000331&text=%D0%92%D1%8B+%D0%B7%D0%B0%D1%80%D0%B5%D0%B3%D0%B8%D1%81%D1%82%D1%80%D0%B8%D1%80%D0%BE%D0%B2%D0%B0%D0%BD%D1%8B+%D0%BA%D0%B0%D0%BA+%D0%BF%D0%BE%D0%BB%D1%8C%D0%B7%D0%BE%D0%B2%D0%B0%D1%82%D0%B5%D0%BB%D1%8C+%D0%BD%D0%BE+%D0%BF%D0%BE%D0%BA%D0%B0+%D0%B4%D0%B0%D0%BB%D1%8C%D1%88%D0%B5+%D0%BD%D0%B8%D1%87%D0%B5%D0%B3%D0%BE+%D0%BD%D0%B5%D1%82+ HTTP/1.1" 200 578
Sat, 12 May 2018 20:27:58 DEBUG    https://api.telegram.org:443 "GET /bot597935817:AAGAbCwCGnHD7yqsGLbPKXj1pNn-NaD8bCs/getUpdates?offset=461431655&timeout=20 HTTP/1.1" 200 23
Sat, 12 May 2018 20:28:18 DEBUG    https://api.telegram.org:443 "GET /bot597935817:AAGAbCwCGnHD7yqsGLbPKXj1pNn-NaD8bCs/getUpdates?offset=461431655&timeout=20 HTTP/1.1" 200 23
Sat, 12 May 2018 20:28:27 DEBUG    https://api.telegram.org:443 "GET /bot597935817:AAGAbCwCGnHD7yqsGLbPKXj1pNn-NaD8bCs/getUpdates?offset=461431655&timeout=20 HTTP/1.1" 409 143
Sat, 12 May 2018 20:28:27 ERROR    ApiException occurred, args=('A request to the Telegram API was unsuccessful. The server returned HTTP 409 Conflict. Response body:\n[b\'{"ok":false,"error_code":409,"description":"Conflict: terminated by other getUpdates request; make sure that only one bot instance is running"}\']',)
Traceback (most recent call last):
  File "C:\Program Files\Python36\lib\site-packages\telebot\util.py", line 59, in run
    task(*args, **kwargs)
  File "C:\Program Files\Python36\lib\site-packages\telebot\__init__.py", line 159, in __retrieve_updates
    updates = self.get_updates(offset=(self.last_update_id + 1), timeout=timeout)
  File "C:\Program Files\Python36\lib\site-packages\telebot\__init__.py", line 129, in get_updates
    json_updates = apihelper.get_updates(self.token, offset, limit, timeout, allowed_updates)
  File "C:\Program Files\Python36\lib\site-packages\telebot\apihelper.py", line 175, in get_updates
    return _make_request(token, method_url, params=payload)
  File "C:\Program Files\Python36\lib\site-packages\telebot\apihelper.py", line 56, in _make_request
    return _check_result(method_name, result)['result']
  File "C:\Program Files\Python36\lib\site-packages\telebot\apihelper.py", line 75, in _check_result
    raise ApiException(msg, method_name, result)
telebot.apihelper.ApiException: A request to the Telegram API was unsuccessful. The server returned HTTP 409 Conflict. Response body:
[b'{"ok":false,"error_code":409,"description":"Conflict: terminated by other getUpdates request; make sure that only one bot instance is running"}']

Sat, 12 May 2018 20:28:27 ERROR    A request to the Telegram API was unsuccessful. The server returned HTTP 409 Conflict. Response body:
[b'{"ok":false,"error_code":409,"description":"Conflict: terminated by other getUpdates request; make sure that only one bot instance is running"}']
Sat, 12 May 2018 20:28:31 DEBUG    https://api.telegram.org:443 "GET /bot597935817:AAGAbCwCGnHD7yqsGLbPKXj1pNn-NaD8bCs/getUpdates?offset=461431655&timeout=20 HTTP/1.1" 409 143
Sat, 12 May 2018 20:28:31 ERROR    ApiException occurred, args=('A request to the Telegram API was unsuccessful. The server returned HTTP 409 Conflict. Response body:\n[b\'{"ok":false,"error_code":409,"description":"Conflict: terminated by other getUpdates request; make sure that only one bot instance is running"}\']',)
Traceback (most recent call last):
  File "C:\Program Files\Python36\lib\site-packages\telebot\util.py", line 59, in run
    task(*args, **kwargs)
  File "C:\Program Files\Python36\lib\site-packages\telebot\__init__.py", line 159, in __retrieve_updates
    updates = self.get_updates(offset=(self.last_update_id + 1), timeout=timeout)
  File "C:\Program Files\Python36\lib\site-packages\telebot\__init__.py", line 129, in get_updates
    json_updates = apihelper.get_updates(self.token, offset, limit, timeout, allowed_updates)
  File "C:\Program Files\Python36\lib\site-packages\telebot\apihelper.py", line 175, in get_updates
    return _make_request(token, method_url, params=payload)
  File "C:\Program Files\Python36\lib\site-packages\telebot\apihelper.py", line 56, in _make_request
    return _check_result(method_name, result)['result']
  File "C:\Program Files\Python36\lib\site-packages\telebot\apihelper.py", line 75, in _check_result
    raise ApiException(msg, method_name, result)
telebot.apihelper.ApiException: A request to the Telegram API was unsuccessful. The server returned HTTP 409 Conflict. Response body:
[b'{"ok":false,"error_code":409,"description":"Conflict: terminated by other getUpdates request; make sure that only one bot instance is running"}']

Sat, 12 May 2018 20:28:31 ERROR    A request to the Telegram API was unsuccessful. The server returned HTTP 409 Conflict. Response body:
[b'{"ok":false,"error_code":409,"description":"Conflict: terminated by other getUpdates request; make sure that only one bot instance is running"}']
Sat, 12 May 2018 20:28:35 DEBUG    https://api.telegram.org:443 "GET /bot597935817:AAGAbCwCGnHD7yqsGLbPKXj1pNn-NaD8bCs/getUpdates?offset=461431655&timeout=20 HTTP/1.1" 409 143
Sat, 12 May 2018 20:28:35 ERROR    ApiException occurred, args=('A request to the Telegram API was unsuccessful. The server returned HTTP 409 Conflict. Response body:\n[b\'{"ok":false,"error_code":409,"description":"Conflict: terminated by other getUpdates request; make sure that only one bot instance is running"}\']',)
Traceback (most recent call last):
  File "C:\Program Files\Python36\lib\site-packages\telebot\util.py", line 59, in run
    task(*args, **kwargs)
  File "C:\Program Files\Python36\lib\site-packages\telebot\__init__.py", line 159, in __retrieve_updates
    updates = self.get_updates(offset=(self.last_update_id + 1), timeout=timeout)
  File "C:\Program Files\Python36\lib\site-packages\telebot\__init__.py", line 129, in get_updates
    json_updates = apihelper.get_updates(self.token, offset, limit, timeout, allowed_updates)
  File "C:\Program Files\Python36\lib\site-packages\telebot\apihelper.py", line 175, in get_updates
    return _make_request(token, method_url, params=payload)
  File "C:\Program Files\Python36\lib\site-packages\telebot\apihelper.py", line 56, in _make_request
    return _check_result(method_name, result)['result']
  File "C:\Program Files\Python36\lib\site-packages\telebot\apihelper.py", line 75, in _check_result
    raise ApiException(msg, method_name, result)
telebot.apihelper.ApiException: A request to the Telegram API was unsuccessful. The server returned HTTP 409 Conflict. Response body:
[b'{"ok":false,"error_code":409,"description":"Conflict: terminated by other getUpdates request; make sure that only one bot instance is running"}']

Sat, 12 May 2018 20:28:35 ERROR    A request to the Telegram API was unsuccessful. The server returned HTTP 409 Conflict. Response body:
[b'{"ok":false,"error_code":409,"description":"Conflict: terminated by other getUpdates request; make sure that only one bot instance is running"}']
Sun, 13 May 2018 14:10:43 DEBUG    Starting new HTTPS connection (1): api.telegram.org
Sun, 13 May 2018 14:10:43 DEBUG    Starting new HTTPS connection (1): api.telegram.org
Sun, 13 May 2018 14:10:43 DEBUG    https://api.telegram.org:443 "POST /bot597935817:AAGAbCwCGnHD7yqsGLbPKXj1pNn-NaD8bCs/sendMessage?chat_id=462417264&text=%D0%92%D0%B0%D1%81+%D0%BF%D1%80%D0%B8%D0%B2%D0%B5%D1%82%D1%81%D1%82%D0%B2%D1%83%D0%B5%D1%82+%D0%B1%D0%BE%D1%82+DigitalCitizen%2C+%D0%B7%D0%B4%D0%B5%D1%81%D1%8C+%D0%B2%D1%8B+%D0%BC%D0%BE%D0%B6%D0%B5%D1%82%D0%B5+%D0%BF%D0%BE%D0%B4%D0%B0%D1%82%D1%8C+%D0%B2%D0%B0%D1%88%D1%83+%D0%B6%D0%B0%D0%BB%D0%BE%D0%B1%D1%83 HTTP/1.1" 200 574
Sun, 13 May 2018 14:10:43 DEBUG    https://api.telegram.org:443 "POST /bot597935817:AAGAbCwCGnHD7yqsGLbPKXj1pNn-NaD8bCs/sendMessage?chat_id=462417264&text=%D0%92%D0%B0%D1%81+%D0%BF%D1%80%D0%B8%D0%B2%D0%B5%D1%82%D1%81%D1%82%D0%B2%D1%83%D0%B5%D1%82+%D0%B1%D0%BE%D1%82+DigitalCitizen%2C+%D0%B7%D0%B4%D0%B5%D1%81%D1%8C+%D0%B2%D1%8B+%D0%BC%D0%BE%D0%B6%D0%B5%D1%82%D0%B5+%D0%BF%D0%BE%D0%B4%D0%B0%D1%82%D1%8C+%D0%B2%D0%B0%D1%88%D1%83+%D0%B6%D0%B0%D0%BB%D0%BE%D0%B1%D1%83 HTTP/1.1" 200 574
Sun, 13 May 2018 14:10:44 DEBUG    https://api.telegram.org:443 "POST /bot597935817:AAGAbCwCGnHD7yqsGLbPKXj1pNn-NaD8bCs/sendMessage?chat_id=462417264&text=Whats+your+name%3F HTTP/1.1" 200 284
Sun, 13 May 2018 14:10:44 DEBUG    https://api.telegram.org:443 "POST /bot597935817:AAGAbCwCGnHD7yqsGLbPKXj1pNn-NaD8bCs/sendMessage?chat_id=462417264&text=Whats+your+name%3F HTTP/1.1" 200 284
Sun, 13 May 2018 14:10:44 DEBUG    https://api.telegram.org:443 "POST /bot597935817:AAGAbCwCGnHD7yqsGLbPKXj1pNn-NaD8bCs/sendMessage?chat_id=462417264&text=%D0%92%D0%B0%D1%81+%D0%BF%D1%80%D0%B8%D0%B2%D0%B5%D1%82%D1%81%D1%82%D0%B2%D1%83%D0%B5%D1%82+%D0%B1%D0%BE%D1%82+DigitalCitizen%2C+%D0%B7%D0%B4%D0%B5%D1%81%D1%8C+%D0%B2%D1%8B+%D0%BC%D0%BE%D0%B6%D0%B5%D1%82%D0%B5+%D0%BF%D0%BE%D0%B4%D0%B0%D1%82%D1%8C+%D0%B2%D0%B0%D1%88%D1%83+%D0%B6%D0%B0%D0%BB%D0%BE%D0%B1%D1%83 HTTP/1.1" 200 574
Sun, 13 May 2018 14:10:44 DEBUG    https://api.telegram.org:443 "POST /bot597935817:AAGAbCwCGnHD7yqsGLbPKXj1pNn-NaD8bCs/sendMessage?chat_id=462417264&text=%D0%92%D0%B0%D1%81+%D0%BF%D1%80%D0%B8%D0%B2%D0%B5%D1%82%D1%81%D1%82%D0%B2%D1%83%D0%B5%D1%82+%D0%B1%D0%BE%D1%82+DigitalCitizen%2C+%D0%B7%D0%B4%D0%B5%D1%81%D1%8C+%D0%B2%D1%8B+%D0%BC%D0%BE%D0%B6%D0%B5%D1%82%D0%B5+%D0%BF%D0%BE%D0%B4%D0%B0%D1%82%D1%8C+%D0%B2%D0%B0%D1%88%D1%83+%D0%B6%D0%B0%D0%BB%D0%BE%D0%B1%D1%83 HTTP/1.1" 200 574
Sun, 13 May 2018 14:10:44 DEBUG    https://api.telegram.org:443 "POST /bot597935817:AAGAbCwCGnHD7yqsGLbPKXj1pNn-NaD8bCs/sendMessage?chat_id=462417264&text=Whats+your+name%3F HTTP/1.1" 200 284
Sun, 13 May 2018 14:10:44 DEBUG    https://api.telegram.org:443 "POST /bot597935817:AAGAbCwCGnHD7yqsGLbPKXj1pNn-NaD8bCs/sendMessage?chat_id=462417264&text=Whats+your+name%3F HTTP/1.1" 200 284
Sun, 13 May 2018 14:12:45 DEBUG    Starting new HTTPS connection (1): api.telegram.org
Sun, 13 May 2018 14:12:46 DEBUG    https://api.telegram.org:443 "POST /bot597935817:AAGAbCwCGnHD7yqsGLbPKXj1pNn-NaD8bCs/sendMessage?chat_id=462417264&text=%D0%92%D0%B0%D1%81+%D0%BF%D1%80%D0%B8%D0%B2%D0%B5%D1%82%D1%81%D1%82%D0%B2%D1%83%D0%B5%D1%82+%D0%B1%D0%BE%D1%82+DigitalCitizen%2C+%D0%B7%D0%B4%D0%B5%D1%81%D1%8C+%D0%B2%D1%8B+%D0%BC%D0%BE%D0%B6%D0%B5%D1%82%D0%B5+%D0%BF%D0%BE%D0%B4%D0%B0%D1%82%D1%8C+%D0%B2%D0%B0%D1%88%D1%83+%D0%B6%D0%B0%D0%BB%D0%BE%D0%B1%D1%83 HTTP/1.1" 200 574
Sun, 13 May 2018 14:12:46 DEBUG    https://api.telegram.org:443 "POST /bot597935817:AAGAbCwCGnHD7yqsGLbPKXj1pNn-NaD8bCs/sendMessage?chat_id=462417264&text=Whats+your+name%3F HTTP/1.1" 200 284
Sun, 13 May 2018 14:12:52 DEBUG    https://api.telegram.org:443 "GET /bot597935817:AAGAbCwCGnHD7yqsGLbPKXj1pNn-NaD8bCs/getUpdates?offset=461431671&timeout=20 HTTP/1.1" 200 377
Sun, 13 May 2018 14:12:52 DEBUG    https://api.telegram.org:443 "POST /bot597935817:AAGAbCwCGnHD7yqsGLbPKXj1pNn-NaD8bCs/sendMessage?chat_id=462417264&text=Write+your+addres+and+city HTTP/1.1" 200 294
Sun, 13 May 2018 14:13:01 DEBUG    https://api.telegram.org:443 "GET /bot597935817:AAGAbCwCGnHD7yqsGLbPKXj1pNn-NaD8bCs/getUpdates?offset=461431672&timeout=20 HTTP/1.1" 200 421
Sun, 13 May 2018 14:13:01 DEBUG    https://api.telegram.org:443 "POST /bot597935817:AAGAbCwCGnHD7yqsGLbPKXj1pNn-NaD8bCs/sendMessage?chat_id=462417264&text=How+old+are+you%3F HTTP/1.1" 200 284
Sun, 13 May 2018 14:13:06 DEBUG    https://api.telegram.org:443 "GET /bot597935817:AAGAbCwCGnHD7yqsGLbPKXj1pNn-NaD8bCs/getUpdates?offset=461431673&timeout=20 HTTP/1.1" 200 343
Sun, 13 May 2018 14:13:06 DEBUG    Starting new HTTPS connection (1): api.telegram.org
Sun, 13 May 2018 14:13:07 DEBUG    https://api.telegram.org:443 "POST /bot597935817:AAGAbCwCGnHD7yqsGLbPKXj1pNn-NaD8bCs/sendMessage?chat_id=462417264&text=Write+essence+of+complaint HTTP/1.1" 200 294
Sun, 13 May 2018 14:13:14 DEBUG    https://api.telegram.org:443 "GET /bot597935817:AAGAbCwCGnHD7yqsGLbPKXj1pNn-NaD8bCs/getUpdates?offset=461431674&timeout=20 HTTP/1.1" 200 414
Sun, 13 May 2018 14:13:14 DEBUG    https://api.telegram.org:443 "POST /bot597935817:AAGAbCwCGnHD7yqsGLbPKXj1pNn-NaD8bCs/sendMessage?chat_id=462417264&text=%D0%95%D1%81%D0%BB%D0%B8+%D0%B2%D1%81%D0%B5+%D0%B4%D0%B0%D0%BD%D0%BD%D1%8B%D0%B5+%D0%B2%D0%B5%D1%80%D0%BD%D1%8B+%D0%BD%D0%B0%D0%B6%D0%BC%D0%B8%D1%82%D0%B5+%27%D0%9E%D1%82%D0%BF%D1%80%D0%B0%D0%B2%D0%B8%D1%82%D1%8C%27%2C+%D0%B2+%D0%BF%D1%80%D0%BE%D1%82%D0%B8%D0%B2%D0%BD%D0%BE%D0%BC+%D1%81%D0%BB%D1%83%D1%87%D0%B0%D0%B5+%D0%B2%D0%B2%D0%B5%D0%B4%D0%B8%D1%82%D0%B5+%D0%B4%D0%B0%D0%BD%D0%BD%D1%8B%D0%B5+%D0%B7%D0%B0%D0%BD%D0%BE%D0%B2%D0%BE+%D0%BD%D0%B0%D0%B6%D0%B0%D0%B2+%D0%BD%D0%B0+%2Fstart&reply_markup=%7B%22keyboard%22%3A+%5B%5B%7B%22text%22%3A+%22%5Cu041e%5Cu0442%5Cu043f%5Cu0440%5Cu0430%5Cu0432%5Cu0438%5Cu0442%5Cu044c%22%7D%5D%5D%2C+%22one_time_keyboard%22%3A+true%2C+%22resize_keyboard%22%3A+true%7D HTTP/1.1" 200 806
Sun, 13 May 2018 14:13:19 DEBUG    https://api.telegram.org:443 "GET /bot597935817:AAGAbCwCGnHD7yqsGLbPKXj1pNn-NaD8bCs/getUpdates?offset=461431675&timeout=20 HTTP/1.1" 200 395
Sun, 13 May 2018 14:13:19 DEBUG    https://api.telegram.org:443 "POST /bot597935817:AAGAbCwCGnHD7yqsGLbPKXj1pNn-NaD8bCs/sendMessage?chat_id=462417264&text=%D0%9F%D0%BE%D0%B7%D0%B4%D1%80%D0%B0%D0%B2%D0%BB%D1%8F%D1%8E+%D0%B2%D1%8B+%D0%BF%D1%80%D0%BE%D1%88%D0%BB%D0%B8+%D1%80%D0%B5%D0%B3%D0%B8%D1%81%D1%82%D1%80%D0%B0%D1%86%D0%B8%D1%8E%2C+%D0%B2%D0%B0%D1%88%D0%B0+%D0%B7%D0%B0%D1%8F%D0%B2%D0%BA%D0%B0+%D0%BD%D0%B0%D1%85%D0%BE%D0%B4%D0%B8%D1%82%D1%81%D1%8F+%D0%BD%D0%B0+%D1%80%D0%B0%D1%81%D1%81%D0%BC%D0%BE%D1%82%D1%80%D0%B5%D0%BD%D0%B8%D0%B8+%D0%B0%D0%B4%D0%BC%D0%B8%D0%BD%D0%B8%D1%81%D1%82%D1%80%D0%B0%D1%86%D0%B8%D0%B8 HTTP/1.1" 200 728
Sun, 13 May 2018 14:13:39 DEBUG    https://api.telegram.org:443 "GET /bot597935817:AAGAbCwCGnHD7yqsGLbPKXj1pNn-NaD8bCs/getUpdates?offset=461431676&timeout=20 HTTP/1.1" 200 23
Sun, 13 May 2018 14:13:59 DEBUG    https://api.telegram.org:443 "GET /bot597935817:AAGAbCwCGnHD7yqsGLbPKXj1pNn-NaD8bCs/getUpdates?offset=461431676&timeout=20 HTTP/1.1" 200 23
Sun, 13 May 2018 14:14:19 DEBUG    https://api.telegram.org:443 "GET /bot597935817:AAGAbCwCGnHD7yqsGLbPKXj1pNn-NaD8bCs/getUpdates?offset=461431676&timeout=20 HTTP/1.1" 200 23
Sun, 13 May 2018 14:14:39 DEBUG    https://api.telegram.org:443 "GET /bot597935817:AAGAbCwCGnHD7yqsGLbPKXj1pNn-NaD8bCs/getUpdates?offset=461431676&timeout=20 HTTP/1.1" 200 23
Sun, 13 May 2018 14:14:59 DEBUG    https://api.telegram.org:443 "GET /bot597935817:AAGAbCwCGnHD7yqsGLbPKXj1pNn-NaD8bCs/getUpdates?offset=461431676&timeout=20 HTTP/1.1" 200 23
Sun, 13 May 2018 14:15:19 DEBUG    https://api.telegram.org:443 "GET /bot597935817:AAGAbCwCGnHD7yqsGLbPKXj1pNn-NaD8bCs/getUpdates?offset=461431676&timeout=20 HTTP/1.1" 200 23
Sun, 13 May 2018 14:15:40 DEBUG    https://api.telegram.org:443 "GET /bot597935817:AAGAbCwCGnHD7yqsGLbPKXj1pNn-NaD8bCs/getUpdates?offset=461431676&timeout=20 HTTP/1.1" 200 23
Sun, 13 May 2018 14:16:00 DEBUG    https://api.telegram.org:443 "GET /bot597935817:AAGAbCwCGnHD7yqsGLbPKXj1pNn-NaD8bCs/getUpdates?offset=461431676&timeout=20 HTTP/1.1" 200 23
Sun, 13 May 2018 14:16:20 DEBUG    https://api.telegram.org:443 "GET /bot597935817:AAGAbCwCGnHD7yqsGLbPKXj1pNn-NaD8bCs/getUpdates?offset=461431676&timeout=20 HTTP/1.1" 200 23
Sun, 13 May 2018 14:16:40 DEBUG    https://api.telegram.org:443 "GET /bot597935817:AAGAbCwCGnHD7yqsGLbPKXj1pNn-NaD8bCs/getUpdates?offset=461431676&timeout=20 HTTP/1.1" 200 23
Sun, 13 May 2018 14:17:00 DEBUG    https://api.telegram.org:443 "GET /bot597935817:AAGAbCwCGnHD7yqsGLbPKXj1pNn-NaD8bCs/getUpdates?offset=461431676&timeout=20 HTTP/1.1" 200 23
Sun, 13 May 2018 14:17:20 DEBUG    https://api.telegram.org:443 "GET /bot597935817:AAGAbCwCGnHD7yqsGLbPKXj1pNn-NaD8bCs/getUpdates?offset=461431676&timeout=20 HTTP/1.1" 200 23
Sun, 13 May 2018 14:17:40 DEBUG    https://api.telegram.org:443 "GET /bot597935817:AAGAbCwCGnHD7yqsGLbPKXj1pNn-NaD8bCs/getUpdates?offset=461431676&timeout=20 HTTP/1.1" 200 23
Sun, 13 May 2018 14:18:00 DEBUG    https://api.telegram.org:443 "GET /bot597935817:AAGAbCwCGnHD7yqsGLbPKXj1pNn-NaD8bCs/getUpdates?offset=461431676&timeout=20 HTTP/1.1" 200 23
Sun, 13 May 2018 14:18:20 DEBUG    https://api.telegram.org:443 "GET /bot597935817:AAGAbCwCGnHD7yqsGLbPKXj1pNn-NaD8bCs/getUpdates?offset=461431676&timeout=20 HTTP/1.1" 200 23
Sun, 13 May 2018 14:18:42 DEBUG    https://api.telegram.org:443 "GET /bot597935817:AAGAbCwCGnHD7yqsGLbPKXj1pNn-NaD8bCs/getUpdates?offset=461431676&timeout=20 HTTP/1.1" 200 23
Sun, 13 May 2018 14:19:02 DEBUG    https://api.telegram.org:443 "GET /bot597935817:AAGAbCwCGnHD7yqsGLbPKXj1pNn-NaD8bCs/getUpdates?offset=461431676&timeout=20 HTTP/1.1" 200 23
Sun, 13 May 2018 14:19:22 DEBUG    https://api.telegram.org:443 "GET /bot597935817:AAGAbCwCGnHD7yqsGLbPKXj1pNn-NaD8bCs/getUpdates?offset=461431676&timeout=20 HTTP/1.1" 200 23
Sun, 13 May 2018 14:19:43 DEBUG    https://api.telegram.org:443 "GET /bot597935817:AAGAbCwCGnHD7yqsGLbPKXj1pNn-NaD8bCs/getUpdates?offset=461431676&timeout=20 HTTP/1.1" 200 23
Sun, 13 May 2018 14:20:03 DEBUG    https://api.telegram.org:443 "GET /bot597935817:AAGAbCwCGnHD7yqsGLbPKXj1pNn-NaD8bCs/getUpdates?offset=461431676&timeout=20 HTTP/1.1" 200 23
Sun, 13 May 2018 14:20:23 DEBUG    https://api.telegram.org:443 "GET /bot597935817:AAGAbCwCGnHD7yqsGLbPKXj1pNn-NaD8bCs/getUpdates?offset=461431676&timeout=20 HTTP/1.1" 200 23
Sun, 13 May 2018 14:20:43 DEBUG    https://api.telegram.org:443 "GET /bot597935817:AAGAbCwCGnHD7yqsGLbPKXj1pNn-NaD8bCs/getUpdates?offset=461431676&timeout=20 HTTP/1.1" 200 23
Sun, 13 May 2018 14:21:03 DEBUG    https://api.telegram.org:443 "GET /bot597935817:AAGAbCwCGnHD7yqsGLbPKXj1pNn-NaD8bCs/getUpdates?offset=461431676&timeout=20 HTTP/1.1" 200 23
Sun, 13 May 2018 14:21:10 DEBUG    https://api.telegram.org:443 "GET /bot597935817:AAGAbCwCGnHD7yqsGLbPKXj1pNn-NaD8bCs/getUpdates?offset=461431676&timeout=20 HTTP/1.1" 200 405
Sun, 13 May 2018 14:21:10 DEBUG    https://api.telegram.org:443 "POST /bot597935817:AAGAbCwCGnHD7yqsGLbPKXj1pNn-NaD8bCs/sendMessage?chat_id=462417264&text=%22%D0%A1%D1%82%D0%B0%D1%82%D1%83%D1%81+%D0%B2%D0%B0%D1%88%D0%B5%D0%B9+%D0%B7%D0%B0%D1%8F%D0%B2%D0%BA%D0%B8%3A+%D0%92%D0%B0%D1%88%D0%B0+%D0%B7%D0%B0%D1%8F%D0%B2%D0%BA%D0%B0+%D0%BD%D0%B0+%D1%80%D0%B0%D1%81%D1%81%D0%BC%D0%BE%D1%82%D1%80%D0%B5%D0%BD%D0%B8%D0%B8%22+ HTTP/1.1" 200 525
Sun, 13 May 2018 14:21:11 DEBUG    https://api.telegram.org:443 "POST /bot597935817:AAGAbCwCGnHD7yqsGLbPKXj1pNn-NaD8bCs/sendMessage?chat_id=462417264&text=%D0%B4%D0%BB%D1%8F+%D0%BF%D1%80%D0%BE%D1%81%D0%BC%D0%BE%D1%82%D1%80%D0%B0+%D0%B2%D0%B0%D1%88%D0%B5%D0%B3%D0%BE+%D1%81%D1%82%D0%B0%D1%82%D1%83%D1%81%D0%B0+%D0%B5%D1%89%D0%B5+%D1%80%D0%B0%D0%B7+%D0%BE%D1%82%D0%BF%D1%80%D0%B0%D0%B2%D1%8C%D1%82%D0%B5+%2Fstart HTTP/1.1" 200 580
Sun, 13 May 2018 14:21:30 DEBUG    https://api.telegram.org:443 "GET /bot597935817:AAGAbCwCGnHD7yqsGLbPKXj1pNn-NaD8bCs/getUpdates?offset=461431677&timeout=20 HTTP/1.1" 200 23
Sun, 13 May 2018 14:21:51 DEBUG    https://api.telegram.org:443 "GET /bot597935817:AAGAbCwCGnHD7yqsGLbPKXj1pNn-NaD8bCs/getUpdates?offset=461431677&timeout=20 HTTP/1.1" 200 23
Sun, 13 May 2018 14:22:11 DEBUG    https://api.telegram.org:443 "GET /bot597935817:AAGAbCwCGnHD7yqsGLbPKXj1pNn-NaD8bCs/getUpdates?offset=461431677&timeout=20 HTTP/1.1" 200 23
Sun, 13 May 2018 14:22:31 DEBUG    https://api.telegram.org:443 "GET /bot597935817:AAGAbCwCGnHD7yqsGLbPKXj1pNn-NaD8bCs/getUpdates?offset=461431677&timeout=20 HTTP/1.1" 200 23
Sun, 13 May 2018 14:22:51 DEBUG    https://api.telegram.org:443 "GET /bot597935817:AAGAbCwCGnHD7yqsGLbPKXj1pNn-NaD8bCs/getUpdates?offset=461431677&timeout=20 HTTP/1.1" 200 23
Sun, 13 May 2018 14:23:11 DEBUG    https://api.telegram.org:443 "GET /bot597935817:AAGAbCwCGnHD7yqsGLbPKXj1pNn-NaD8bCs/getUpdates?offset=461431677&timeout=20 HTTP/1.1" 200 23
Sun, 13 May 2018 14:23:31 DEBUG    https://api.telegram.org:443 "GET /bot597935817:AAGAbCwCGnHD7yqsGLbPKXj1pNn-NaD8bCs/getUpdates?offset=461431677&timeout=20 HTTP/1.1" 200 23
Sun, 13 May 2018 14:23:51 DEBUG    https://api.telegram.org:443 "GET /bot597935817:AAGAbCwCGnHD7yqsGLbPKXj1pNn-NaD8bCs/getUpdates?offset=461431677&timeout=20 HTTP/1.1" 200 23
Sun, 13 May 2018 14:24:12 DEBUG    https://api.telegram.org:443 "GET /bot597935817:AAGAbCwCGnHD7yqsGLbPKXj1pNn-NaD8bCs/getUpdates?offset=461431677&timeout=20 HTTP/1.1" 200 23
Sun, 13 May 2018 14:24:32 DEBUG    https://api.telegram.org:443 "GET /bot597935817:AAGAbCwCGnHD7yqsGLbPKXj1pNn-NaD8bCs/getUpdates?offset=461431677&timeout=20 HTTP/1.1" 200 23
Sun, 13 May 2018 14:24:52 DEBUG    https://api.telegram.org:443 "GET /bot597935817:AAGAbCwCGnHD7yqsGLbPKXj1pNn-NaD8bCs/getUpdates?offset=461431677&timeout=20 HTTP/1.1" 200 23
Sun, 13 May 2018 14:25:12 DEBUG    https://api.telegram.org:443 "GET /bot597935817:AAGAbCwCGnHD7yqsGLbPKXj1pNn-NaD8bCs/getUpdates?offset=461431677&timeout=20 HTTP/1.1" 200 23
Sun, 13 May 2018 14:25:32 DEBUG    https://api.telegram.org:443 "GET /bot597935817:AAGAbCwCGnHD7yqsGLbPKXj1pNn-NaD8bCs/getUpdates?offset=461431677&timeout=20 HTTP/1.1" 200 23
Sun, 13 May 2018 14:25:53 DEBUG    https://api.telegram.org:443 "GET /bot597935817:AAGAbCwCGnHD7yqsGLbPKXj1pNn-NaD8bCs/getUpdates?offset=461431677&timeout=20 HTTP/1.1" 200 23
Sun, 13 May 2018 14:26:13 DEBUG    https://api.telegram.org:443 "GET /bot597935817:AAGAbCwCGnHD7yqsGLbPKXj1pNn-NaD8bCs/getUpdates?offset=461431677&timeout=20 HTTP/1.1" 200 23
Sun, 13 May 2018 14:26:33 DEBUG    https://api.telegram.org:443 "GET /bot597935817:AAGAbCwCGnHD7yqsGLbPKXj1pNn-NaD8bCs/getUpdates?offset=461431677&timeout=20 HTTP/1.1" 200 23
Sun, 13 May 2018 14:26:53 DEBUG    https://api.telegram.org:443 "GET /bot597935817:AAGAbCwCGnHD7yqsGLbPKXj1pNn-NaD8bCs/getUpdates?offset=461431677&timeout=20 HTTP/1.1" 200 23
Sun, 13 May 2018 14:27:14 DEBUG    https://api.telegram.org:443 "GET /bot597935817:AAGAbCwCGnHD7yqsGLbPKXj1pNn-NaD8bCs/getUpdates?offset=461431677&timeout=20 HTTP/1.1" 200 23
Sun, 13 May 2018 14:27:34 DEBUG    https://api.telegram.org:443 "GET /bot597935817:AAGAbCwCGnHD7yqsGLbPKXj1pNn-NaD8bCs/getUpdates?offset=461431677&timeout=20 HTTP/1.1" 200 23
Sun, 13 May 2018 14:27:54 DEBUG    https://api.telegram.org:443 "GET /bot597935817:AAGAbCwCGnHD7yqsGLbPKXj1pNn-NaD8bCs/getUpdates?offset=461431677&timeout=20 HTTP/1.1" 200 23
Sun, 13 May 2018 14:28:14 DEBUG    https://api.telegram.org:443 "GET /bot597935817:AAGAbCwCGnHD7yqsGLbPKXj1pNn-NaD8bCs/getUpdates?offset=461431677&timeout=20 HTTP/1.1" 200 23
Sun, 13 May 2018 14:28:34 DEBUG    https://api.telegram.org:443 "GET /bot597935817:AAGAbCwCGnHD7yqsGLbPKXj1pNn-NaD8bCs/getUpdates?offset=461431677&timeout=20 HTTP/1.1" 200 23
Sun, 13 May 2018 14:28:55 DEBUG    https://api.telegram.org:443 "GET /bot597935817:AAGAbCwCGnHD7yqsGLbPKXj1pNn-NaD8bCs/getUpdates?offset=461431677&timeout=20 HTTP/1.1" 200 23
Sun, 13 May 2018 14:29:15 DEBUG    https://api.telegram.org:443 "GET /bot597935817:AAGAbCwCGnHD7yqsGLbPKXj1pNn-NaD8bCs/getUpdates?offset=461431677&timeout=20 HTTP/1.1" 200 23
Sun, 13 May 2018 14:29:35 DEBUG    https://api.telegram.org:443 "GET /bot597935817:AAGAbCwCGnHD7yqsGLbPKXj1pNn-NaD8bCs/getUpdates?offset=461431677&timeout=20 HTTP/1.1" 200 23
Sun, 13 May 2018 14:29:55 DEBUG    https://api.telegram.org:443 "GET /bot597935817:AAGAbCwCGnHD7yqsGLbPKXj1pNn-NaD8bCs/getUpdates?offset=461431677&timeout=20 HTTP/1.1" 200 23
Sun, 13 May 2018 14:30:15 DEBUG    https://api.telegram.org:443 "GET /bot597935817:AAGAbCwCGnHD7yqsGLbPKXj1pNn-NaD8bCs/getUpdates?offset=461431677&timeout=20 HTTP/1.1" 200 23
Sun, 13 May 2018 14:30:35 DEBUG    https://api.telegram.org:443 "GET /bot597935817:AAGAbCwCGnHD7yqsGLbPKXj1pNn-NaD8bCs/getUpdates?offset=461431677&timeout=20 HTTP/1.1" 200 23
Sun, 13 May 2018 14:30:55 DEBUG    https://api.telegram.org:443 "GET /bot597935817:AAGAbCwCGnHD7yqsGLbPKXj1pNn-NaD8bCs/getUpdates?offset=461431677&timeout=20 HTTP/1.1" 200 23
Sun, 13 May 2018 14:31:15 DEBUG    https://api.telegram.org:443 "GET /bot597935817:AAGAbCwCGnHD7yqsGLbPKXj1pNn-NaD8bCs/getUpdates?offset=461431677&timeout=20 HTTP/1.1" 200 23
Sun, 13 May 2018 14:31:35 DEBUG    https://api.telegram.org:443 "GET /bot597935817:AAGAbCwCGnHD7yqsGLbPKXj1pNn-NaD8bCs/getUpdates?offset=461431677&timeout=20 HTTP/1.1" 200 23
Sun, 13 May 2018 14:31:56 DEBUG    https://api.telegram.org:443 "GET /bot597935817:AAGAbCwCGnHD7yqsGLbPKXj1pNn-NaD8bCs/getUpdates?offset=461431677&timeout=20 HTTP/1.1" 200 23
Sun, 13 May 2018 14:32:16 DEBUG    https://api.telegram.org:443 "GET /bot597935817:AAGAbCwCGnHD7yqsGLbPKXj1pNn-NaD8bCs/getUpdates?offset=461431677&timeout=20 HTTP/1.1" 200 23
Sun, 13 May 2018 14:32:36 DEBUG    https://api.telegram.org:443 "GET /bot597935817:AAGAbCwCGnHD7yqsGLbPKXj1pNn-NaD8bCs/getUpdates?offset=461431677&timeout=20 HTTP/1.1" 200 23
Sun, 13 May 2018 14:32:56 DEBUG    https://api.telegram.org:443 "GET /bot597935817:AAGAbCwCGnHD7yqsGLbPKXj1pNn-NaD8bCs/getUpdates?offset=461431677&timeout=20 HTTP/1.1" 200 23
Sun, 13 May 2018 14:33:16 DEBUG    https://api.telegram.org:443 "GET /bot597935817:AAGAbCwCGnHD7yqsGLbPKXj1pNn-NaD8bCs/getUpdates?offset=461431677&timeout=20 HTTP/1.1" 200 23
Sun, 13 May 2018 14:33:36 DEBUG    https://api.telegram.org:443 "GET /bot597935817:AAGAbCwCGnHD7yqsGLbPKXj1pNn-NaD8bCs/getUpdates?offset=461431677&timeout=20 HTTP/1.1" 200 23
Sun, 13 May 2018 14:33:56 DEBUG    https://api.telegram.org:443 "GET /bot597935817:AAGAbCwCGnHD7yqsGLbPKXj1pNn-NaD8bCs/getUpdates?offset=461431677&timeout=20 HTTP/1.1" 200 23
Sun, 13 May 2018 14:34:16 DEBUG    https://api.telegram.org:443 "GET /bot597935817:AAGAbCwCGnHD7yqsGLbPKXj1pNn-NaD8bCs/getUpdates?offset=461431677&timeout=20 HTTP/1.1" 200 23
Sun, 13 May 2018 14:34:36 DEBUG    https://api.telegram.org:443 "GET /bot597935817:AAGAbCwCGnHD7yqsGLbPKXj1pNn-NaD8bCs/getUpdates?offset=461431677&timeout=20 HTTP/1.1" 200 23
Sun, 13 May 2018 14:34:56 DEBUG    https://api.telegram.org:443 "GET /bot597935817:AAGAbCwCGnHD7yqsGLbPKXj1pNn-NaD8bCs/getUpdates?offset=461431677&timeout=20 HTTP/1.1" 200 23
Sun, 13 May 2018 14:35:17 DEBUG    https://api.telegram.org:443 "GET /bot597935817:AAGAbCwCGnHD7yqsGLbPKXj1pNn-NaD8bCs/getUpdates?offset=461431677&timeout=20 HTTP/1.1" 200 23
Sun, 13 May 2018 14:35:37 DEBUG    https://api.telegram.org:443 "GET /bot597935817:AAGAbCwCGnHD7yqsGLbPKXj1pNn-NaD8bCs/getUpdates?offset=461431677&timeout=20 HTTP/1.1" 200 23
Sun, 13 May 2018 14:35:57 DEBUG    https://api.telegram.org:443 "GET /bot597935817:AAGAbCwCGnHD7yqsGLbPKXj1pNn-NaD8bCs/getUpdates?offset=461431677&timeout=20 HTTP/1.1" 200 23
Sun, 13 May 2018 14:36:17 DEBUG    https://api.telegram.org:443 "GET /bot597935817:AAGAbCwCGnHD7yqsGLbPKXj1pNn-NaD8bCs/getUpdates?offset=461431677&timeout=20 HTTP/1.1" 200 23
Sun, 13 May 2018 14:36:37 DEBUG    https://api.telegram.org:443 "GET /bot597935817:AAGAbCwCGnHD7yqsGLbPKXj1pNn-NaD8bCs/getUpdates?offset=461431677&timeout=20 HTTP/1.1" 200 23
Sun, 13 May 2018 14:36:57 DEBUG    https://api.telegram.org:443 "GET /bot597935817:AAGAbCwCGnHD7yqsGLbPKXj1pNn-NaD8bCs/getUpdates?offset=461431677&timeout=20 HTTP/1.1" 200 23
Sun, 13 May 2018 14:37:17 DEBUG    https://api.telegram.org:443 "GET /bot597935817:AAGAbCwCGnHD7yqsGLbPKXj1pNn-NaD8bCs/getUpdates?offset=461431677&timeout=20 HTTP/1.1" 200 23
Sun, 13 May 2018 14:37:37 DEBUG    https://api.telegram.org:443 "GET /bot597935817:AAGAbCwCGnHD7yqsGLbPKXj1pNn-NaD8bCs/getUpdates?offset=461431677&timeout=20 HTTP/1.1" 200 23
Sun, 13 May 2018 14:37:57 DEBUG    https://api.telegram.org:443 "GET /bot597935817:AAGAbCwCGnHD7yqsGLbPKXj1pNn-NaD8bCs/getUpdates?offset=461431677&timeout=20 HTTP/1.1" 200 23
Sun, 13 May 2018 14:38:18 DEBUG    https://api.telegram.org:443 "GET /bot597935817:AAGAbCwCGnHD7yqsGLbPKXj1pNn-NaD8bCs/getUpdates?offset=461431677&timeout=20 HTTP/1.1" 200 23
Sun, 13 May 2018 14:38:38 DEBUG    https://api.telegram.org:443 "GET /bot597935817:AAGAbCwCGnHD7yqsGLbPKXj1pNn-NaD8bCs/getUpdates?offset=461431677&timeout=20 HTTP/1.1" 200 23
Sun, 13 May 2018 14:38:58 DEBUG    https://api.telegram.org:443 "GET /bot597935817:AAGAbCwCGnHD7yqsGLbPKXj1pNn-NaD8bCs/getUpdates?offset=461431677&timeout=20 HTTP/1.1" 200 23
Sun, 13 May 2018 14:39:18 DEBUG    https://api.telegram.org:443 "GET /bot597935817:AAGAbCwCGnHD7yqsGLbPKXj1pNn-NaD8bCs/getUpdates?offset=461431677&timeout=20 HTTP/1.1" 200 23
Sun, 13 May 2018 14:39:38 DEBUG    https://api.telegram.org:443 "GET /bot597935817:AAGAbCwCGnHD7yqsGLbPKXj1pNn-NaD8bCs/getUpdates?offset=461431677&timeout=20 HTTP/1.1" 200 23
Sun, 13 May 2018 14:39:58 DEBUG    https://api.telegram.org:443 "GET /bot597935817:AAGAbCwCGnHD7yqsGLbPKXj1pNn-NaD8bCs/getUpdates?offset=461431677&timeout=20 HTTP/1.1" 200 23
Sun, 13 May 2018 14:40:18 DEBUG    https://api.telegram.org:443 "GET /bot597935817:AAGAbCwCGnHD7yqsGLbPKXj1pNn-NaD8bCs/getUpdates?offset=461431677&timeout=20 HTTP/1.1" 200 23
Sun, 13 May 2018 14:40:38 DEBUG    https://api.telegram.org:443 "GET /bot597935817:AAGAbCwCGnHD7yqsGLbPKXj1pNn-NaD8bCs/getUpdates?offset=461431677&timeout=20 HTTP/1.1" 200 23
Sun, 13 May 2018 14:40:58 DEBUG    https://api.telegram.org:443 "GET /bot597935817:AAGAbCwCGnHD7yqsGLbPKXj1pNn-NaD8bCs/getUpdates?offset=461431677&timeout=20 HTTP/1.1" 200 23
Sun, 13 May 2018 14:41:18 DEBUG    https://api.telegram.org:443 "GET /bot597935817:AAGAbCwCGnHD7yqsGLbPKXj1pNn-NaD8bCs/getUpdates?offset=461431677&timeout=20 HTTP/1.1" 200 23
Sun, 13 May 2018 14:41:39 DEBUG    https://api.telegram.org:443 "GET /bot597935817:AAGAbCwCGnHD7yqsGLbPKXj1pNn-NaD8bCs/getUpdates?offset=461431677&timeout=20 HTTP/1.1" 200 23
Sun, 13 May 2018 14:42:00 DEBUG    https://api.telegram.org:443 "GET /bot597935817:AAGAbCwCGnHD7yqsGLbPKXj1pNn-NaD8bCs/getUpdates?offset=461431677&timeout=20 HTTP/1.1" 200 23
Sun, 13 May 2018 14:42:20 DEBUG    https://api.telegram.org:443 "GET /bot597935817:AAGAbCwCGnHD7yqsGLbPKXj1pNn-NaD8bCs/getUpdates?offset=461431677&timeout=20 HTTP/1.1" 200 23
Sun, 13 May 2018 14:42:51 ERROR    ReadTimeout occurred, args=(ReadTimeoutError("HTTPSConnectionPool(host='api.telegram.org', port=443): Read timed out. (read timeout=30)",),)
Traceback (most recent call last):
  File "C:\Users\Пользователь\AppData\Local\Programs\Python\Python36-32\lib\site-packages\urllib3\connectionpool.py", line 387, in _make_request
    six.raise_from(e, None)
  File "<string>", line 2, in raise_from
  File "C:\Users\Пользователь\AppData\Local\Programs\Python\Python36-32\lib\site-packages\urllib3\connectionpool.py", line 383, in _make_request
    httplib_response = conn.getresponse()
  File "C:\Users\Пользователь\AppData\Local\Programs\Python\Python36-32\lib\http\client.py", line 1331, in getresponse
    response.begin()
  File "C:\Users\Пользователь\AppData\Local\Programs\Python\Python36-32\lib\http\client.py", line 297, in begin
    version, status, reason = self._read_status()
  File "C:\Users\Пользователь\AppData\Local\Programs\Python\Python36-32\lib\http\client.py", line 258, in _read_status
    line = str(self.fp.readline(_MAXLINE + 1), "iso-8859-1")
  File "C:\Users\Пользователь\AppData\Local\Programs\Python\Python36-32\lib\socket.py", line 586, in readinto
    return self._sock.recv_into(b)
  File "C:\Users\Пользователь\AppData\Local\Programs\Python\Python36-32\lib\ssl.py", line 1009, in recv_into
    return self.read(nbytes, buffer)
  File "C:\Users\Пользователь\AppData\Local\Programs\Python\Python36-32\lib\ssl.py", line 871, in read
    return self._sslobj.read(len, buffer)
  File "C:\Users\Пользователь\AppData\Local\Programs\Python\Python36-32\lib\ssl.py", line 631, in read
    v = self._sslobj.read(len, buffer)
socket.timeout: The read operation timed out

During handling of the above exception, another exception occurred:

Traceback (most recent call last):
  File "C:\Users\Пользователь\AppData\Local\Programs\Python\Python36-32\lib\site-packages\requests\adapters.py", line 440, in send
    timeout=timeout
  File "C:\Users\Пользователь\AppData\Local\Programs\Python\Python36-32\lib\site-packages\urllib3\connectionpool.py", line 639, in urlopen
    _stacktrace=sys.exc_info()[2])
  File "C:\Users\Пользователь\AppData\Local\Programs\Python\Python36-32\lib\site-packages\urllib3\util\retry.py", line 357, in increment
    raise six.reraise(type(error), error, _stacktrace)
  File "C:\Users\Пользователь\AppData\Local\Programs\Python\Python36-32\lib\site-packages\urllib3\packages\six.py", line 686, in reraise
    raise value
  File "C:\Users\Пользователь\AppData\Local\Programs\Python\Python36-32\lib\site-packages\urllib3\connectionpool.py", line 601, in urlopen
    chunked=chunked)
  File "C:\Users\Пользователь\AppData\Local\Programs\Python\Python36-32\lib\site-packages\urllib3\connectionpool.py", line 389, in _make_request
    self._raise_timeout(err=e, url=url, timeout_value=read_timeout)
  File "C:\Users\Пользователь\AppData\Local\Programs\Python\Python36-32\lib\site-packages\urllib3\connectionpool.py", line 309, in _raise_timeout
    raise ReadTimeoutError(self, url, "Read timed out. (read timeout=%s)" % timeout_value)
urllib3.exceptions.ReadTimeoutError: HTTPSConnectionPool(host='api.telegram.org', port=443): Read timed out. (read timeout=30)

During handling of the above exception, another exception occurred:

Traceback (most recent call last):
  File "C:\Users\Пользователь\AppData\Local\Programs\Python\Python36-32\lib\site-packages\telebot\util.py", line 59, in run
    task(*args, **kwargs)
  File "C:\Users\Пользователь\AppData\Local\Programs\Python\Python36-32\lib\site-packages\telebot\__init__.py", line 159, in __retrieve_updates
    updates = self.get_updates(offset=(self.last_update_id + 1), timeout=timeout)
  File "C:\Users\Пользователь\AppData\Local\Programs\Python\Python36-32\lib\site-packages\telebot\__init__.py", line 129, in get_updates
    json_updates = apihelper.get_updates(self.token, offset, limit, timeout, allowed_updates)
  File "C:\Users\Пользователь\AppData\Local\Programs\Python\Python36-32\lib\site-packages\telebot\apihelper.py", line 175, in get_updates
    return _make_request(token, method_url, params=payload)
  File "C:\Users\Пользователь\AppData\Local\Programs\Python\Python36-32\lib\site-packages\telebot\apihelper.py", line 54, in _make_request
    timeout=(connect_timeout, read_timeout), proxies=proxy)
  File "C:\Users\Пользователь\AppData\Local\Programs\Python\Python36-32\lib\site-packages\requests\sessions.py", line 508, in request
    resp = self.send(prep, **send_kwargs)
  File "C:\Users\Пользователь\AppData\Local\Programs\Python\Python36-32\lib\site-packages\requests\sessions.py", line 618, in send
    r = adapter.send(request, **kwargs)
  File "C:\Users\Пользователь\AppData\Local\Programs\Python\Python36-32\lib\site-packages\requests\adapters.py", line 521, in send
    raise ReadTimeout(e, request=request)
requests.exceptions.ReadTimeout: HTTPSConnectionPool(host='api.telegram.org', port=443): Read timed out. (read timeout=30)

Mon, 14 May 2018 22:49:40 DEBUG    Starting new HTTPS connection (1): api.telegram.org
Mon, 14 May 2018 22:49:40 DEBUG    Starting new HTTPS connection (1): api.telegram.org
Mon, 14 May 2018 22:49:40 DEBUG    https://api.telegram.org:443 "POST /bot597935817:AAGAbCwCGnHD7yqsGLbPKXj1pNn-NaD8bCs/sendMessage?chat_id=562036772&text=%D0%92%D0%B0%D1%81+%D0%BF%D1%80%D0%B8%D0%B2%D0%B5%D1%82%D1%81%D1%82%D0%B2%D1%83%D0%B5%D1%82+%D0%B1%D0%BE%D1%82+DigitalCitizen%2C+%D0%B7%D0%B4%D0%B5%D1%81%D1%8C+%D0%B2%D1%8B+%D0%BC%D0%BE%D0%B6%D0%B5%D1%82%D0%B5+%D0%BF%D0%BE%D0%B4%D0%B0%D1%82%D1%8C+%D0%B2%D0%B0%D1%88%D1%83+%D0%B6%D0%B0%D0%BB%D0%BE%D0%B1%D1%83 HTTP/1.1" 200 570
Mon, 14 May 2018 22:49:40 DEBUG    https://api.telegram.org:443 "POST /bot597935817:AAGAbCwCGnHD7yqsGLbPKXj1pNn-NaD8bCs/sendMessage?chat_id=562036772&text=%D0%92%D0%B0%D1%81+%D0%BF%D1%80%D0%B8%D0%B2%D0%B5%D1%82%D1%81%D1%82%D0%B2%D1%83%D0%B5%D1%82+%D0%B1%D0%BE%D1%82+DigitalCitizen%2C+%D0%B7%D0%B4%D0%B5%D1%81%D1%8C+%D0%B2%D1%8B+%D0%BC%D0%BE%D0%B6%D0%B5%D1%82%D0%B5+%D0%BF%D0%BE%D0%B4%D0%B0%D1%82%D1%8C+%D0%B2%D0%B0%D1%88%D1%83+%D0%B6%D0%B0%D0%BB%D0%BE%D0%B1%D1%83 HTTP/1.1" 200 570
Mon, 14 May 2018 22:49:40 DEBUG    https://api.telegram.org:443 "POST /bot597935817:AAGAbCwCGnHD7yqsGLbPKXj1pNn-NaD8bCs/sendMessage?chat_id=562036772&text=Whats+your+name%3F HTTP/1.1" 200 280
Mon, 14 May 2018 22:49:40 DEBUG    https://api.telegram.org:443 "POST /bot597935817:AAGAbCwCGnHD7yqsGLbPKXj1pNn-NaD8bCs/sendMessage?chat_id=562036772&text=Whats+your+name%3F HTTP/1.1" 200 280
Mon, 14 May 2018 22:49:40 DEBUG    https://api.telegram.org:443 "POST /bot597935817:AAGAbCwCGnHD7yqsGLbPKXj1pNn-NaD8bCs/sendMessage?chat_id=562036772&text=%D0%92%D0%B0%D1%81+%D0%BF%D1%80%D0%B8%D0%B2%D0%B5%D1%82%D1%81%D1%82%D0%B2%D1%83%D0%B5%D1%82+%D0%B1%D0%BE%D1%82+DigitalCitizen%2C+%D0%B7%D0%B4%D0%B5%D1%81%D1%8C+%D0%B2%D1%8B+%D0%BC%D0%BE%D0%B6%D0%B5%D1%82%D0%B5+%D0%BF%D0%BE%D0%B4%D0%B0%D1%82%D1%8C+%D0%B2%D0%B0%D1%88%D1%83+%D0%B6%D0%B0%D0%BB%D0%BE%D0%B1%D1%83 HTTP/1.1" 200 570
Mon, 14 May 2018 22:49:40 DEBUG    https://api.telegram.org:443 "POST /bot597935817:AAGAbCwCGnHD7yqsGLbPKXj1pNn-NaD8bCs/sendMessage?chat_id=562036772&text=%D0%92%D0%B0%D1%81+%D0%BF%D1%80%D0%B8%D0%B2%D0%B5%D1%82%D1%81%D1%82%D0%B2%D1%83%D0%B5%D1%82+%D0%B1%D0%BE%D1%82+DigitalCitizen%2C+%D0%B7%D0%B4%D0%B5%D1%81%D1%8C+%D0%B2%D1%8B+%D0%BC%D0%BE%D0%B6%D0%B5%D1%82%D0%B5+%D0%BF%D0%BE%D0%B4%D0%B0%D1%82%D1%8C+%D0%B2%D0%B0%D1%88%D1%83+%D0%B6%D0%B0%D0%BB%D0%BE%D0%B1%D1%83 HTTP/1.1" 200 570
Mon, 14 May 2018 22:49:41 DEBUG    https://api.telegram.org:443 "POST /bot597935817:AAGAbCwCGnHD7yqsGLbPKXj1pNn-NaD8bCs/sendMessage?chat_id=562036772&text=Whats+your+name%3F HTTP/1.1" 200 280
Mon, 14 May 2018 22:49:41 DEBUG    https://api.telegram.org:443 "POST /bot597935817:AAGAbCwCGnHD7yqsGLbPKXj1pNn-NaD8bCs/sendMessage?chat_id=562036772&text=Whats+your+name%3F HTTP/1.1" 200 280
Mon, 14 May 2018 22:49:41 DEBUG    https://api.telegram.org:443 "POST /bot597935817:AAGAbCwCGnHD7yqsGLbPKXj1pNn-NaD8bCs/sendMessage?chat_id=562036772&text=%D0%92%D0%B0%D1%81+%D0%BF%D1%80%D0%B8%D0%B2%D0%B5%D1%82%D1%81%D1%82%D0%B2%D1%83%D0%B5%D1%82+%D0%B1%D0%BE%D1%82+DigitalCitizen%2C+%D0%B7%D0%B4%D0%B5%D1%81%D1%8C+%D0%B2%D1%8B+%D0%BC%D0%BE%D0%B6%D0%B5%D1%82%D0%B5+%D0%BF%D0%BE%D0%B4%D0%B0%D1%82%D1%8C+%D0%B2%D0%B0%D1%88%D1%83+%D0%B6%D0%B0%D0%BB%D0%BE%D0%B1%D1%83 HTTP/1.1" 200 570
Mon, 14 May 2018 22:49:41 DEBUG    https://api.telegram.org:443 "POST /bot597935817:AAGAbCwCGnHD7yqsGLbPKXj1pNn-NaD8bCs/sendMessage?chat_id=562036772&text=%D0%92%D0%B0%D1%81+%D0%BF%D1%80%D0%B8%D0%B2%D0%B5%D1%82%D1%81%D1%82%D0%B2%D1%83%D0%B5%D1%82+%D0%B1%D0%BE%D1%82+DigitalCitizen%2C+%D0%B7%D0%B4%D0%B5%D1%81%D1%8C+%D0%B2%D1%8B+%D0%BC%D0%BE%D0%B6%D0%B5%D1%82%D0%B5+%D0%BF%D0%BE%D0%B4%D0%B0%D1%82%D1%8C+%D0%B2%D0%B0%D1%88%D1%83+%D0%B6%D0%B0%D0%BB%D0%BE%D0%B1%D1%83 HTTP/1.1" 200 570
Mon, 14 May 2018 22:49:41 DEBUG    https://api.telegram.org:443 "POST /bot597935817:AAGAbCwCGnHD7yqsGLbPKXj1pNn-NaD8bCs/sendMessage?chat_id=562036772&text=Whats+your+name%3F HTTP/1.1" 200 280
Mon, 14 May 2018 22:49:41 DEBUG    https://api.telegram.org:443 "POST /bot597935817:AAGAbCwCGnHD7yqsGLbPKXj1pNn-NaD8bCs/sendMessage?chat_id=562036772&text=Whats+your+name%3F HTTP/1.1" 200 280
Mon, 14 May 2018 22:49:41 DEBUG    https://api.telegram.org:443 "POST /bot597935817:AAGAbCwCGnHD7yqsGLbPKXj1pNn-NaD8bCs/sendMessage?chat_id=562036772&text=%D0%92%D0%B0%D1%81+%D0%BF%D1%80%D0%B8%D0%B2%D0%B5%D1%82%D1%81%D1%82%D0%B2%D1%83%D0%B5%D1%82+%D0%B1%D0%BE%D1%82+DigitalCitizen%2C+%D0%B7%D0%B4%D0%B5%D1%81%D1%8C+%D0%B2%D1%8B+%D0%BC%D0%BE%D0%B6%D0%B5%D1%82%D0%B5+%D0%BF%D0%BE%D0%B4%D0%B0%D1%82%D1%8C+%D0%B2%D0%B0%D1%88%D1%83+%D0%B6%D0%B0%D0%BB%D0%BE%D0%B1%D1%83 HTTP/1.1" 200 570
Mon, 14 May 2018 22:49:41 DEBUG    https://api.telegram.org:443 "POST /bot597935817:AAGAbCwCGnHD7yqsGLbPKXj1pNn-NaD8bCs/sendMessage?chat_id=562036772&text=%D0%92%D0%B0%D1%81+%D0%BF%D1%80%D0%B8%D0%B2%D0%B5%D1%82%D1%81%D1%82%D0%B2%D1%83%D0%B5%D1%82+%D0%B1%D0%BE%D1%82+DigitalCitizen%2C+%D0%B7%D0%B4%D0%B5%D1%81%D1%8C+%D0%B2%D1%8B+%D0%BC%D0%BE%D0%B6%D0%B5%D1%82%D0%B5+%D0%BF%D0%BE%D0%B4%D0%B0%D1%82%D1%8C+%D0%B2%D0%B0%D1%88%D1%83+%D0%B6%D0%B0%D0%BB%D0%BE%D0%B1%D1%83 HTTP/1.1" 200 570
Mon, 14 May 2018 22:49:41 DEBUG    https://api.telegram.org:443 "POST /bot597935817:AAGAbCwCGnHD7yqsGLbPKXj1pNn-NaD8bCs/sendMessage?chat_id=562036772&text=Whats+your+name%3F HTTP/1.1" 200 280
Mon, 14 May 2018 22:49:41 DEBUG    https://api.telegram.org:443 "POST /bot597935817:AAGAbCwCGnHD7yqsGLbPKXj1pNn-NaD8bCs/sendMessage?chat_id=562036772&text=Whats+your+name%3F HTTP/1.1" 200 280
Mon, 14 May 2018 22:50:00 DEBUG    https://api.telegram.org:443 "GET /bot597935817:AAGAbCwCGnHD7yqsGLbPKXj1pNn-NaD8bCs/getUpdates?offset=461431799&timeout=20 HTTP/1.1" 200 23
Mon, 14 May 2018 22:50:20 DEBUG    https://api.telegram.org:443 "GET /bot597935817:AAGAbCwCGnHD7yqsGLbPKXj1pNn-NaD8bCs/getUpdates?offset=461431799&timeout=20 HTTP/1.1" 200 23
Mon, 14 May 2018 22:50:40 DEBUG    https://api.telegram.org:443 "GET /bot597935817:AAGAbCwCGnHD7yqsGLbPKXj1pNn-NaD8bCs/getUpdates?offset=461431799&timeout=20 HTTP/1.1" 200 23
Mon, 14 May 2018 22:51:00 DEBUG    https://api.telegram.org:443 "GET /bot597935817:AAGAbCwCGnHD7yqsGLbPKXj1pNn-NaD8bCs/getUpdates?offset=461431799&timeout=20 HTTP/1.1" 200 23
Mon, 14 May 2018 22:51:25 DEBUG    https://api.telegram.org:443 "GET /bot597935817:AAGAbCwCGnHD7yqsGLbPKXj1pNn-NaD8bCs/getUpdates?offset=461431799&timeout=20 HTTP/1.1" 200 23
Mon, 14 May 2018 22:51:47 DEBUG    https://api.telegram.org:443 "GET /bot597935817:AAGAbCwCGnHD7yqsGLbPKXj1pNn-NaD8bCs/getUpdates?offset=461431799&timeout=20 HTTP/1.1" 200 23
Mon, 14 May 2018 22:52:08 DEBUG    https://api.telegram.org:443 "GET /bot597935817:AAGAbCwCGnHD7yqsGLbPKXj1pNn-NaD8bCs/getUpdates?offset=461431799&timeout=20 HTTP/1.1" 200 23
Mon, 14 May 2018 22:52:29 DEBUG    https://api.telegram.org:443 "GET /bot597935817:AAGAbCwCGnHD7yqsGLbPKXj1pNn-NaD8bCs/getUpdates?offset=461431799&timeout=20 HTTP/1.1" 200 23
Mon, 14 May 2018 22:52:52 DEBUG    https://api.telegram.org:443 "GET /bot597935817:AAGAbCwCGnHD7yqsGLbPKXj1pNn-NaD8bCs/getUpdates?offset=461431799&timeout=20 HTTP/1.1" 200 23
Mon, 14 May 2018 22:53:22 ERROR    ReadTimeout occurred, args=(ReadTimeoutError("HTTPSConnectionPool(host='api.telegram.org', port=443): Read timed out. (read timeout=30)",),)
Traceback (most recent call last):
  File "C:\Users\Пользователь\Documents\GitHub\python\Дз по python\Дз8\ТЗ\venv\lib\site-packages\urllib3\connectionpool.py", line 387, in _make_request
    six.raise_from(e, None)
  File "<string>", line 2, in raise_from
  File "C:\Users\Пользователь\Documents\GitHub\python\Дз по python\Дз8\ТЗ\venv\lib\site-packages\urllib3\connectionpool.py", line 383, in _make_request
    httplib_response = conn.getresponse()
  File "C:\Users\Пользователь\AppData\Local\Programs\Python\Python36-32\lib\http\client.py", line 1331, in getresponse
    response.begin()
  File "C:\Users\Пользователь\AppData\Local\Programs\Python\Python36-32\lib\http\client.py", line 297, in begin
    version, status, reason = self._read_status()
  File "C:\Users\Пользователь\AppData\Local\Programs\Python\Python36-32\lib\http\client.py", line 258, in _read_status
    line = str(self.fp.readline(_MAXLINE + 1), "iso-8859-1")
  File "C:\Users\Пользователь\AppData\Local\Programs\Python\Python36-32\lib\socket.py", line 586, in readinto
    return self._sock.recv_into(b)
  File "C:\Users\Пользователь\AppData\Local\Programs\Python\Python36-32\lib\ssl.py", line 1009, in recv_into
    return self.read(nbytes, buffer)
  File "C:\Users\Пользователь\AppData\Local\Programs\Python\Python36-32\lib\ssl.py", line 871, in read
    return self._sslobj.read(len, buffer)
  File "C:\Users\Пользователь\AppData\Local\Programs\Python\Python36-32\lib\ssl.py", line 631, in read
    v = self._sslobj.read(len, buffer)
socket.timeout: The read operation timed out

During handling of the above exception, another exception occurred:

Traceback (most recent call last):
  File "C:\Users\Пользователь\Documents\GitHub\python\Дз по python\Дз8\ТЗ\venv\lib\site-packages\requests\adapters.py", line 440, in send
    timeout=timeout
  File "C:\Users\Пользователь\Documents\GitHub\python\Дз по python\Дз8\ТЗ\venv\lib\site-packages\urllib3\connectionpool.py", line 639, in urlopen
    _stacktrace=sys.exc_info()[2])
  File "C:\Users\Пользователь\Documents\GitHub\python\Дз по python\Дз8\ТЗ\venv\lib\site-packages\urllib3\util\retry.py", line 357, in increment
    raise six.reraise(type(error), error, _stacktrace)
  File "C:\Users\Пользователь\Documents\GitHub\python\Дз по python\Дз8\ТЗ\venv\lib\site-packages\urllib3\packages\six.py", line 686, in reraise
    raise value
  File "C:\Users\Пользователь\Documents\GitHub\python\Дз по python\Дз8\ТЗ\venv\lib\site-packages\urllib3\connectionpool.py", line 601, in urlopen
    chunked=chunked)
  File "C:\Users\Пользователь\Documents\GitHub\python\Дз по python\Дз8\ТЗ\venv\lib\site-packages\urllib3\connectionpool.py", line 389, in _make_request
    self._raise_timeout(err=e, url=url, timeout_value=read_timeout)
  File "C:\Users\Пользователь\Documents\GitHub\python\Дз по python\Дз8\ТЗ\venv\lib\site-packages\urllib3\connectionpool.py", line 309, in _raise_timeout
    raise ReadTimeoutError(self, url, "Read timed out. (read timeout=%s)" % timeout_value)
urllib3.exceptions.ReadTimeoutError: HTTPSConnectionPool(host='api.telegram.org', port=443): Read timed out. (read timeout=30)

During handling of the above exception, another exception occurred:

Traceback (most recent call last):
  File "C:\Users\Пользователь\Documents\GitHub\python\Дз по python\Дз8\ТЗ\venv\lib\site-packages\telebot\util.py", line 59, in run
    task(*args, **kwargs)
  File "C:\Users\Пользователь\Documents\GitHub\python\Дз по python\Дз8\ТЗ\venv\lib\site-packages\telebot\__init__.py", line 158, in __retrieve_updates
    updates = self.get_updates(offset=(self.last_update_id + 1), timeout=timeout)
  File "C:\Users\Пользователь\Documents\GitHub\python\Дз по python\Дз8\ТЗ\venv\lib\site-packages\telebot\__init__.py", line 128, in get_updates
    json_updates = apihelper.get_updates(self.token, offset, limit, timeout, allowed_updates)
  File "C:\Users\Пользователь\Documents\GitHub\python\Дз по python\Дз8\ТЗ\venv\lib\site-packages\telebot\apihelper.py", line 180, in get_updates
    return _make_request(token, method_url, params=payload)
  File "C:\Users\Пользователь\Documents\GitHub\python\Дз по python\Дз8\ТЗ\venv\lib\site-packages\telebot\apihelper.py", line 54, in _make_request
    timeout=(connect_timeout, read_timeout), proxies=proxy)
  File "C:\Users\Пользователь\Documents\GitHub\python\Дз по python\Дз8\ТЗ\venv\lib\site-packages\requests\sessions.py", line 508, in request
    resp = self.send(prep, **send_kwargs)
  File "C:\Users\Пользователь\Documents\GitHub\python\Дз по python\Дз8\ТЗ\venv\lib\site-packages\requests\sessions.py", line 618, in send
    r = adapter.send(request, **kwargs)
  File "C:\Users\Пользователь\Documents\GitHub\python\Дз по python\Дз8\ТЗ\venv\lib\site-packages\requests\adapters.py", line 521, in send
    raise ReadTimeout(e, request=request)
requests.exceptions.ReadTimeout: HTTPSConnectionPool(host='api.telegram.org', port=443): Read timed out. (read timeout=30)

Mon, 14 May 2018 23:00:44 DEBUG    Starting new HTTPS connection (1): api.telegram.org
Mon, 14 May 2018 23:00:44 DEBUG    https://api.telegram.org:443 "POST /bot597935817:AAGAbCwCGnHD7yqsGLbPKXj1pNn-NaD8bCs/sendMessage?chat_id=562036772&text=%D0%92%D0%B0%D1%81+%D0%BF%D1%80%D0%B8%D0%B2%D0%B5%D1%82%D1%81%D1%82%D0%B2%D1%83%D0%B5%D1%82+%D0%B1%D0%BE%D1%82+DigitalCitizen%2C+%D0%B7%D0%B4%D0%B5%D1%81%D1%8C+%D0%B2%D1%8B+%D0%BC%D0%BE%D0%B6%D0%B5%D1%82%D0%B5+%D0%BF%D0%BE%D0%B4%D0%B0%D1%82%D1%8C+%D0%B2%D0%B0%D1%88%D1%83+%D0%B6%D0%B0%D0%BB%D0%BE%D0%B1%D1%83 HTTP/1.1" 200 570
Mon, 14 May 2018 23:00:48 DEBUG    https://api.telegram.org:443 "POST /bot597935817:AAGAbCwCGnHD7yqsGLbPKXj1pNn-NaD8bCs/sendMessage?chat_id=562036772&text=Whats+your+name%3F HTTP/1.1" 200 280
Mon, 14 May 2018 23:00:55 DEBUG    https://api.telegram.org:443 "GET /bot597935817:AAGAbCwCGnHD7yqsGLbPKXj1pNn-NaD8bCs/getUpdates?offset=461431800&timeout=20 HTTP/1.1" 200 369
Mon, 14 May 2018 23:00:55 DEBUG    Starting new HTTPS connection (1): api.telegram.org
Mon, 14 May 2018 23:00:55 DEBUG    https://api.telegram.org:443 "POST /bot597935817:AAGAbCwCGnHD7yqsGLbPKXj1pNn-NaD8bCs/sendMessage?chat_id=562036772&text=Write+your+addres+and+city HTTP/1.1" 200 290
Mon, 14 May 2018 23:01:10 DEBUG    https://api.telegram.org:443 "GET /bot597935817:AAGAbCwCGnHD7yqsGLbPKXj1pNn-NaD8bCs/getUpdates?offset=461431801&timeout=20 HTTP/1.1" 200 436
Mon, 14 May 2018 23:01:10 DEBUG    https://api.telegram.org:443 "POST /bot597935817:AAGAbCwCGnHD7yqsGLbPKXj1pNn-NaD8bCs/sendMessage?chat_id=562036772&text=How+old+are+you%3F HTTP/1.1" 200 280
Mon, 14 May 2018 23:01:18 DEBUG    https://api.telegram.org:443 "GET /bot597935817:AAGAbCwCGnHD7yqsGLbPKXj1pNn-NaD8bCs/getUpdates?offset=461431802&timeout=20 HTTP/1.1" 200 335
Mon, 14 May 2018 23:01:19 DEBUG    https://api.telegram.org:443 "POST /bot597935817:AAGAbCwCGnHD7yqsGLbPKXj1pNn-NaD8bCs/sendMessage?chat_id=562036772&text=Write+essence+of+complaint HTTP/1.1" 200 290
Mon, 14 May 2018 23:01:30 DEBUG    https://api.telegram.org:443 "GET /bot597935817:AAGAbCwCGnHD7yqsGLbPKXj1pNn-NaD8bCs/getUpdates?offset=461431803&timeout=20 HTTP/1.1" 200 406
Mon, 14 May 2018 23:01:30 DEBUG    https://api.telegram.org:443 "POST /bot597935817:AAGAbCwCGnHD7yqsGLbPKXj1pNn-NaD8bCs/sendMessage?chat_id=562036772&text=%D0%95%D1%81%D0%BB%D0%B8+%D0%B2%D1%81%D0%B5+%D0%B4%D0%B0%D0%BD%D0%BD%D1%8B%D0%B5+%D0%B2%D0%B5%D1%80%D0%BD%D1%8B+%D0%BD%D0%B0%D0%B6%D0%BC%D0%B8%D1%82%D0%B5+%27%D0%9E%D1%82%D0%BF%D1%80%D0%B0%D0%B2%D0%B8%D1%82%D1%8C%27%2C+%D0%B2+%D0%BF%D1%80%D0%BE%D1%82%D0%B8%D0%B2%D0%BD%D0%BE%D0%BC+%D1%81%D0%BB%D1%83%D1%87%D0%B0%D0%B5+%D0%B2%D0%B2%D0%B5%D0%B4%D0%B8%D1%82%D0%B5+%D0%B4%D0%B0%D0%BD%D0%BD%D1%8B%D0%B5+%D0%B7%D0%B0%D0%BD%D0%BE%D0%B2%D0%BE+%D0%BD%D0%B0%D0%B6%D0%B0%D0%B2+%D0%BD%D0%B0+%2Fstart&reply_markup=%7B%22keyboard%22%3A+%5B%5B%7B%22text%22%3A+%22%5Cu041e%5Cu0442%5Cu043f%5Cu0440%5Cu0430%5Cu0432%5Cu0438%5Cu0442%5Cu044c%22%7D%5D%5D%2C+%22one_time_keyboard%22%3A+true%2C+%22resize_keyboard%22%3A+true%7D HTTP/1.1" 200 802
Mon, 14 May 2018 23:01:34 DEBUG    https://api.telegram.org:443 "GET /bot597935817:AAGAbCwCGnHD7yqsGLbPKXj1pNn-NaD8bCs/getUpdates?offset=461431804&timeout=20 HTTP/1.1" 200 397
Mon, 14 May 2018 23:01:47 DEBUG    https://api.telegram.org:443 "GET /bot597935817:AAGAbCwCGnHD7yqsGLbPKXj1pNn-NaD8bCs/getUpdates?offset=461431805&timeout=20 HTTP/1.1" 200 397
Mon, 14 May 2018 23:01:47 DEBUG    https://api.telegram.org:443 "POST /bot597935817:AAGAbCwCGnHD7yqsGLbPKXj1pNn-NaD8bCs/sendMessage?chat_id=562036772&text=%D0%92%D0%B0%D1%81+%D0%BF%D1%80%D0%B8%D0%B2%D0%B5%D1%82%D1%81%D1%82%D0%B2%D1%83%D0%B5%D1%82+%D0%B1%D0%BE%D1%82+DigitalCitizen%2C+%D0%B7%D0%B4%D0%B5%D1%81%D1%8C+%D0%B2%D1%8B+%D0%BC%D0%BE%D0%B6%D0%B5%D1%82%D0%B5+%D0%BF%D0%BE%D0%B4%D0%B0%D1%82%D1%8C+%D0%B2%D0%B0%D1%88%D1%83+%D0%B6%D0%B0%D0%BB%D0%BE%D0%B1%D1%83 HTTP/1.1" 200 570
Mon, 14 May 2018 23:01:47 DEBUG    https://api.telegram.org:443 "POST /bot597935817:AAGAbCwCGnHD7yqsGLbPKXj1pNn-NaD8bCs/sendMessage?chat_id=562036772&text=Whats+your+name%3F HTTP/1.1" 200 280
Mon, 14 May 2018 23:02:07 DEBUG    https://api.telegram.org:443 "GET /bot597935817:AAGAbCwCGnHD7yqsGLbPKXj1pNn-NaD8bCs/getUpdates?offset=461431806&timeout=20 HTTP/1.1" 200 23
Mon, 14 May 2018 23:02:16 DEBUG    https://api.telegram.org:443 "GET /bot597935817:AAGAbCwCGnHD7yqsGLbPKXj1pNn-NaD8bCs/getUpdates?offset=461431806&timeout=20 HTTP/1.1" 200 369
Mon, 14 May 2018 23:02:16 DEBUG    https://api.telegram.org:443 "POST /bot597935817:AAGAbCwCGnHD7yqsGLbPKXj1pNn-NaD8bCs/sendMessage?chat_id=562036772&text=Write+your+addres+and+city HTTP/1.1" 200 290
Mon, 14 May 2018 23:02:29 DEBUG    https://api.telegram.org:443 "GET /bot597935817:AAGAbCwCGnHD7yqsGLbPKXj1pNn-NaD8bCs/getUpdates?offset=461431807&timeout=20 HTTP/1.1" 200 436
Mon, 14 May 2018 23:02:29 DEBUG    https://api.telegram.org:443 "POST /bot597935817:AAGAbCwCGnHD7yqsGLbPKXj1pNn-NaD8bCs/sendMessage?chat_id=562036772&text=How+old+are+you%3F HTTP/1.1" 200 280
Mon, 14 May 2018 23:02:32 DEBUG    https://api.telegram.org:443 "GET /bot597935817:AAGAbCwCGnHD7yqsGLbPKXj1pNn-NaD8bCs/getUpdates?offset=461431808&timeout=20 HTTP/1.1" 200 335
Mon, 14 May 2018 23:02:32 DEBUG    https://api.telegram.org:443 "POST /bot597935817:AAGAbCwCGnHD7yqsGLbPKXj1pNn-NaD8bCs/sendMessage?chat_id=562036772&text=Write+essence+of+complaint HTTP/1.1" 200 290
Mon, 14 May 2018 23:02:52 DEBUG    https://api.telegram.org:443 "GET /bot597935817:AAGAbCwCGnHD7yqsGLbPKXj1pNn-NaD8bCs/getUpdates?offset=461431809&timeout=20 HTTP/1.1" 200 23
Mon, 14 May 2018 23:02:52 DEBUG    https://api.telegram.org:443 "GET /bot597935817:AAGAbCwCGnHD7yqsGLbPKXj1pNn-NaD8bCs/getUpdates?offset=461431809&timeout=20 HTTP/1.1" 200 466
Mon, 14 May 2018 23:02:52 DEBUG    https://api.telegram.org:443 "POST /bot597935817:AAGAbCwCGnHD7yqsGLbPKXj1pNn-NaD8bCs/sendMessage?chat_id=562036772&text=%D0%95%D1%81%D0%BB%D0%B8+%D0%B2%D1%81%D0%B5+%D0%B4%D0%B0%D0%BD%D0%BD%D1%8B%D0%B5+%D0%B2%D0%B5%D1%80%D0%BD%D1%8B+%D0%BD%D0%B0%D0%B6%D0%BC%D0%B8%D1%82%D0%B5+%27%D0%9E%D1%82%D0%BF%D1%80%D0%B0%D0%B2%D0%B8%D1%82%D1%8C%27%2C+%D0%B2+%D0%BF%D1%80%D0%BE%D1%82%D0%B8%D0%B2%D0%BD%D0%BE%D0%BC+%D1%81%D0%BB%D1%83%D1%87%D0%B0%D0%B5+%D0%B2%D0%B2%D0%B5%D0%B4%D0%B8%D1%82%D0%B5+%D0%B4%D0%B0%D0%BD%D0%BD%D1%8B%D0%B5+%D0%B7%D0%B0%D0%BD%D0%BE%D0%B2%D0%BE+%D0%BD%D0%B0%D0%B6%D0%B0%D0%B2+%D0%BD%D0%B0+%2Fstart&reply_markup=%7B%22keyboard%22%3A+%5B%5B%7B%22text%22%3A+%22%5Cu041e%5Cu0442%5Cu043f%5Cu0440%5Cu0430%5Cu0432%5Cu0438%5Cu0442%5Cu044c%22%7D%5D%5D%2C+%22one_time_keyboard%22%3A+true%2C+%22resize_keyboard%22%3A+true%7D HTTP/1.1" 200 802
Mon, 14 May 2018 23:02:56 DEBUG    https://api.telegram.org:443 "GET /bot597935817:AAGAbCwCGnHD7yqsGLbPKXj1pNn-NaD8bCs/getUpdates?offset=461431810&timeout=20 HTTP/1.1" 200 387
Mon, 14 May 2018 23:02:56 DEBUG    https://api.telegram.org:443 "POST /bot597935817:AAGAbCwCGnHD7yqsGLbPKXj1pNn-NaD8bCs/sendMessage?chat_id=562036772&text=%D0%9F%D0%BE%D0%B7%D0%B4%D1%80%D0%B0%D0%B2%D0%BB%D1%8F%D1%8E+%D0%B2%D1%8B+%D0%BF%D1%80%D0%BE%D1%88%D0%BB%D0%B8+%D1%80%D0%B5%D0%B3%D0%B8%D1%81%D1%82%D1%80%D0%B0%D1%86%D0%B8%D1%8E%2C+%D0%B2%D0%B0%D1%88%D0%B0+%D0%B7%D0%B0%D1%8F%D0%B2%D0%BA%D0%B0+%D0%BD%D0%B0%D1%85%D0%BE%D0%B4%D0%B8%D1%82%D1%81%D1%8F+%D0%BD%D0%B0+%D1%80%D0%B0%D1%81%D1%81%D0%BC%D0%BE%D1%82%D1%80%D0%B5%D0%BD%D0%B8%D0%B8+%D0%B0%D0%B4%D0%BC%D0%B8%D0%BD%D0%B8%D1%81%D1%82%D1%80%D0%B0%D1%86%D0%B8%D0%B8 HTTP/1.1" 200 724
Mon, 14 May 2018 23:03:16 DEBUG    https://api.telegram.org:443 "GET /bot597935817:AAGAbCwCGnHD7yqsGLbPKXj1pNn-NaD8bCs/getUpdates?offset=461431811&timeout=20 HTTP/1.1" 200 23
Mon, 14 May 2018 23:03:27 DEBUG    https://api.telegram.org:443 "GET /bot597935817:AAGAbCwCGnHD7yqsGLbPKXj1pNn-NaD8bCs/getUpdates?offset=461431811&timeout=20 HTTP/1.1" 200 397
Mon, 14 May 2018 23:03:27 DEBUG    https://api.telegram.org:443 "POST /bot597935817:AAGAbCwCGnHD7yqsGLbPKXj1pNn-NaD8bCs/sendMessage?chat_id=562036772&text=%D0%92%D0%B0%D1%88+%D1%81%D1%82%D0%B0%D1%82%D1%83%D1%81%3A+%D0%92%D1%8B+%D0%B7%D0%B0%D1%80%D0%B5%D0%B3%D0%B8%D1%81%D1%82%D1%80%D0%B8%D1%80%D0%BE%D0%B2%D0%B0%D0%BD%D1%8B+%D0%BA%D0%B0%D0%BA+%D0%BF%D0%BE%D0%BB%D1%8C%D0%B7%D0%BE%D0%B2%D0%B0%D1%82%D0%B5%D0%BB%D1%8C HTTP/1.1" 200 522
Mon, 14 May 2018 23:03:47 DEBUG    https://api.telegram.org:443 "GET /bot597935817:AAGAbCwCGnHD7yqsGLbPKXj1pNn-NaD8bCs/getUpdates?offset=461431812&timeout=20 HTTP/1.1" 200 23
Mon, 14 May 2018 23:04:08 DEBUG    https://api.telegram.org:443 "GET /bot597935817:AAGAbCwCGnHD7yqsGLbPKXj1pNn-NaD8bCs/getUpdates?offset=461431812&timeout=20 HTTP/1.1" 200 23
Mon, 14 May 2018 23:04:28 DEBUG    https://api.telegram.org:443 "GET /bot597935817:AAGAbCwCGnHD7yqsGLbPKXj1pNn-NaD8bCs/getUpdates?offset=461431812&timeout=20 HTTP/1.1" 200 23
Mon, 14 May 2018 23:04:48 DEBUG    https://api.telegram.org:443 "GET /bot597935817:AAGAbCwCGnHD7yqsGLbPKXj1pNn-NaD8bCs/getUpdates?offset=461431812&timeout=20 HTTP/1.1" 200 23
Mon, 14 May 2018 23:05:08 DEBUG    https://api.telegram.org:443 "GET /bot597935817:AAGAbCwCGnHD7yqsGLbPKXj1pNn-NaD8bCs/getUpdates?offset=461431812&timeout=20 HTTP/1.1" 200 23
Mon, 14 May 2018 23:05:28 DEBUG    https://api.telegram.org:443 "GET /bot597935817:AAGAbCwCGnHD7yqsGLbPKXj1pNn-NaD8bCs/getUpdates?offset=461431812&timeout=20 HTTP/1.1" 200 23
Mon, 14 May 2018 23:05:48 DEBUG    https://api.telegram.org:443 "GET /bot597935817:AAGAbCwCGnHD7yqsGLbPKXj1pNn-NaD8bCs/getUpdates?offset=461431812&timeout=20 HTTP/1.1" 200 23
Mon, 14 May 2018 23:06:08 DEBUG    https://api.telegram.org:443 "GET /bot597935817:AAGAbCwCGnHD7yqsGLbPKXj1pNn-NaD8bCs/getUpdates?offset=461431812&timeout=20 HTTP/1.1" 200 397
Mon, 14 May 2018 23:06:08 DEBUG    https://api.telegram.org:443 "POST /bot597935817:AAGAbCwCGnHD7yqsGLbPKXj1pNn-NaD8bCs/sendMessage?chat_id=562036772&text=%D0%92%D1%8B+%D0%B2%D0%B2%D0%B5%D0%BB%D0%B8+%D0%BA%D0%BE%D0%BC%D0%B0%D0%BD%D0%B4%D1%83+%D0%B4%D0%BB%D1%8F+%D0%BF%D0%BE%D0%BB%D1%83%D1%87%D0%B5%D0%BD%D0%B8%D1%8F+%D0%BF%D1%80%D0%B0%D0%B2+%D0%90%D0%B4%D0%BC%D0%B8%D0%BD%D0%B0+ HTTP/1.1" 200 486
Mon, 14 May 2018 23:06:08 DEBUG    https://api.telegram.org:443 "POST /bot597935817:AAGAbCwCGnHD7yqsGLbPKXj1pNn-NaD8bCs/sendMessage?chat_id=562036772&text=%D0%92%D0%B2%D0%B5%D0%B4%D0%B8%D1%82%D0%B5+%D0%BF%D0%B0%D1%80%D0%BE%D0%BB%D1%8C%3A HTTP/1.1" 200 344
Mon, 14 May 2018 23:06:19 DEBUG    https://api.telegram.org:443 "GET /bot597935817:AAGAbCwCGnHD7yqsGLbPKXj1pNn-NaD8bCs/getUpdates?offset=461431813&timeout=20 HTTP/1.1" 200 429
Mon, 14 May 2018 23:06:19 DEBUG    https://api.telegram.org:443 "POST /bot597935817:AAGAbCwCGnHD7yqsGLbPKXj1pNn-NaD8bCs/sendMessage?chat_id=562036772&text=%D0%A2%D0%B5%D0%BF%D0%B5%D1%80%D1%8C+%D0%B2%D1%8B+%D0%B7%D0%B0%D1%80%D0%B5%D0%B3%D0%B8%D1%81%D1%82%D1%80%D0%B8%D1%80%D0%BE%D0%B2%D0%B0%D0%BD%D1%8B+%D0%BA%D0%B0%D0%BA+%D0%90%D0%B4%D0%BC%D0%B8%D0%BD+%D0%B8+%D0%BC%D0%BE%D0%B6%D0%B5%D1%82%D0%B5+%D0%BF%D0%BE%D0%BB%D1%8C%D0%B7%D0%BE%D0%B2%D0%B0%D1%82%D1%8C%D1%81%D1%8F+%D0%BF%D1%80%D0%B8%D0%B2%D0%B5%D0%B8%D0%BB%D0%B5%D0%B3%D0%B8%D1%8F%D0%BC%D0%B8+%D1%8D%D1%82%D0%BE%D0%B3%D0%BE+%D1%81%D1%82%D0%B0%D1%82%D1%83%D1%81%D0%B0 HTTP/1.1" 200 730
Mon, 14 May 2018 23:06:39 DEBUG    https://api.telegram.org:443 "GET /bot597935817:AAGAbCwCGnHD7yqsGLbPKXj1pNn-NaD8bCs/getUpdates?offset=461431814&timeout=20 HTTP/1.1" 200 23
Mon, 14 May 2018 23:06:47 DEBUG    https://api.telegram.org:443 "GET /bot597935817:AAGAbCwCGnHD7yqsGLbPKXj1pNn-NaD8bCs/getUpdates?offset=461431814&timeout=20 HTTP/1.1" 200 397
Mon, 14 May 2018 23:06:47 DEBUG    https://api.telegram.org:443 "POST /bot597935817:AAGAbCwCGnHD7yqsGLbPKXj1pNn-NaD8bCs/sendMessage?chat_id=562036772&text=%D0%92%D0%B0%D1%88+%D1%81%D1%82%D0%B0%D1%82%D1%83%D1%81%3A+%D0%92%D1%8B+%D0%B7%D0%B0%D1%80%D0%B5%D0%B3%D0%B8%D1%81%D1%82%D1%80%D0%B8%D1%80%D0%BE%D0%B2%D0%B0%D0%BD%D1%8B+%D0%BA%D0%B0%D0%BA+%D0%90%D0%B4%D0%BC%D0%B8%D0%BD HTTP/1.1" 200 480
Mon, 14 May 2018 23:07:07 DEBUG    https://api.telegram.org:443 "GET /bot597935817:AAGAbCwCGnHD7yqsGLbPKXj1pNn-NaD8bCs/getUpdates?offset=461431815&timeout=20 HTTP/1.1" 200 23
Mon, 14 May 2018 23:07:27 DEBUG    https://api.telegram.org:443 "GET /bot597935817:AAGAbCwCGnHD7yqsGLbPKXj1pNn-NaD8bCs/getUpdates?offset=461431815&timeout=20 HTTP/1.1" 200 23
Mon, 14 May 2018 23:07:48 DEBUG    https://api.telegram.org:443 "GET /bot597935817:AAGAbCwCGnHD7yqsGLbPKXj1pNn-NaD8bCs/getUpdates?offset=461431815&timeout=20 HTTP/1.1" 200 23
Mon, 14 May 2018 23:08:08 DEBUG    https://api.telegram.org:443 "GET /bot597935817:AAGAbCwCGnHD7yqsGLbPKXj1pNn-NaD8bCs/getUpdates?offset=461431815&timeout=20 HTTP/1.1" 200 23
Mon, 14 May 2018 23:08:28 DEBUG    https://api.telegram.org:443 "GET /bot597935817:AAGAbCwCGnHD7yqsGLbPKXj1pNn-NaD8bCs/getUpdates?offset=461431815&timeout=20 HTTP/1.1" 200 23
Mon, 14 May 2018 23:08:48 DEBUG    https://api.telegram.org:443 "GET /bot597935817:AAGAbCwCGnHD7yqsGLbPKXj1pNn-NaD8bCs/getUpdates?offset=461431815&timeout=20 HTTP/1.1" 200 23
Mon, 14 May 2018 23:09:09 DEBUG    https://api.telegram.org:443 "GET /bot597935817:AAGAbCwCGnHD7yqsGLbPKXj1pNn-NaD8bCs/getUpdates?offset=461431815&timeout=20 HTTP/1.1" 200 23
Mon, 14 May 2018 23:09:29 DEBUG    https://api.telegram.org:443 "GET /bot597935817:AAGAbCwCGnHD7yqsGLbPKXj1pNn-NaD8bCs/getUpdates?offset=461431815&timeout=20 HTTP/1.1" 200 23
Mon, 14 May 2018 23:09:50 DEBUG    https://api.telegram.org:443 "GET /bot597935817:AAGAbCwCGnHD7yqsGLbPKXj1pNn-NaD8bCs/getUpdates?offset=461431815&timeout=20 HTTP/1.1" 200 23
Tue, 15 May 2018 00:01:08 DEBUG    Starting new HTTPS connection (1): api.telegram.org
Tue, 15 May 2018 00:01:09 DEBUG    https://api.telegram.org:443 "POST /bot597935817:AAGAbCwCGnHD7yqsGLbPKXj1pNn-NaD8bCs/sendMessage?chat_id=562036772&text=%D0%92%D0%B0%D1%81+%D0%BF%D1%80%D0%B8%D0%B2%D0%B5%D1%82%D1%81%D1%82%D0%B2%D1%83%D0%B5%D1%82+%D0%B1%D0%BE%D1%82+DigitalCitizen%2C+%D0%B7%D0%B4%D0%B5%D1%81%D1%8C+%D0%B2%D1%8B+%D0%BC%D0%BE%D0%B6%D0%B5%D1%82%D0%B5+%D0%BF%D0%BE%D0%B4%D0%B0%D1%82%D1%8C+%D0%B2%D0%B0%D1%88%D1%83+%D0%B6%D0%B0%D0%BB%D0%BE%D0%B1%D1%83 HTTP/1.1" 200 570
Tue, 15 May 2018 00:01:09 DEBUG    https://api.telegram.org:443 "POST /bot597935817:AAGAbCwCGnHD7yqsGLbPKXj1pNn-NaD8bCs/sendMessage?chat_id=562036772&text=Whats+your+name%3F HTTP/1.1" 200 280
Tue, 15 May 2018 00:01:27 DEBUG    Starting new HTTPS connection (1): api.telegram.org
Tue, 15 May 2018 00:01:27 DEBUG    https://api.telegram.org:443 "POST /bot597935817:AAGAbCwCGnHD7yqsGLbPKXj1pNn-NaD8bCs/sendMessage?chat_id=562036772&text=%D0%92%D0%B0%D1%81+%D0%BF%D1%80%D0%B8%D0%B2%D0%B5%D1%82%D1%81%D1%82%D0%B2%D1%83%D0%B5%D1%82+%D0%B1%D0%BE%D1%82+DigitalCitizen%2C+%D0%B7%D0%B4%D0%B5%D1%81%D1%8C+%D0%B2%D1%8B+%D0%BC%D0%BE%D0%B6%D0%B5%D1%82%D0%B5+%D0%BF%D0%BE%D0%B4%D0%B0%D1%82%D1%8C+%D0%B2%D0%B0%D1%88%D1%83+%D0%B6%D0%B0%D0%BB%D0%BE%D0%B1%D1%83 HTTP/1.1" 200 570
Tue, 15 May 2018 00:01:27 DEBUG    https://api.telegram.org:443 "POST /bot597935817:AAGAbCwCGnHD7yqsGLbPKXj1pNn-NaD8bCs/sendMessage?chat_id=562036772&text=Whats+your+name%3F HTTP/1.1" 200 280
Tue, 15 May 2018 00:01:49 DEBUG    https://api.telegram.org:443 "GET /bot597935817:AAGAbCwCGnHD7yqsGLbPKXj1pNn-NaD8bCs/getUpdates?offset=461431822&timeout=20 HTTP/1.1" 200 23
Tue, 15 May 2018 00:01:52 DEBUG    https://api.telegram.org:443 "GET /bot597935817:AAGAbCwCGnHD7yqsGLbPKXj1pNn-NaD8bCs/getUpdates?offset=461431822&timeout=20 HTTP/1.1" 200 396
Tue, 15 May 2018 00:01:55 DEBUG    https://api.telegram.org:443 "POST /bot597935817:AAGAbCwCGnHD7yqsGLbPKXj1pNn-NaD8bCs/sendMessage?chat_id=562036772&text=Write+your+addres+and+city HTTP/1.1" 200 290
Tue, 15 May 2018 00:02:19 DEBUG    https://api.telegram.org:443 "POST /bot597935817:AAGAbCwCGnHD7yqsGLbPKXj1pNn-NaD8bCs/sendMessage?chat_id=562036772&text=%D0%92%D0%B0%D1%81+%D0%BF%D1%80%D0%B8%D0%B2%D0%B5%D1%82%D1%81%D1%82%D0%B2%D1%83%D0%B5%D1%82+%D0%B1%D0%BE%D1%82+DigitalCitizen%2C+%D0%B7%D0%B4%D0%B5%D1%81%D1%8C+%D0%B2%D1%8B+%D0%BC%D0%BE%D0%B6%D0%B5%D1%82%D0%B5+%D0%BF%D0%BE%D0%B4%D0%B0%D1%82%D1%8C+%D0%B2%D0%B0%D1%88%D1%83+%D0%B6%D0%B0%D0%BB%D0%BE%D0%B1%D1%83 HTTP/1.1" 200 570
Tue, 15 May 2018 00:02:20 DEBUG    https://api.telegram.org:443 "POST /bot597935817:AAGAbCwCGnHD7yqsGLbPKXj1pNn-NaD8bCs/sendMessage?chat_id=562036772&text=Whats+your+name%3F HTTP/1.1" 200 280
Tue, 15 May 2018 00:02:39 DEBUG    https://api.telegram.org:443 "GET /bot597935817:AAGAbCwCGnHD7yqsGLbPKXj1pNn-NaD8bCs/getUpdates?offset=461431825&timeout=20 HTTP/1.1" 200 23
Tue, 15 May 2018 00:03:00 DEBUG    https://api.telegram.org:443 "GET /bot597935817:AAGAbCwCGnHD7yqsGLbPKXj1pNn-NaD8bCs/getUpdates?offset=461431825&timeout=20 HTTP/1.1" 200 23
Tue, 15 May 2018 00:03:22 DEBUG    https://api.telegram.org:443 "GET /bot597935817:AAGAbCwCGnHD7yqsGLbPKXj1pNn-NaD8bCs/getUpdates?offset=461431825&timeout=20 HTTP/1.1" 200 23
Tue, 15 May 2018 00:03:26 DEBUG    https://api.telegram.org:443 "GET /bot597935817:AAGAbCwCGnHD7yqsGLbPKXj1pNn-NaD8bCs/getUpdates?offset=461431825&timeout=20 HTTP/1.1" 409 143
Tue, 15 May 2018 00:03:26 ERROR    ApiException occurred, args=('A request to the Telegram API was unsuccessful. The server returned HTTP 409 Conflict. Response body:\n[b\'{"ok":false,"error_code":409,"description":"Conflict: terminated by other getUpdates request; make sure that only one bot instance is running"}\']',)
Traceback (most recent call last):
  File "C:\Users\Пользователь\Documents\GitHub\python\Дз по python\Дз8\ТЗ\venv\lib\site-packages\telebot\util.py", line 59, in run
    task(*args, **kwargs)
  File "C:\Users\Пользователь\Documents\GitHub\python\Дз по python\Дз8\ТЗ\venv\lib\site-packages\telebot\__init__.py", line 158, in __retrieve_updates
    updates = self.get_updates(offset=(self.last_update_id + 1), timeout=timeout)
  File "C:\Users\Пользователь\Documents\GitHub\python\Дз по python\Дз8\ТЗ\venv\lib\site-packages\telebot\__init__.py", line 128, in get_updates
    json_updates = apihelper.get_updates(self.token, offset, limit, timeout, allowed_updates)
  File "C:\Users\Пользователь\Documents\GitHub\python\Дз по python\Дз8\ТЗ\venv\lib\site-packages\telebot\apihelper.py", line 180, in get_updates
    return _make_request(token, method_url, params=payload)
  File "C:\Users\Пользователь\Documents\GitHub\python\Дз по python\Дз8\ТЗ\venv\lib\site-packages\telebot\apihelper.py", line 56, in _make_request
    return _check_result(method_name, result)['result']
  File "C:\Users\Пользователь\Documents\GitHub\python\Дз по python\Дз8\ТЗ\venv\lib\site-packages\telebot\apihelper.py", line 75, in _check_result
    raise ApiException(msg, method_name, result)
telebot.apihelper.ApiException: A request to the Telegram API was unsuccessful. The server returned HTTP 409 Conflict. Response body:
[b'{"ok":false,"error_code":409,"description":"Conflict: terminated by other getUpdates request; make sure that only one bot instance is running"}']

Tue, 15 May 2018 00:03:26 ERROR    A request to the Telegram API was unsuccessful. The server returned HTTP 409 Conflict. Response body:
[b'{"ok":false,"error_code":409,"description":"Conflict: terminated by other getUpdates request; make sure that only one bot instance is running"}']
Tue, 15 May 2018 00:03:46 DEBUG    https://api.telegram.org:443 "GET /bot597935817:AAGAbCwCGnHD7yqsGLbPKXj1pNn-NaD8bCs/getUpdates?offset=461431825&timeout=20 HTTP/1.1" 200 23
Tue, 15 May 2018 00:04:06 DEBUG    https://api.telegram.org:443 "GET /bot597935817:AAGAbCwCGnHD7yqsGLbPKXj1pNn-NaD8bCs/getUpdates?offset=461431825&timeout=20 HTTP/1.1" 200 23
Tue, 15 May 2018 00:04:27 DEBUG    https://api.telegram.org:443 "GET /bot597935817:AAGAbCwCGnHD7yqsGLbPKXj1pNn-NaD8bCs/getUpdates?offset=461431825&timeout=20 HTTP/1.1" 200 23
Tue, 15 May 2018 00:04:48 DEBUG    https://api.telegram.org:443 "GET /bot597935817:AAGAbCwCGnHD7yqsGLbPKXj1pNn-NaD8bCs/getUpdates?offset=461431825&timeout=20 HTTP/1.1" 200 23
Tue, 15 May 2018 00:05:09 DEBUG    https://api.telegram.org:443 "GET /bot597935817:AAGAbCwCGnHD7yqsGLbPKXj1pNn-NaD8bCs/getUpdates?offset=461431825&timeout=20 HTTP/1.1" 200 23
Tue, 15 May 2018 00:05:29 DEBUG    https://api.telegram.org:443 "GET /bot597935817:AAGAbCwCGnHD7yqsGLbPKXj1pNn-NaD8bCs/getUpdates?offset=461431825&timeout=20 HTTP/1.1" 200 23
Tue, 15 May 2018 00:05:50 DEBUG    https://api.telegram.org:443 "GET /bot597935817:AAGAbCwCGnHD7yqsGLbPKXj1pNn-NaD8bCs/getUpdates?offset=461431825&timeout=20 HTTP/1.1" 200 23
